-- MySQL dump 10.13  Distrib 8.0.22, for Linux (x86_64)
--
-- Host: localhost    Database: unigvacrmp
-- ------------------------------------------------------
-- Server version	8.0.22-0ubuntu0.20.04.3

/*!40101 SET @OLD_CHARACTER_SET_CLIENT=@@CHARACTER_SET_CLIENT */;
/*!40101 SET @OLD_CHARACTER_SET_RESULTS=@@CHARACTER_SET_RESULTS */;
/*!40101 SET @OLD_COLLATION_CONNECTION=@@COLLATION_CONNECTION */;
/*!50503 SET NAMES utf8mb4 */;
/*!40103 SET @OLD_TIME_ZONE=@@TIME_ZONE */;
/*!40103 SET TIME_ZONE='+00:00' */;
/*!40014 SET @OLD_UNIQUE_CHECKS=@@UNIQUE_CHECKS, UNIQUE_CHECKS=0 */;
/*!40014 SET @OLD_FOREIGN_KEY_CHECKS=@@FOREIGN_KEY_CHECKS, FOREIGN_KEY_CHECKS=0 */;
/*!40101 SET @OLD_SQL_MODE=@@SQL_MODE, SQL_MODE='NO_AUTO_VALUE_ON_ZERO' */;
/*!40111 SET @OLD_SQL_NOTES=@@SQL_NOTES, SQL_NOTES=0 */;

--
-- Table structure for table `accounts`
--

DROP TABLE IF EXISTS `accounts`;
/*!40101 SET @saved_cs_client     = @@character_set_client */;
/*!50503 SET character_set_client = utf8mb4 */;
CREATE TABLE `accounts` (
  `pID` int NOT NULL AUTO_INCREMENT,
  `pName` varchar(26) NOT NULL DEFAULT 'None',
  `pKey` varchar(128) NOT NULL DEFAULT '0',
  `pPinCode` int NOT NULL DEFAULT '0',
  `pSex` int NOT NULL DEFAULT '1',
  `pChar` int NOT NULL DEFAULT '14',
  `pCash` int NOT NULL DEFAULT '0',
  `pBCash` int NOT NULL DEFAULT '0',
  `pEmail` varchar(42) NOT NULL DEFAULT 'null',
  `pDateReg` date NOT NULL,
  `pRegIP` varchar(20) NOT NULL DEFAULT '127.0.0.1',
  `pLVL` int NOT NULL DEFAULT '1',
  `pReferal` varchar(26) NOT NULL DEFAULT 'None',
  `pMember` int NOT NULL DEFAULT '0',
  `pModel` int NOT NULL DEFAULT '14',
  `pRang` int NOT NULL DEFAULT '0',
  `pWarnF` int NOT NULL DEFAULT '0',
  `pWarnA` int NOT NULL DEFAULT '0',
  `bAdmin` int NOT NULL DEFAULT '0',
  `pJob` int NOT NULL DEFAULT '0',
  `pVIP` int NOT NULL DEFAULT '0',
  `pExp` int NOT NULL DEFAULT '0',
  `bJail` int NOT NULL DEFAULT '0',
  `bMute` int NOT NULL DEFAULT '0',
  `pJail` int NOT NULL DEFAULT '-1',
  `pMute` int NOT NULL DEFAULT '-1',
  `pLastX` float NOT NULL DEFAULT '0',
  `pLastY` float NOT NULL DEFAULT '0',
  `pLastZ` float NOT NULL DEFAULT '0',
  `bOffJail` int NOT NULL DEFAULT '0',
  `bOffMute` int NOT NULL DEFAULT '0',
  `bBan` int NOT NULL DEFAULT '0',
  `bWarn` int NOT NULL DEFAULT '0',
  `bOffBan` int NOT NULL DEFAULT '0',
  `bOffWarn` int NOT NULL DEFAULT '0',
  `pJailOffMess` varchar(256) NOT NULL DEFAULT 'None',
  `pMuteOffMess` varchar(256) NOT NULL DEFAULT 'None',
  `pBizOffMess` varchar(144) NOT NULL DEFAULT 'None',
  `pHouseOffMess` varchar(144) NOT NULL DEFAULT 'None',
  `pKvartOffMess` varchar(144) DEFAULT 'None',
  `pWarn` int NOT NULL DEFAULT '0',
  `bUnBan` int NOT NULL DEFAULT '0',
  `bUnWarn` int NOT NULL DEFAULT '0',
  `pFSkin` int NOT NULL DEFAULT '1',
  `bYoutube` int NOT NULL DEFAULT '0',
  `pHP` float NOT NULL DEFAULT '100',
  `pARM` float NOT NULL DEFAULT '0',
  `pTruckLVL` int NOT NULL DEFAULT '0',
  `pTruckEXP` int NOT NULL DEFAULT '0',
  `pLastIP` varchar(50) NOT NULL DEFAULT '127.0.0.1',
  `pLastConnect` varchar(50) NOT NULL DEFAULT '23.12.2005 -- 00:00:00',
  `pLicA` int NOT NULL DEFAULT '0',
  `pLicB` int NOT NULL DEFAULT '0',
  `pLicC` int NOT NULL DEFAULT '0',
  `pLicD` int NOT NULL DEFAULT '0',
  `pZakon` int NOT NULL DEFAULT '0',
  `pOffUninviteMess` varchar(144) NOT NULL DEFAULT 'None',
  `pLogo` int NOT NULL DEFAULT '0',
  `pGun` varchar(56) NOT NULL DEFAULT '0,0,0,0,0,0,0,0,0,0,0,0,0',
  `pAmmo` varchar(56) NOT NULL DEFAULT '0,0,0,0,0,0,0,0,0,0,0,0,0',
  `pTipster` int NOT NULL DEFAULT '0',
  `pJobTipster` int NOT NULL DEFAULT '0',
  `pPhoneNumber` int NOT NULL DEFAULT '0',
  `pPhone` int NOT NULL DEFAULT '0',
  `pPhoneCash` int NOT NULL DEFAULT '0',
  `pKPZ` int NOT NULL DEFAULT '-1',
  `pWANTED` int NOT NULL DEFAULT '0',
  `pJP` int NOT NULL DEFAULT '0',
  `pHOSPITAL` int NOT NULL DEFAULT '0',
  `pMetall` int NOT NULL DEFAULT '0',
  `pPatr` int NOT NULL DEFAULT '0',
  `pDrugs` int NOT NULL DEFAULT '0',
  `pLicBiz` int NOT NULL DEFAULT '0',
  `pLicFly` int NOT NULL DEFAULT '0',
  `pLicGun` int NOT NULL DEFAULT '0',
  `pVoen` int NOT NULL DEFAULT '0',
  `pVoenEXP` int NOT NULL DEFAULT '0',
  `R_9MM` int NOT NULL DEFAULT '0',
  `R_USP` int NOT NULL DEFAULT '0',
  `R_DEAGLE` int NOT NULL DEFAULT '0',
  `R_TEK9` int NOT NULL DEFAULT '0',
  `R_USI` int NOT NULL DEFAULT '0',
  `R_MP5` int NOT NULL DEFAULT '0',
  `R_SHOTGUN` int NOT NULL DEFAULT '0',
  `R_SAWED_OF` int NOT NULL DEFAULT '0',
  `R_FIGHT_SHOTGUN` int NOT NULL DEFAULT '0',
  `R_AK47` int NOT NULL DEFAULT '0',
  `R_M4` int NOT NULL DEFAULT '0',
  `R_COUNTRY_RIFLE` int NOT NULL DEFAULT '0',
  `R_SNIPER_RIFLE` int NOT NULL DEFAULT '0',
  `R_SMOKE` int NOT NULL DEFAULT '0',
  `R_GRENADE` int NOT NULL DEFAULT '0',
  `R_MOLOTOV` int NOT NULL DEFAULT '0',
  `pLomka` int NOT NULL DEFAULT '0',
  `pBizID` int NOT NULL DEFAULT '-1',
  `pCarID` int NOT NULL DEFAULT '-1',
  `pHomeID` int NOT NULL DEFAULT '-1',
  `pPodID` int NOT NULL DEFAULT '-1',
  `pKvartID` int NOT NULL DEFAULT '-1',
  `pNeeds` varchar(30) NOT NULL DEFAULT '100,100,100,100',
  `pMask` int NOT NULL DEFAULT '0',
  `pHeal` int NOT NULL DEFAULT '0',
  `pPepsi` int NOT NULL DEFAULT '0',
  `pBackPack` int NOT NULL DEFAULT '0',
  `pSmoke` int NOT NULL DEFAULT '0',
  `pBeer` int NOT NULL DEFAULT '0',
  `pLighter` int NOT NULL DEFAULT '0',
  `pChips` int NOT NULL DEFAULT '0',
  `pFines` int NOT NULL DEFAULT '1',
  `pSumFines` int NOT NULL DEFAULT '10',
  `pFamID` int NOT NULL DEFAULT '-1',
  `pFamRang` int NOT NULL DEFAULT '0',
  `pFAMoffuninvite` varchar(144) NOT NULL DEFAULT 'None',
  `pTelegramId` int NOT NULL DEFAULT '0',
  `pDonate` int NOT NULL DEFAULT '0',
  `pSkills` varchar(144) NOT NULL DEFAULT '0,0,0,0,0,0',
  `bDeveloper` tinyint NOT NULL DEFAULT (0),
  `pIsFSB` tinyint NOT NULL DEFAULT (0),
  `pFSBRank` int NOT NULL DEFAULT '0',
  `bAns` int NOT NULL DEFAULT '0',
  PRIMARY KEY (`pID`)
) ENGINE=InnoDB AUTO_INCREMENT=82 DEFAULT CHARSET=utf8;
/*!40101 SET character_set_client = @saved_cs_client */;

--
-- Dumping data for table `accounts`
--

LOCK TABLES `accounts` WRITE;
/*!40000 ALTER TABLE `accounts` DISABLE KEYS */;
INSERT INTO `accounts` VALUES (2,'Huy_Pizdy','e10adc3949ba59abbe56e057f20f883e',0,1,79,400,0,'','2020-03-17','91.193.128.40',1,'None',0,0,0,0,0,0,0,0,0,0,0,-1,-1,0,0,0,0,0,0,0,0,0,'','','None','None','None',0,0,0,0,0,100,0,0,0,'','',0,0,0,0,0,'None',0,'0,0,0,0,0,0,0,0,0,0,0,0,0','0,0,0,0,0,0,0,0,0,0,0,0,0',0,0,0,0,0,-1,0,0,0,0,0,0,0,0,0,0,0,0,0,0,0,0,0,0,0,0,0,0,0,0,0,0,0,0,-1,-1,-1,-1,-1,'100,100,100,100',0,0,0,0,0,0,0,0,1,10,-1,0,'None',0,0,'0, 0, 0, 0, 0, 0',0,0,0,0),(3,'Zalupa_Moshonki','e10adc3949ba59abbe56e057f20f883e',0,1,134,400,0,'','2020-03-17','91.193.128.40',1,'None',0,0,0,0,0,0,0,0,0,0,0,-1,-1,0,0,0,0,0,0,0,0,0,'','','None','None','None',0,0,0,0,0,100,0,0,0,'','',0,0,0,0,0,'None',0,'0,0,0,0,0,0,0,0,0,0,0,0,0','0,0,0,0,0,0,0,0,0,0,0,0,0',0,0,0,0,0,-1,0,0,0,0,0,0,0,0,0,0,0,0,0,0,0,0,0,0,0,0,0,0,0,0,0,0,0,0,-1,-1,-1,-1,-1,'100,100,100,100',0,0,0,0,0,0,0,0,1,10,-1,0,'None',0,0,'0, 0, 0, 0, 0, 0',0,0,0,0),(4,'Zalupa_Moshonk','e10adc3949ba59abbe56e057f20f883e',0,1,79,400,0,'','2020-03-17','91.193.128.40',1,'None',0,0,0,0,0,0,0,0,0,0,0,-1,-1,0,0,0,0,0,0,0,0,0,'','','None','None','None',0,0,0,0,0,100,0,0,0,'','',0,0,0,0,0,'None',0,'0,0,0,0,0,0,0,0,0,0,0,0,0','0,0,0,0,0,0,0,0,0,0,0,0,0',0,0,0,0,0,-1,0,0,0,0,0,0,0,0,0,0,0,0,0,0,0,0,0,0,0,0,0,0,0,0,0,0,0,0,-1,-1,-1,-1,-1,'100,100,100,100',0,0,0,0,0,0,0,0,1,10,-1,0,'None',0,0,'0, 0, 0, 0, 0, 0',0,0,0,0),(5,'Lox_Ebala','e10adc3949ba59abbe56e057f20f883e',0,1,137,10400,0,'','2020-03-17','91.193.128.40',1,'None',0,0,0,0,0,0,0,0,0,0,0,-1,-1,0,0,0,0,0,0,0,0,0,'','','None','None','None',0,0,0,0,0,100,0,0,0,'','',0,0,0,0,0,'None',0,'0,0,0,0,0,0,0,0,0,0,0,0,0','0,0,0,0,0,0,0,0,0,0,0,0,0',0,0,0,0,0,-1,0,0,0,0,0,0,0,0,0,0,0,0,0,0,0,0,0,0,0,0,0,0,0,0,0,0,0,0,-1,-1,-1,-1,-1,'100,100,100,100',0,0,0,0,0,0,0,0,1,10,-1,0,'None',0,0,'0, 0, 0, 0, 0, 0',0,0,0,0),(6,'Dimon_Dobbikov','6e714fab040b72a2853118454edda21a',0,1,137,991007269,1365000,'','2020-03-17','91.193.128.40',5,'None',6,0,10,0,0,0,0,0,13,0,0,-1,-1,143.853,759.885,11.9223,0,0,0,0,0,0,'None','None','None','None','None',0,0,0,122,0,93,0,0,0,'193.176.251.183','12.05.2020 -- 18:47:42',1,1,1,1,10,'None',1,'0,0,24,0,0,31,0,0,0,0,0,0,0','0,0,2000,0,0,1000,0,0,0,0,0,0,0',0,0,0,0,0,-1,0,0,0,12,45,0,1,1,1,0,0,0,0,0,0,0,0,0,0,0,0,0,0,0,0,0,0,0,-1,-1,4,-1,-1,'74,48,61,87',0,0,0,0,1,5,1,3,1,10,-1,0,'None',0,0,'0, 0, 0, 0, 0, 0',0,0,0,0),(7,'Eduard_Dobbikovv','8eae23a69c5b98d912dbcd386d139611',0,2,201,400,0,'','2020-03-18','91.193.128.40',1,'None',0,0,0,0,0,0,0,0,0,0,0,-1,-1,0,0,0,0,0,0,0,0,0,'','','None','None','None',0,0,0,0,0,100,0,0,0,'','',0,0,0,0,0,'None',0,'0,0,0,0,0,0,0,0,0,0,0,0,0','0,0,0,0,0,0,0,0,0,0,0,0,0',0,0,0,0,0,-1,0,0,0,0,0,0,0,0,0,0,0,0,0,0,0,0,0,0,0,0,0,0,0,0,0,0,0,0,-1,-1,-1,-1,-1,'100,100,100,100',0,0,0,0,0,0,0,0,1,10,-1,0,'None',0,0,'0, 0, 0, 0, 0, 0',0,0,0,0),(8,'Otto_Otto','e10adc3949ba59abbe56e057f20f883e',0,1,79,0,0,'','2020-03-19','193.176.251.183',0,'None',0,0,0,0,0,0,0,0,0,0,0,-1,-1,1823.56,2528.69,15.6825,0,0,0,0,1,0,'None','None','None','None','None',0,0,0,0,0,100,0,0,0,'','',0,0,0,0,0,'None',0,'0,0,0,0,0,0,0,0,0,0,0,0,0','0,0,0,0,0,0,0,0,0,0,0,0,0',0,0,0,0,0,-1,0,0,0,0,0,0,0,0,0,0,0,0,0,0,0,0,0,0,0,0,0,0,0,0,0,0,0,0,-1,-1,-1,-1,-1,'100,100,100,100',0,0,0,0,0,0,0,0,1,10,1,3,'None',0,0,'0, 0, 0, 0, 0, 0',0,0,0,0),(9,'Otto_Oto','e10adc3949ba59abbe56e057f20f883e',0,1,137,400,0,'','2020-03-19','193.176.251.183',1,'None',0,0,0,0,0,0,0,0,0,0,0,-1,-1,0,0,0,0,0,0,0,0,0,'','','None','None','None',0,0,0,0,0,100,0,0,0,'','',0,0,0,0,0,'None',0,'0,0,0,0,0,0,0,0,0,0,0,0,0','0,0,0,0,0,0,0,0,0,0,0,0,0',0,0,0,0,0,-1,0,0,0,0,0,0,0,0,0,0,0,0,0,0,0,0,0,0,0,0,0,0,0,0,0,0,0,0,-1,-1,-1,-1,-1,'100,100,100,100',0,0,0,0,0,0,0,0,1,10,-1,0,'None',0,0,'0, 0, 0, 0, 0, 0',0,0,0,0),(10,'Otto_Otot','e10adc3949ba59abbe56e057f20f883e',0,1,239,400,0,'','2020-03-19','193.176.251.183',1,'None',0,0,0,0,0,0,0,0,0,0,0,-1,-1,0,0,0,0,0,0,0,0,0,'','','None','None','None',0,0,0,0,0,100,0,0,0,'','',0,0,0,0,0,'None',0,'0,0,0,0,0,0,0,0,0,0,0,0,0','0,0,0,0,0,0,0,0,0,0,0,0,0',0,0,0,0,0,-1,0,0,0,0,0,0,0,0,0,0,0,0,0,0,0,0,0,0,0,0,0,0,0,0,0,0,0,0,-1,-1,-1,-1,-1,'100,100,100,100',0,0,0,0,0,0,0,0,1,10,-1,0,'None',0,0,'0, 0, 0, 0, 0, 0',0,0,0,0),(11,'Otto_Ototo','e10adc3949ba59abbe56e057f20f883e',0,1,134,400,0,'','2020-03-19','193.176.251.183',1,'None',0,0,0,0,0,0,0,0,0,0,0,-1,-1,0,0,0,0,0,0,0,0,0,'','','None','None','None',0,0,0,0,0,100,0,0,0,'','',0,0,0,0,0,'None',0,'0,0,0,0,0,0,0,0,0,0,0,0,0','0,0,0,0,0,0,0,0,0,0,0,0,0',0,0,0,0,0,-1,0,0,0,0,0,0,0,0,0,0,0,0,0,0,0,0,0,0,0,0,0,0,0,0,0,0,0,0,-1,-1,-1,-1,-1,'100,100,100,100',0,0,0,0,0,0,0,0,1,10,-1,0,'None',0,0,'0, 0, 0, 0, 0, 0',0,0,0,0),(12,'Otto_Ototot','e10adc3949ba59abbe56e057f20f883e',0,1,239,6400,0,'','2020-03-19','193.176.251.183',7,'Eduard_Dobbikov',0,0,0,0,0,0,0,0,0,0,0,-1,-1,0,0,0,0,0,0,0,0,0,'','','None','None','None',0,0,0,0,0,100,0,0,0,'','',0,0,0,0,0,'None',0,'0,0,0,0,0,0,0,0,0,0,0,0,0','0,0,0,0,0,0,0,0,0,0,0,0,0',0,0,0,0,0,-1,0,0,0,0,0,0,0,0,0,0,0,0,0,0,0,0,0,0,0,0,0,0,0,0,0,0,0,0,-1,-1,-1,-1,-1,'100,100,100,100',0,0,0,0,0,0,0,0,1,10,-1,0,'None',0,0,'0, 0, 0, 0, 0, 0',0,0,0,0),(13,'Zalupa_Dimy','e10adc3949ba59abbe56e057f20f883e',0,1,134,400,0,'','2020-03-23','91.193.128.40',1,'None',0,0,0,0,0,0,0,0,0,0,0,-1,-1,0,0,0,0,0,0,0,0,0,'','','None','None','None',0,0,0,0,0,100,0,0,0,'','',0,0,0,0,0,'None',0,'0,0,0,0,0,0,0,0,0,0,0,0,0','0,0,0,0,0,0,0,0,0,0,0,0,0',0,0,0,0,0,-1,0,0,0,0,0,0,0,0,0,0,0,0,0,0,0,0,0,0,0,0,0,0,0,0,0,0,0,0,-1,-1,-1,-1,-1,'100,100,100,100',0,0,0,0,0,0,0,0,1,10,-1,0,'None',0,0,'0, 0, 0, 0, 0, 0',0,0,0,0),(14,'A_a','e10adc3949ba59abbe56e057f20f883e',0,0,137,0,0,'','2020-03-25','91.193.128.40',1,'None',0,0,0,0,0,0,0,0,2,0,0,-1,0,1814.93,2519.66,15.6639,0,0,0,0,0,0,'None','None','None','None','None',0,0,0,-1,0,100,0,0,0,'80.93.123.53','9.04.2020 -- 0:35:46',0,0,0,0,0,'Мэр Eduard_Dobbikov уволил вас из организации Администрация Посёлка offline. Причина: 3 Выговора',0,'0,0,0,0,0,0,0,0,0,0,0,0,0','0,0,0,0,0,0,0,0,0,0,0,0,0',0,0,0,0,0,-1,0,0,0,0,0,0,0,0,0,0,0,0,0,0,0,0,0,0,0,0,0,0,0,0,0,0,0,0,-1,-1,-1,-1,-1,'100,100,100,100',0,0,0,0,0,0,0,0,1,10,-1,0,'None',0,0,'0, 0, 0, 0, 0, 0',0,0,0,0),(16,'Moshonka_Dimy','e10adc3949ba59abbe56e057f20f883e',0,1,134,400,0,'','2020-03-27','80.93.123.53',1,'Eduard_Dobbikov',0,0,0,0,0,0,0,0,0,0,3,-1,-1,1798.71,2498.3,18.6472,3,3,0,0,0,0,'None','None','None','None','None',0,0,0,0,0,100,0,0,0,'','',0,0,0,0,0,'None',0,'0,0,0,0,0,0,0,0,0,0,0,0,0','0,0,0,0,0,0,0,0,0,0,0,0,0',0,0,0,0,0,-1,0,0,0,0,0,0,0,0,0,0,0,0,0,0,0,0,0,0,0,0,0,0,0,0,0,0,0,0,-1,-1,-1,-1,-1,'100,100,100,100',0,0,0,0,0,0,0,0,1,10,-1,0,'None',0,0,'0, 0, 0, 0, 0, 0',0,0,0,0),(17,'Aleksei_Naumov','d7ef3364a49eed6d959aff211282ceb1',0,1,79,640,0,'','2020-03-30','217.19.211.110',1,'None',0,0,0,0,0,0,0,0,0,0,1,0,5614,1827.09,-656.953,12.0009,0,0,0,0,0,0,'None','None','None','None','None',0,0,0,0,0,100,0,0,0,'','',0,0,0,0,0,'None',0,'0,0,0,0,0,0,0,0,0,0,0,0,0','0,0,0,0,0,0,0,0,0,0,0,0,0',0,0,0,0,0,-1,0,0,0,0,0,0,0,0,0,0,0,0,0,0,0,0,0,0,0,0,0,0,0,0,0,0,0,0,-1,-1,-1,-1,-1,'100,100,100,100',0,0,0,0,0,0,0,0,1,10,-1,0,'None',0,0,'0, 0, 0, 0, 0, 0',0,0,0,0),(18,'Bin_Coops','4297f44b13955235245b2497399d7a93',0,1,21,400,0,'','2020-04-04','194.190.80.10',1,'None',0,0,0,0,0,0,0,0,0,0,0,-1,-1,0,0,2.00502,0,0,0,0,0,0,'None','None','None','None','None',0,0,0,0,0,100,0,0,0,'194.190.80.10','4.04.2020 -- 14:10:37',0,0,0,0,0,'None',0,'0,0,0,0,0,0,0,0,0,0,0,0,0','0,0,0,0,0,0,0,0,0,0,0,0,0',0,0,0,0,0,-1,0,0,0,0,0,0,0,0,0,0,0,0,0,0,0,0,0,0,0,0,0,0,0,0,0,0,0,0,-1,-1,-1,-1,-1,'100,100,100,100',0,0,0,0,0,0,0,0,1,10,-1,0,'None',0,0,'0, 0, 0, 0, 0, 0',0,0,0,0),(19,'Bin_Benson','8ca66bb49b9b327069fe134e9978d6fd',0,1,21,1100,35000,'','2020-04-04','194.190.80.10',10,'None',0,0,0,0,0,0,3,0,2,0,0,-1,-1,1967.94,1942.36,15.576,0,0,0,0,0,0,'None','None','None','None','None',0,0,0,0,0,93,0,0,0,'194.190.80.10','4.04.2020 -- 16:04:22',1,1,1,0,0,'None',0,'0,0,0,0,0,0,0,0,0,0,0,0,0','0,0,0,0,0,0,0,0,0,0,0,0,0',0,0,0,0,0,-1,0,0,0,0,0,0,0,0,0,0,0,0,0,0,0,0,0,0,0,0,0,0,0,0,0,0,0,0,-1,-1,-1,-1,-1,'100,100,100,100',0,0,0,0,0,0,0,0,1,10,-1,0,'None',0,0,'0, 0, 0, 0, 0, 0',0,0,0,0),(20,'Matt_Berkutov','43ce7e01a3d676c362faefbbb40f3b18',0,1,14,44200,83000,'','2020-04-11','45.151.239.3',7,'None',0,0,0,0,0,0,0,0,4,0,0,-1,-1,2782.17,1820.69,14.7068,0,0,0,0,0,0,'None','None','None','None','None',0,0,0,-1,1,98,0,0,0,'45.151.239.3','11.04.2020 -- 17:01:43',1,1,1,0,17,'None',0,'0,0,24,0,0,0,0,0,0,0,0,0,0','0,0,3852,0,0,0,0,0,0,0,0,0,0',0,0,0,0,0,-1,0,0,0,0,0,0,0,0,0,0,0,0,0,0,0,0,0,0,0,0,0,0,0,0,0,0,0,0,-1,-1,-1,-1,-1,'100,100,100,100',0,0,0,0,0,0,0,0,1,10,-1,0,'None',0,0,'0, 0, 0, 0, 0, 0',0,0,0,0),(21,'Vlad_Tolstyh','f5bb0c8de146c67b44babbf4e6584cc0',0,1,294,9856300,296220,'','2020-04-12','31.132.178.134',10,'Eduard_Dobbikov',5,0,10,0,0,0,0,0,16,0,1,-1,-1,2500.14,-967.278,2.94762,0,0,0,0,0,0,'None','None','None','None','None',0,0,0,122,1,95,0,0,1,'31.132.178.134','25.04.2020 -- 0:03:48',1,1,1,1,9,'',1,'0,0,0,0,0,0,0,0,0,0,0,0,0','0,0,0,0,0,0,0,0,0,0,0,0,0',0,0,0,0,0,-1,0,0,0,0,48,0,1,1,1,0,0,1,1,0,0,0,0,0,0,0,0,0,0,0,0,0,0,0,-1,-1,-1,-1,-1,'100,100,100,100',0,0,0,0,0,0,0,0,1,10,-1,0,'None',0,0,'0, 0, 0, 0, 0, 0',0,0,0,0),(22,'Ya_Pizda','e10adc3949ba59abbe56e057f20f883e',0,1,21,400,1263500,'','2020-04-13','80.93.123.53',1,'Eduard_Dobbikov',0,0,0,0,0,0,0,0,1,1,0,-1,-1,1808.18,2488.7,15.6639,1,0,0,0,0,0,'None','None','None','None','None',0,0,0,122,0,100,0,10,1,'91.193.128.40','26.04.2020 -- 17:23:05',0,1,1,1,0,'None',1,'0,0,0,0,0,0,0,0,0,0,0,0,0','0,0,0,0,0,0,0,0,0,0,0,0,0',0,0,0,0,0,-1,1,0,0,0,0,0,0,0,0,0,0,0,0,0,0,0,0,0,0,0,0,0,0,0,0,0,0,0,-1,-1,-1,-1,-1,'100,100,100,100',0,0,0,0,0,0,0,0,1,10,-1,0,'None',0,0,'0, 0, 0, 0, 0, 0',0,0,0,0),(23,'Sam_Esmail','e1372a05c263352b05b0b162ffa79eab',0,1,14,3000,276633,'','2020-04-14','91.193.128.40',6,'None',5,0,10,0,0,0,0,0,13,2,7,-1,-1,2212.04,-658.519,11.6104,1,0,0,0,1,0,'None','None','None','None','None',0,0,0,122,1,95,0,0,2,'91.193.128.40','23.05.2020 -- 15:52:06',1,1,1,1,10,'None',1,'0,0,23,0,0,0,0,0,0,0,0,0,0','0,0,-2624,0,0,0,0,0,0,0,0,0,0',0,0,0,0,0,0,2,0,0,0,46,2,0,0,0,0,4,0,0,0,0,0,0,0,0,0,0,0,0,0,0,0,0,0,-1,-1,-1,-1,-1,'94,88,91,97',0,0,0,0,0,0,0,0,0,0,-1,0,'None',0,0,'0, 0, 0, 0, 0, 0',0,0,0,0),(24,'Stanislav_Youtuber','126e9b0c60dd805c5a0fc2374552eb0a',0,1,21,1000400,0,'','2020-04-14','5.16.117.50',1,'None',4,0,10,0,0,0,0,0,1,0,0,-1,-1,2199.8,-1763.82,21.9619,0,0,0,0,0,0,'None','None','None','None','None',0,0,0,276,0,60,0,0,0,'5.16.117.50','14.04.2020 -- 18:23:33',0,0,0,0,1,'',0,'0,0,0,0,0,0,0,0,0,0,0,0,0','0,0,0,0,0,0,0,0,0,0,0,0,0',0,0,0,0,0,0,0,0,0,0,0,0,0,0,0,0,0,0,0,0,0,0,0,0,0,0,0,0,0,0,0,0,0,0,-1,-1,-1,-1,-1,'100,100,100,100',0,0,0,0,0,0,0,0,1,10,-1,0,'None',0,0,'0, 0, 0, 0, 0, 0',0,0,0,0),(25,'Robert_Flin','25f8331ffaf7500f812a734ea96bd55a',0,1,294,10000200,35000,'','2020-04-14','178.90.248.129',1,'None',0,0,0,0,0,0,0,0,2,1,0,-1,-1,-807.851,1900.2,702.02,0,0,0,0,0,0,'None','None','None','None','None',0,0,0,-1,0,232,0,0,0,'178.90.249.71','22.04.2020 -- 13:54:36',1,1,1,1,2,'',0,'0,0,0,0,29,0,0,0,0,0,0,0,0','0,0,0,0,948,0,0,0,0,0,0,0,0',0,0,0,0,0,0,0,0,0,0,0,0,0,0,0,0,0,0,0,0,0,0,0,0,0,0,0,0,0,0,0,0,0,0,-1,-1,-1,-1,-1,'100,100,100,100',0,0,0,0,0,0,0,0,1,10,-1,0,'None',0,0,'0, 0, 0, 0, 0, 0',0,0,0,0),(26,'Oleg_Dobbikov','bfa4a4c37d3b2e5a3cf9675fc5944142',0,0,0,0,0,'','2020-04-16','91.193.128.40',0,'Eduard_Dobbikov',0,0,0,0,0,0,0,0,0,0,0,0,0,0,0,0,0,0,0,0,0,0,'None','None','None','None','None',0,0,0,0,0,100,0,0,0,'','24.05.2020 -- 18:23:00',0,0,0,0,0,'None',0,'0,0,0,0,0,0,0,0,0,0,0,0,0','0,0,0,0,0,0,0,0,0,0,0,0,0',0,0,0,0,0,0,0,0,0,0,0,0,0,0,0,0,0,0,0,0,0,0,0,0,0,0,0,0,0,0,0,0,0,0,0,-1,-1,-1,-1,'100,100,100,100',1,1,1,1,1,1,1,1,0,0,-1,0,'None',0,0,'0, 0, 0, 0, 0, 0',0,0,0,0),(27,'James_Dobbikov','188b4a68c7f5dd5ba6e61fbd8b35ba0a',0,1,102,8006,36200,'','2020-04-16','91.193.128.40',1,'Eduard_Dobbikov',5,0,1,0,0,0,0,0,2,0,0,-1,-1,0,0,0.5,0,0,0,0,0,0,'None','None','None','None','None',0,0,0,287,0,95,0,0,0,'91.193.128.40','27.04.2020 -- 14:06:28',0,1,1,0,1,'',0,'0,0,24,0,0,30,0,0,0,0,0,0,0','0,0,990,0,0,131,0,0,0,0,0,0,0',0,0,0,0,0,-1,0,0,0,0,52,0,0,0,0,0,0,0,0,0,0,0,0,0,0,0,0,0,0,0,0,0,0,0,-1,-1,-1,-1,-1,'100,100,100,100',0,0,0,0,0,0,0,0,1,10,-1,0,'None',0,0,'0, 0, 0, 0, 0, 0',0,0,0,0),(28,'Cheats_Cheats','e10adc3949ba59abbe56e057f20f883e',0,1,21,400,444000,'','2020-04-17','91.193.128.40',1,'None',0,0,0,0,0,0,0,0,0,17,2,-1,-1,1823.56,2528.69,15.6825,1,0,0,0,1,0,'None','None','None','None','None',0,0,0,122,0,100,0,10,1,'91.193.128.40','17.04.2020 -- 15:29:53',1,1,1,1,0,'None',1,'0,3,24,0,0,0,0,0,0,0,0,0,0','0,72,11838,0,0,0,0,0,0,0,0,0,0',0,0,0,0,0,-1,0,0,0,1,173,0,0,0,0,0,0,0,0,0,0,0,0,0,0,0,0,0,0,0,0,0,0,0,-1,-1,-1,-1,-1,'100,100,100,100',0,0,0,0,0,0,0,0,1,10,-1,0,'None',0,0,'0, 0, 0, 0, 0, 0',0,0,0,0),(29,'Stanislav_Youtube','7ec9d4d2ea29e5ffbb5e7f4e373113c8',0,1,14,1000420,52500,'','2020-04-19','5.16.117.50',1,'None',2,0,10,0,0,0,0,0,3,0,0,60,60,1772.51,2250.81,15.8666,0,0,0,0,0,0,'Администратор Eduard_Dobbikov посадил вас Offline в деморган на 1 минут. Прчина: Так нужно','Администратор Eduard_Dobbikov поставил вам затычку Offline на 1 минут. Прчина: Так нужно','None','None','None',0,0,0,1,0,95,0,0,0,'5.16.117.50','21.04.2020 -- 12:17:06',0,0,0,0,3,'',0,'0,0,0,0,0,0,0,0,0,0,0,0,0','0,0,0,0,0,0,0,0,0,0,0,0,0',0,0,0,0,0,0,0,0,0,0,0,0,0,0,0,0,0,0,0,0,0,0,0,0,0,0,0,0,0,0,0,0,0,0,-1,-1,-1,-1,-1,'100,100,100,100',0,0,0,0,0,0,0,0,1,10,-1,0,'None',0,0,'0, 0, 0, 0, 0, 0',0,0,0,0),(30,'Egor_Dobbikov','40de0658e3e67cfe8379a4850c293bdf',0,1,21,7100,1845926,'','2020-04-20','217.19.216.242',13,'None',3,0,10,0,0,0,0,0,12,0,1,-1,-1,1798.57,2478.28,15.7025,0,0,1,0,0,0,'None','None','None','None','None',0,0,0,1,0,97,0,0,0,'95.153.114.83','16.09.2020 -- 17:55:53',1,1,1,1,44,'None',1,'0,0,0,0,29,0,0,0,0,0,0,0,0','0,0,0,0,1963,0,0,0,0,0,0,0,0',0,0,0,1,20000,-1,0,0,0,10,67,0,1,1,1,1,0,0,0,0,0,0,0,0,0,0,0,0,0,0,0,0,0,0,-1,-1,-1,-1,-1,'44,0,0,65',0,0,0,0,0,0,0,0,0,0,-1,0,'None',0,0,'0,0,0,102,0,0',0,0,0,0),(31,'Egor_Fermer','25d55ad283aa400af464c76d713c07ad',0,1,21,400,0,'','2020-04-23','217.19.208.99',1,'None',0,0,0,0,0,0,0,0,0,0,0,-1,-1,1804.84,2511.29,15.6716,0,0,0,0,0,0,'None','None','None','None','None',0,0,0,0,0,100,0,0,0,'217.19.208.99','23.04.2020 -- 9:59:58',0,0,0,0,0,'',0,'0,0,0,0,0,0,0,0,0,0,0,0,0','0,0,0,0,0,0,0,0,0,0,0,0,0',0,0,0,0,0,0,0,0,0,0,0,0,0,0,0,0,0,0,0,0,0,0,0,0,0,0,0,0,0,0,0,0,0,0,-1,-1,-1,-1,-1,'100,100,100,100',0,0,0,0,0,0,0,0,1,10,-1,0,'None',0,0,'0, 0, 0, 0, 0, 0',0,0,0,0),(32,'Billie_Eilish','4badaee57fed5610012a296273158f5f',0,1,21,400,1737026,'','2020-04-25','217.132.253.159',1,'None',0,0,0,0,0,0,0,0,0,0,1,-1,-1,1823.56,2528.69,15.6825,0,0,0,0,0,0,'None','None','None','None','None',0,0,0,125,0,100,0,0,0,'217.132.253.159','25.04.2020 -- 18:02:58',1,1,1,1,0,'',1,'0,0,0,0,0,0,0,0,0,0,0,0,0','0,0,0,0,0,0,0,0,0,0,0,0,0',0,0,0,0,0,0,0,0,0,10,0,0,1,1,1,1,0,0,0,0,0,0,0,0,0,0,0,0,0,0,0,0,0,0,-1,-1,-1,-1,-1,'100,100,100,100',0,0,0,0,0,0,0,0,1,10,-1,0,'None',0,0,'0, 0, 0, 0, 0, 0',0,0,0,0),(33,'Oleh_Dobbikov','188b4a68c7f5dd5ba6e61fbd8b35ba0a',0,0,113,1453350,4000000,'','2020-04-27','91.193.128.40',11,'None',0,0,0,0,0,0,0,0,16,10,6,-1,-1,2238.3,1400.09,11.57,0,0,0,0,0,0,'None','None','Âàø áèçíåñ áûë ïðîäàí ãîñóäàðñòâó, çà íåóïëàòó. Âû ïîëó÷èëè 80 ïðîöåíòîâ îò ãîññ. ñòîèìîñòè äîìà.','None','None',0,0,0,-1,0,232,0,0,3,'91.193.128.40','24.05.2020 -- 18:33:16',1,1,1,1,52,'None',1,'0,0,24,27,0,30,0,0,0,0,0,0,0','0,0,500,494,0,492,0,0,0,0,0,0,0',0,0,123321,1,0,-1,0,0,0,0,38,0,1,1,1,1,0,0,0,0,0,0,0,0,0,0,0,0,0,0,0,0,0,0,-1,-1,-1,-1,-1,'84,50,57,94',0,2,5,1,5,5,5,5,0,0,-1,0,'None',0,0,'0, 0, 0, 0, 0, 0',0,0,0,0),(34,'Nikita_Devero','c8837b23ff8aaa8a2dde915473ce0991',0,1,21,400,0,'','2020-05-01','45.132.95.104',1,'None',0,0,0,0,0,0,0,0,0,0,0,-1,-1,0,0,0,0,0,0,0,0,0,'None','None','None','None','None',0,0,0,0,0,100,0,0,0,'127.0.0.1','23.12.2005 -- 00:00:00',0,0,0,0,0,'None',0,'0,0,0,0,0,0,0,0,0,0,0,0,0','0,0,0,0,0,0,0,0,0,0,0,0,0',0,0,0,0,0,-1,0,0,0,0,0,0,0,0,0,0,0,0,0,0,0,0,0,0,0,0,0,0,0,0,0,0,0,0,-1,-1,-1,-1,-1,'100,100,100,100',0,0,0,0,0,0,0,0,1,10,-1,0,'None',0,0,'0, 0, 0, 0, 0, 0',0,0,0,0),(36,'Markus_Kotov','1aaa5da4e495012d370261ecc0a8f2cb',0,1,21,3084,5007064,'','2020-05-03','5.153.180.2',6,'None',3,0,10,0,0,0,0,0,12,1,0,-1,-1,1815.06,2518.72,15.6639,0,0,0,0,0,0,'None','None','None','None','None',0,0,0,288,1,40,0,15,1,'5.153.180.123','18.10.2021 -- 15:10:51',1,1,1,1,10,'None',1,'0,0,0,0,0,0,0,0,0,0,0,0,0','0,0,0,0,0,0,0,0,0,0,0,0,0',0,0,777666,1,19940,-1,0,0,0,100,152,998,1,1,1,1,0,0,0,0,0,0,0,0,0,0,0,0,0,0,0,0,0,0,8,-1,-1,3,-1,'48,0,0,74',0,0,1,0,0,0,0,0,0,0,6,3,'None',924745956,0,'0,0,0,0,0,0',0,0,0,0),(37,'Roberto_Flores','e10adc3949ba59abbe56e057f20f883e',0,0,0,0,0,'','2020-05-03','91.193.128.40',0,'Eduard_Dobbikov',0,0,0,0,0,0,0,0,0,0,0,-1,-1,1784.55,2510,24.9822,0,0,0,0,0,0,'None','None','None','None','None',0,0,0,0,0,100,0,0,0,'91.193.128.40','3.05.2020 -- 17:11:24',0,0,0,0,0,'None',0,'0,0,0,0,0,0,0,0,0,0,0,0,0','0,0,0,0,0,0,0,0,0,0,0,0,0',0,0,0,0,0,-1,0,0,0,0,0,0,0,0,0,0,0,0,0,0,0,0,0,0,0,0,0,0,0,0,0,0,0,0,0,-1,-1,-1,-1,'100,100,100,100',0,0,0,0,0,0,0,0,1,10,-1,0,'None',0,0,'0, 0, 0, 0, 0, 0',0,0,0,0),(38,'Denis_Dobbikov','7f572bba0a80615b91807b2dc65355c2',0,1,21,2365,130338,'','2020-05-12','91.193.128.40',5,'None',5,0,1,0,0,0,0,0,13,0,0,-1,-1,0,0,0,0,0,0,0,0,0,'None','None','None','None','None',0,0,0,179,0,100,0,0,0,'','',1,1,1,1,6,'None',1,'0,0,0,0,0,0,0,0,0,0,0,0,0','0,0,0,0,0,0,0,0,0,0,0,0,0',0,0,0,0,0,0,0,0,0,0,2,0,1,1,1,1,0,0,0,0,0,0,0,0,0,0,0,0,0,0,0,0,0,0,0,-1,0,0,0,'94,88,91,97',0,0,0,0,0,0,0,0,1,10,-1,0,'None',0,0,'0, 0, 0, 0, 0, 0',0,0,0,0),(39,'Escimos_Pazhiloy','e10adc3949ba59abbe56e057f20f883e',0,1,14,200,0,'','2020-05-19','5.44.169.71',1,'None',5,0,10,0,0,0,0,0,0,0,0,-1,-1,1455.85,1673.71,16.5401,0,0,0,0,0,0,'None','None','None','None','None',0,0,0,122,0,65,0,0,0,'5.44.169.71','19.05.2020 -- 15:57:56',1,1,1,1,0,'None',0,'0,0,0,0,0,0,0,0,0,0,0,0,0','0,0,0,0,0,0,0,0,0,0,0,0,0',0,0,0,0,0,0,0,0,0,0,161,0,1,1,1,0,0,0,0,0,0,0,0,0,0,0,0,0,0,0,0,0,0,0,0,-1,0,0,0,'96,92,94,98',0,0,0,0,0,0,0,0,1,10,-1,0,'None',0,0,'0, 0, 0, 0, 0, 0',0,0,0,0),(40,'Dydoser_Fallkow','ed21e72c16670247546c2ad10e375aaf',0,0,15,-593,294602,'','2020-05-21','95.153.135.27',10,'None',3,0,10,0,0,0,0,0,5,26,15,-1,-1,-249.438,1299.62,1013.1,9,1,0,0,5,0,'None','None','None','None','Âàøà êâàðòèðà áûëà ïåðåäàíà ãîñóäàðñòâó, çà íåóïëàòó.',0,0,0,284,0,94,0,10,3,'95.153.135.253','11.09.2020 -- 21:26:01',1,1,1,1,100,'None',1,'0,0,24,0,29,0,0,0,0,0,0,0,0','0,0,432,0,83,0,0,0,0,0,0,0,0',0,0,222222,1,2204,-1,0,1,0,0,0,0,1,1,1,1,0,1,0,0,0,0,0,0,0,0,0,1,0,0,0,0,0,0,-1,-1,-1,2,-1,'74,0,0,95',0,2,5,1,4,4,4,0,0,0,4,1,'None',0,0,'0,0,0,0,0,0',0,0,0,0),(41,'Egor_Reylyanu','e10adc3949ba59abbe56e057f20f883e',0,1,21,400,0,'','2020-05-22','91.193.128.40',1,'None',0,0,0,0,0,0,0,0,0,0,0,-1,-1,1805.07,2486.83,15.6389,0,0,0,0,0,0,'None','None','None','None','None',0,0,0,0,0,100,0,0,0,'91.193.128.40','22.05.2020 -- 20:12:17',0,0,0,0,0,'None',0,'0,0,0,0,0,0,0,0,0,0,0,0,0','0,0,0,0,0,0,0,0,0,0,0,0,0',0,0,0,0,0,0,0,0,0,0,0,0,0,0,0,0,0,0,0,0,0,0,0,0,0,0,0,0,0,0,0,0,0,0,0,-1,-1,-1,-1,'100,100,100,100',1,1,1,1,1,1,1,1,0,0,-1,0,'None',0,0,'0, 0, 0, 0, 0, 0',0,0,0,0),(42,'Dima_Huy','e10adc3949ba59abbe56e057f20f883e',0,1,14,400,0,'','2020-05-24','91.193.128.40',1,'Eduard_Dobbikov',0,0,0,0,0,0,0,0,0,0,0,-1,-1,0,0,0,0,0,0,0,0,0,'None','None','None','None','None',0,0,0,0,0,100,0,0,0,'127.0.0.1','23.12.2005 -- 00:00:00',0,0,0,0,0,'None',0,'0,0,0,0,0,0,0,0,0,0,0,0,0','0,0,0,0,0,0,0,0,0,0,0,0,0',0,0,0,0,0,-1,0,0,0,0,0,0,0,0,0,0,0,0,0,0,0,0,0,0,0,0,0,0,0,0,0,0,0,0,-1,-1,-1,-1,-1,'100,100,100,100',0,0,0,0,0,0,0,0,1,10,-1,0,'None',0,0,'0, 0, 0, 0, 0, 0',0,0,0,0),(43,'Oleg_Korotuk','e10adc3949ba59abbe56e057f20f883e',0,1,21,400,0,'','2020-05-25','91.193.128.40',1,'None',0,0,0,0,0,0,0,0,0,0,0,-1,-1,1801.15,2509.95,15.6716,0,0,0,0,0,0,'None','None','None','None','None',0,0,0,0,0,100,0,0,0,'91.193.128.40','25.05.2020 -- 16:41:40',1,1,1,1,0,'None',0,'0,0,0,0,0,0,0,0,0,0,0,0,0','0,0,0,0,0,0,0,0,0,0,0,0,0',0,0,0,0,0,0,1,0,0,0,0,0,0,0,0,0,0,0,0,0,0,0,0,0,0,0,0,0,0,0,0,0,0,0,0,-1,-1,-1,-1,'100,100,100,100',1,1,1,1,1,1,1,1,0,0,-1,0,'None',0,0,'0, 0, 0, 0, 0, 0',0,0,0,0),(44,'Eduard_Dobbiikov','ed21e72c16670247546c2ad10e375aaf',0,1,21,246736088,4000,'','2020-09-03','95.153.132.147',1,'None',0,0,0,0,0,0,4,0,1,0,0,-1,-1,2793.57,-423.336,24.7022,0,0,0,0,0,0,'None','None','None','None','Ваша квартира была передана государству, за неуплату.',0,0,0,0,0,100,0,0,0,'95.153.132.147','3.09.2020 -- 19:04:04',1,1,1,1,1,'None',0,'0,0,24,0,0,0,0,0,0,0,0,0,0','0,0,435,0,0,0,0,0,0,0,0,0,0',0,0,0,0,0,0,0,0,0,0,0,0,1,1,1,0,0,0,0,0,0,0,0,0,0,0,0,0,0,0,0,0,0,0,0,-1,-1,2,-1,'96,92,94,98',0,0,0,0,0,0,0,0,0,0,-1,0,'None',0,0,'0, 0, 0, 0, 0, 0',0,0,0,0),(45,'Slava_Koptev','46df9002975bea148400e12a6e6384cd',0,1,21,250477149,5000,'','2020-09-05','37.147.120.172',10,'None',0,0,0,0,0,0,0,0,3,0,0,-1,-1,1965.89,1810.85,15.5124,0,0,0,0,0,0,'None','None','None','None','None',0,0,0,0,0,48,0,0,0,'37.147.120.172','6.09.2020 -- 0:07:39',1,1,1,1,3,'None',0,'0,0,0,0,0,0,0,0,0,0,0,0,0','0,0,0,0,0,0,0,0,0,0,0,0,0',0,0,0,0,0,0,2,0,0,0,0,0,1,1,1,0,0,0,0,0,0,0,0,0,0,0,0,0,0,0,0,0,0,0,6,-1,2,-1,-1,'90,80,85,95',0,0,0,0,0,0,0,0,1,2640,-1,0,'None',0,0,'0, 0, 0, 0, 0, 0',0,0,0,0),(46,'Dima_Pedik','e10adc3949ba59abbe56e057f20f883e',0,1,21,400,0,'','2020-09-05','91.193.128.40',1,'None',0,0,0,0,0,0,0,0,0,0,0,-1,-1,1824,2506.67,15.6639,0,0,0,0,0,0,'None','None','None','None','None',0,0,0,0,0,100,0,0,0,'91.193.128.40','5.09.2020 -- 19:49:40',0,0,0,0,0,'None',0,'0,0,0,0,0,0,0,0,0,0,0,0,0','0,0,0,0,0,0,0,0,0,0,0,0,0',0,0,0,0,0,0,0,0,0,0,0,0,0,0,0,0,0,0,0,0,0,0,0,0,0,0,0,0,0,0,0,0,0,0,0,-1,-1,-1,-1,'98,96,97,99',0,0,0,0,0,0,0,0,0,0,-1,0,'None',0,0,'0, 0, 0, 0, 0, 0',0,0,0,0),(47,'Roma_Dobbi','e1372a05c263352b05b0b162ffa79eab',0,1,14,8498400,1045000,'','2020-09-05','91.193.128.40',1,'None',0,0,0,0,0,0,0,0,1,0,0,-1,-1,1822.36,2394.51,14.9492,0,0,0,0,0,0,'None','None','None','None','Âàøà êâàðòèðà áûëà ïåðåäàíà ãîñóäàðñòâó, çà íåóïëàòó.',0,0,0,0,0,98,0,0,0,'91.193.128.40','5.09.2020 -- 21:26:46',1,1,1,1,1,'None',0,'0,0,0,0,0,0,0,0,0,0,0,0,0','0,0,0,0,0,0,0,0,0,0,0,0,0',0,0,0,0,0,0,0,0,0,0,0,0,1,1,1,0,0,0,0,0,0,0,0,0,0,0,0,0,0,0,0,0,0,0,0,-1,-1,2,-1,'100,100,100,100',0,0,0,0,0,0,0,0,0,0,-1,0,'None',0,0,'0, 0, 0, 0, 0, 0',0,0,0,0),(48,'Roma_Dobbikov','e1372a05c263352b05b0b162ffa79eab',0,1,14,495300,23000,'','2020-09-05','91.193.128.40',1,'None',0,0,0,0,0,0,0,0,2,0,0,-1,-1,2121.93,1858.24,12.09,0,0,1,0,0,0,'None','None','None','None','Ваша квартира была передана государству, за неуплату.',1,0,0,0,0,101,0,0,0,'91.193.128.40','6.09.2020 -- 12:36:42',1,1,1,1,2,'None',0,'0,0,0,0,0,0,0,0,0,0,0,0,0','0,0,0,0,0,0,0,0,0,0,0,0,0',0,0,0,0,0,-1,0,0,0,0,0,0,1,1,1,0,0,0,0,0,0,0,0,0,0,0,0,0,0,0,0,0,0,0,-1,-1,-1,2,-1,'84,68,76,92',0,0,0,0,0,0,0,0,0,0,-1,0,'None',0,0,'0, 0, 0, 0, 0, 0',0,0,0,0),(49,'Roman_Dobbikov','e1372a05c263352b05b0b162ffa79eab',0,1,14,2186476,2179105,'','2020-09-06','91.193.128.40',9,'None',0,0,0,0,0,8,0,1642116231,3,16,11,-1,-1,1921.15,2090.85,15.7053,3,2,0,1,16,4,'None','None','None','None','None',0,2,3,-1,1,85,0,10,7,'194.107.231.169','7.01.2022 -- 22:35:12',1,1,1,1,100,'None',0,'0,0,0,0,0,0,0,0,0,0,0,0,0','0,0,0,0,0,0,0,0,0,0,0,0,0',1,0,777777,1,10135,-1,0,0,0,0,167,75,1,1,1,1,0,0,0,1,0,0,0,0,0,0,0,0,0,0,0,0,0,0,8,129,4,-1,-1,'100,24,43,43',1,2,2,0,1,5,1,1,5,14160,5,3,'None',716720991,152,'100,100,100,100,100,100',0,0,0,14),(54,'Lewis_Clifford','e1372a05c263352b05b0b162ffa79eab',0,1,14,6505051,18031500,'','2020-09-11','91.193.128.40',2,'Roman_Dobbikov',0,0,0,0,0,8,4,1641750196,2,0,0,-1,-1,2228.23,1417.14,11.57,1,0,0,0,0,0,'None','None','Âàø áèçíåñ áûë ïðîäàí ãîñóäàðñòâó, çà íåóïëàòó. Âû ïîëó÷èëè 80 ïðîöåíòîâ îò ãîññ. ñòîèìîñòè äîìà.','Âàø äîì áûë ïðîäàí ãîñóäàðñòâó, çà íåóïëàòó. Âû ïîëó÷èëè 80 ïðîöåíòîâ îò ãîññ. ñòîèìîñòè äîìà.','None',0,0,0,-1,0,7,0,0,0,'80.93.123.53','4.01.2022 -- 20:34:38',1,1,1,1,6,'None',0,'0,0,24,27,0,30,0,0,0,0,0,0,0','0,0,500,496,0,500,0,0,0,0,0,0,0',0,0,0,0,0,0,0,0,0,0,0,0,1,1,1,0,0,0,0,0,0,0,0,0,0,0,0,0,0,0,0,0,0,0,-1,123,-1,2,-1,'26,0,16,67',0,0,0,0,0,1,0,0,0,0,-1,0,'None',0,100,'100,100,100,100,100,100',0,0,0,0),(55,'Mark_Rich','25d55ad283aa400af464c76d713c07ad',0,1,14,400,0,'','2020-09-16','95.153.114.83',1,'None',0,0,0,0,0,0,0,0,0,0,0,-1,-1,1815.3,2502.72,15.6716,0,0,0,0,0,0,'None','None','None','None','None',0,0,0,0,0,100,0,0,0,'95.153.114.83','16.09.2020 -- 19:58:08',1,1,1,1,0,'None',1,'0,0,0,0,0,0,0,0,0,0,0,0,0','0,0,0,0,0,0,0,0,0,0,0,0,0',0,0,0,0,0,-1,0,0,0,10,67,0,0,0,0,0,0,0,0,0,0,0,0,0,0,0,0,0,0,0,0,0,0,0,-1,-1,-1,-1,-1,'100,100,100,100',0,0,0,0,0,0,0,0,0,0,-1,0,'None',0,0,'0,0,0,0,0,0',0,0,0,0),(56,'Egor_Develop','40de0658e3e67cfe8379a4850c293bdf',0,1,21,400,0,'','2020-09-16','95.153.114.83',1,'None',0,0,0,0,0,0,0,0,0,0,0,-1,-1,1740.97,2471.15,17.5721,0,0,0,0,0,0,'None','None','None','None','None',0,0,0,0,0,100,0,0,0,'95.153.114.83','16.09.2020 -- 21:32:00',1,1,1,1,0,'None',1,'0,0,0,0,0,0,0,0,0,0,0,0,0','0,0,0,0,0,0,0,0,0,0,0,0,0',0,0,0,0,0,-1,0,0,0,10,67,0,0,0,0,0,0,0,0,0,0,0,0,0,0,0,0,0,0,0,0,0,0,0,-1,-1,-1,-1,-1,'100,100,100,100',0,0,0,0,0,0,0,0,0,0,-1,0,'None',0,0,'0,0,0,0,0,0',0,0,0,0),(57,'Tommy_Stark','882db08c6913512cebfebd33c4f4e0ca',0,1,240,4510,11500,'','2021-05-04','85.95.189.179',7,'Roman_Dobbikov',0,0,0,0,0,0,4,0,24,4,1,-1,-1,1791.53,2097.73,15.4765,0,0,0,0,0,0,'None','None','None','None','None',0,0,0,-1,0,63,0,10,1,'95.83.57.8','7.05.2021 -- 19:07:25',1,1,1,1,52,'None',0,'0,0,0,0,0,0,0,0,0,0,0,0,0','0,0,0,0,0,0,0,0,0,0,0,0,0',0,0,666666,1,0,0,0,0,0,0,79,0,0,0,0,1,0,0,0,0,0,0,0,0,0,0,0,0,0,0,0,0,0,0,5,-1,4,-1,-1,'74,32,50,61',0,0,0,0,1,1,1,0,2,7320,-1,0,'None',0,0,'0,0,0,0,0,0',0,0,0,0),(58,'Stepan_Dobbikov','520df1769d8aca5212ae6a5b69f6be6e',0,1,14,6576094,0,'','2021-05-04','91.210.251.72',5,'None',7,0,1,0,0,0,0,0,1,0,0,-1,-1,1962.48,1969.49,15.5564,0,0,0,0,0,0,'None','None','None','None','None',0,0,0,125,0,73,0,0,0,'91.210.251.72','6.05.2021 -- 19:44:13',0,1,0,0,1,'None',1,'0,0,0,0,0,0,0,0,0,0,0,0,0','0,0,0,0,0,0,0,0,0,0,0,0,0',0,0,0,0,0,-1,0,1,0,0,102,51,0,0,0,0,0,0,0,0,0,0,0,0,0,0,0,0,0,0,0,0,0,0,-1,-1,3,-1,-1,'86,72,79,93',0,0,0,0,0,0,0,0,1,960,5,1,'None',716720991,0,'0,0,0,0,0,0',0,0,0,0),(59,'Yegor_Xyesosovich','6e714fab040b72a2853118454edda21a',0,1,21,0,2500,'','2021-05-04','193.176.251.183',1,'None',1,0,10,0,0,0,0,0,1,0,0,-1,-1,-796.778,1905.5,702.02,0,0,0,0,0,0,'None','None','None','None','None',0,0,0,1,0,100,0,0,0,'193.176.251.183','4.05.2021 -- 21:11:48',1,1,1,1,1,'None',0,'0,0,0,0,0,0,0,0,0,0,0,0,0','0,0,0,0,0,0,0,0,0,0,0,0,0',0,0,0,0,0,-1,2,0,0,0,0,0,0,0,0,0,0,0,0,0,0,0,0,0,0,0,0,0,0,0,0,0,0,0,-1,-1,-1,-1,-1,'94,88,91,97',0,0,0,0,0,0,0,0,0,0,5,1,'None',0,0,'0,0,0,0,0,0',0,0,0,0),(60,'Akhmad_Suetolog','818d07b1ec32a8dfe986fc9c2ac73784',0,1,14,640,0,'','2021-05-17','46.8.241.19',1,'None',0,0,0,0,0,0,0,0,1,0,0,-1,-1,1802.1,2479.28,16.5251,0,0,0,0,0,0,'None','None','None','None','None',0,0,0,0,1,93,0,0,0,'46.8.241.157','26.05.2021 -- 19:13:07',1,1,1,1,1,'None',0,'0,0,0,0,0,0,0,0,0,0,0,0,0','0,0,0,0,0,0,0,0,0,0,0,0,0',0,0,0,0,0,-1,0,1,0,0,102,51,1,0,0,0,0,0,0,0,0,0,0,0,0,0,0,0,0,0,0,0,0,0,-1,-1,-1,-1,-1,'94,88,91,97',0,0,0,0,0,0,0,0,0,0,-1,0,'None',716720991,0,'0,0,0,0,0,0',0,0,0,0),(61,'Ivan_Volkov','928aadcf0aa6e08b02f565cc41384027',0,1,14,450,0,'','2021-10-02','5.153.180.123',1,'None',3,0,10,0,0,0,0,0,0,0,0,-1,-1,2324.12,-264.785,1.56656,0,0,0,0,0,0,'None','None','None','None','None',0,0,0,122,0,90,0,0,0,'5.153.180.123','2.10.2021 -- 20:11:32',1,1,1,1,0,'None',0,'0,0,0,0,0,0,0,0,0,0,0,0,0','0,0,0,0,0,0,0,0,0,0,0,0,0',0,0,0,0,0,0,0,0,0,0,0,0,0,0,0,0,0,0,0,0,0,0,0,0,0,0,0,0,0,0,0,0,0,0,-1,-1,-1,-1,-1,'98,96,97,99',0,0,0,0,0,0,0,0,0,0,-1,0,'None',0,0,'0,0,0,0,0,0',0,0,0,0),(63,'Kudasai_Kotov','e10adc3949ba59abbe56e057f20f883e',0,1,21,400,0,'','2021-10-08','5.153.180.123',1,'None',0,0,0,0,0,0,0,0,0,0,0,-1,-1,1851.66,2043.38,15.885,0,0,0,0,0,0,'None','None','None','None','None',0,0,0,0,0,100,0,0,0,'5.153.180.123','8.10.2021 -- 13:54:44',0,0,0,0,0,'None',0,'0,0,0,0,0,0,0,0,0,0,0,0,0','0,0,0,0,0,0,0,0,0,0,0,0,0',0,0,0,0,0,0,0,0,0,0,0,0,0,0,0,0,0,0,0,0,0,0,0,0,0,0,0,0,0,0,0,0,0,0,-1,-1,-1,-1,-1,'100,100,100,100',0,0,0,0,0,0,0,0,0,0,-1,0,'None',0,0,'0,0,0,0,0,0',0,0,0,0),(64,'Kudasai_Volkov','f8cf0efd7495197044dc61aa710cce9d',0,1,279,1838166956,94294464,'','2021-10-18','5.153.180.123',3,'None',0,0,0,0,0,7,1,1642191013,4,16,1,-1,-1,1968.24,1778.43,15.3711,0,0,0,0,2,0,'None','None','None','None','None',0,3,0,-1,0,76,0,0,0,'5.153.180.147','7.01.2022 -- 22:31:50',1,1,1,1,16,'None',1,'0,0,0,0,0,0,0,0,0,0,0,0,0','0,0,0,0,0,0,0,0,0,0,0,0,0',-1,0,555555,1,45721,-1,0,0,0,0,0,0,1,1,1,1,1,0,0,0,0,0,0,0,0,0,0,0,0,0,0,0,0,0,4,611,142,-1,-1,'0,0,0,0',0,2,0,0,0,0,0,0,4,14400,-1,0,'None',0,10000,'100,100,100,100,100,100',0,0,0,2),(65,'Maksim_Sizov','4297f44b13955235245b2497399d7a93',0,1,14,400,0,'','2021-12-24','178.218.117.16',1,'None',0,0,0,0,0,0,0,0,0,0,0,-1,-1,2742.07,-1384.29,23.6003,0,0,0,0,0,0,'None','None','None','None','None',1,0,0,0,0,100,100,0,0,'178.218.117.16','24.12.2021 -- 14:51:17',1,1,1,1,0,'None',0,'0,3,23,0,0,30,0,0,0,0,0,0,0','0,1,56,0,0,956,0,0,0,0,0,0,0',0,0,0,0,0,0,0,0,0,0,7,0,1,1,1,0,0,0,0,0,0,0,0,0,0,0,0,0,0,0,0,0,0,0,-1,-1,-1,-1,-1,'94,88,91,97',0,0,0,0,0,0,0,0,1,2040,-1,0,'None',0,0,'0,100,0,0,0,0',0,1,0,0),(66,'Artem_Sergeenko','96e79218965eb72c92a549dd5a330112',0,1,21,400,0,'','2021-12-26','178.121.20.219',1,'None',0,0,0,0,0,0,0,0,0,0,0,-1,-1,1832.25,2515.82,15.6639,0,0,0,0,0,0,'None','None','None','None','None',0,0,0,0,0,43,0,0,0,'178.121.20.219','26.12.2021 -- 20:54:22',0,0,0,0,0,'None',0,'0,0,0,0,0,0,0,0,0,0,0,0,0','0,0,0,0,0,0,0,0,0,0,0,0,0',0,0,0,0,0,0,0,0,0,0,0,0,0,0,0,0,0,0,0,0,0,0,0,0,0,0,0,0,0,0,0,0,0,0,-1,-1,-1,-1,-1,'98,96,97,99',0,0,0,0,0,0,0,0,0,0,-1,0,'None',0,0,'0,0,0,0,0,0',0,0,0,0),(67,'Maykl_Zakonov','c63e0e524bd11d7ed45e5159c57d4b39',0,1,21,400,0,'','2021-12-26','188.244.253.148',1,'None',0,0,0,0,0,0,0,0,0,0,0,-1,-1,1832,2515.28,15.6639,0,0,0,0,0,0,'None','None','None','None','None',0,0,0,0,0,74,0,0,0,'188.244.253.148','26.12.2021 -- 20:55:05',0,0,0,0,0,'None',0,'0,0,0,0,0,0,0,0,0,0,0,0,0','0,0,0,0,0,0,0,0,0,0,0,0,0',0,0,0,0,0,0,0,0,0,0,0,0,0,0,0,0,0,0,0,0,0,0,0,0,0,0,0,0,0,0,0,0,0,0,-1,-1,-1,-1,-1,'100,100,100,100',0,0,0,0,0,0,0,0,0,0,-1,0,'None',0,0,'0,0,0,0,0,0',0,0,0,0),(69,'Zhenya_Morgana','bf0cc44b8084b0460de8b28a103ab8db',0,1,21,400,0,'','2021-12-29','37.214.59.12',1,'None',0,0,0,0,0,0,0,0,0,0,0,-1,-1,1815.25,2521.88,15.6825,0,0,0,0,0,0,'None','None','None','None','None',0,0,0,0,0,100,0,0,0,'37.214.59.12','29.12.2021 -- 0:46:39',1,1,1,1,0,'None',0,'0,0,0,0,0,0,0,0,0,0,0,0,0','0,0,0,0,0,0,0,0,0,0,0,0,0',0,0,0,0,0,-1,0,0,0,0,103,49,0,0,0,0,0,0,0,0,0,0,0,0,0,0,0,0,0,0,0,0,0,0,-1,-1,-1,-1,-1,'100,100,100,100',0,0,0,0,0,0,0,0,0,0,-1,0,'None',716720991,0,'0,0,0,0,0,0',1,0,0,0),(70,'Zhenya_Morganaf','c6d601340775c2244eccf228cc8e8e15',0,2,13,400,0,'','2021-12-29','37.214.59.12',1,'None',0,0,0,0,0,0,0,0,0,0,0,-1,-1,576.894,2121.22,1551.46,0,0,0,0,0,0,'None','None','None','None','None',0,0,0,0,0,100,0,0,0,'37.214.59.12','29.12.2021 -- 0:49:05',1,1,1,1,0,'None',0,'0,0,0,0,0,0,0,0,0,0,0,0,0','0,0,0,0,0,0,0,0,0,0,0,0,0',0,0,0,0,0,-1,0,0,0,0,103,49,0,0,0,0,0,0,0,0,0,0,0,0,0,0,0,0,0,0,0,0,0,0,-1,-1,-1,-1,-1,'100,100,100,100',0,0,0,0,0,0,0,0,0,0,-1,0,'None',716720991,0,'0,0,0,0,0,0',1,0,0,0),(71,'Zhenya_Morgan','9663185f607ca1d4a6832cab9e5ba6f6',0,2,131,1018497209,610269531,'','2021-12-29','37.214.59.12',8,'None',8,0,10,0,0,7,0,1672348037,28,11,0,-1,-1,1924.76,1873.58,15.4904,0,0,0,0,0,0,'None','None','None','None','None',0,0,1,277,0,101,0,77,1,'37.214.81.2','8.01.2022 -- 15:05:32',1,1,1,1,80,'None',0,'0,0,0,0,0,0,0,0,0,0,0,0,0','0,0,0,0,0,0,0,0,0,0,0,0,0',-1,0,123456,1,99999915,-1,0,0,0,0,0,3,1,1,1,1,0,0,0,0,0,0,0,0,0,0,0,0,0,0,0,0,0,0,5,119,53,-1,-1,'0,0,19,19',2,0,1,0,1,1,0,0,3,150000,10,3,'None',716720991,49600,'100,100,100,100,100,100',1,1,10,8),(72,'Bruno_Buccelati','e10adc3949ba59abbe56e057f20f883e',0,1,200,372773686,69000,'','2021-12-30','194.107.231.169',1,'Roman_Dobbikov',0,0,0,0,0,0,0,0,3,0,0,-1,-1,1809.43,2513.13,15.6716,0,0,0,0,0,0,'None','None','None','None','None',0,0,0,0,0,95,0,0,0,'194.107.231.169','1.01.2022 -- 4:05:17',1,1,1,1,3,'None',0,'0,0,0,0,0,0,0,0,0,0,0,0,0','0,0,0,0,0,0,0,0,0,0,0,0,0',0,0,0,0,0,-1,0,0,0,0,103,49,0,0,0,0,0,0,0,0,0,0,0,0,0,0,0,0,0,0,0,0,0,0,-1,-1,-1,2,1,'80,72,79,89',0,0,0,0,0,0,0,0,0,0,-1,0,'None',716720991,0,'0,0,0,0,0,0',0,0,0,0),(73,'Anton_Panikaxi','e1372a05c263352b05b0b162ffa79eab',0,1,21,47200,0,'','2022-01-02','194.107.231.169',1,'None',0,14,0,0,0,8,0,0,0,0,0,-1,-1,1842.44,2506.67,15.6639,0,0,0,0,0,0,'None','None','None','None','None',0,0,0,1,0,99,0,0,0,'194.107.231.169','2.01.2022 -- 17:17:51',0,0,0,0,0,'None',0,'0,0,0,0,0,0,0,0,0,0,0,0,0','0,0,0,0,0,0,0,0,0,0,0,0,0',0,0,0,0,0,-1,0,0,0,0,0,0,0,0,0,0,0,0,0,0,0,0,0,0,0,0,0,0,0,0,0,0,0,0,-1,-1,-1,2,2,'95,96,97,97',0,0,0,0,0,0,0,0,1,10,-1,0,'None',0,0,'0,0,0,0,0,0',0,0,0,0),(74,'Basilio_Hordash','e10adc3949ba59abbe56e057f20f883e',0,1,21,400,55750,'','2022-01-02','194.107.231.169',5,'Roman_Dobbikov',2,0,1,0,0,7,0,0,3,0,0,-1,-1,1814.68,2508.8,15.6639,0,0,0,0,0,0,'None','None','None','None','None',0,0,0,122,0,96,0,0,0,'80.93.123.53','7.01.2022 -- 2:00:26',0,0,0,0,19,'None',0,'0,0,0,0,0,0,0,0,0,0,0,0,0','0,0,0,0,0,0,0,0,0,0,0,0,0',0,0,0,0,0,-1,0,0,0,0,0,0,0,0,0,0,0,0,0,0,0,0,0,0,0,0,0,0,0,0,0,0,0,0,-1,-1,-1,-1,-1,'85,88,91,91',0,0,0,0,0,0,0,0,0,0,-1,0,'None',0,0,'0,0,0,0,0,0',0,1,10,0),(75,'Shon_Morgan','a13fac176ccc35d72b028476d35c62fc',0,1,14,2184412,419500,'','2022-01-06','8.21.110.99',5,'Zhenya_Morgan',8,0,10,0,0,0,0,0,4,0,0,-1,-1,5508.36,-2551.49,12.2288,0,0,0,0,0,0,'None','None','None','None','None',0,0,0,286,0,53,0,0,0,'8.21.110.99','7.01.2022 -- 0:28:22',1,1,1,1,4,'None',0,'0,0,24,0,0,0,0,0,0,0,0,0,0','0,0,189,0,0,0,0,0,0,0,0,0,0',0,0,444444,1,0,0,0,0,0,0,0,5,0,0,0,1,0,0,0,0,0,0,0,0,0,0,0,0,0,0,0,0,0,0,4,126,68,-1,-1,'52,80,91,91',1,0,0,0,0,0,0,0,2,5580,10,1,'None',0,0,'100,100,100,100,100,100',0,1,10,0),(76,'Sasha_Morgan','e3cfe3a252a8ee009aa83a9ae65c9786',0,2,12,25847,18000,'','2022-01-06','176.110.227.100',5,'Shon_Morgan',8,0,9,0,0,0,0,0,3,0,0,-1,-1,5520.2,-2551.82,12.2353,0,0,0,0,0,0,'None','None','None','None','None',0,0,0,278,0,72,0,0,0,'176.110.227.100','7.01.2022 -- 0:25:33',1,1,1,1,3,'None',0,'0,0,0,0,0,0,0,0,0,0,0,0,0','0,0,0,0,0,0,0,0,0,0,0,0,0',0,0,600600,1,0,0,0,0,0,0,0,1,1,1,1,1,0,0,0,0,0,0,0,0,0,0,0,0,0,0,0,0,0,0,-1,132,67,-1,-1,'85,88,91,91',2,0,5,0,0,4,0,3,0,0,10,2,'None',0,0,'0,0,0,0,1,0',0,1,9,0),(77,'Roxy_Nakamura','8aa054ed3af1ac764958ae5252bcdbe1',0,1,21,193823689,253000,'','2022-01-06','8.41.37.30',1,'None',0,0,0,0,0,5,0,0,1,2,1,-1,-1,-797.247,1904.26,702.02,0,0,0,0,0,0,'None','None','None','None','None',0,0,0,-1,0,101,0,0,0,'8.41.37.30','7.01.2022 -- 12:58:10',1,1,1,1,1,'None',0,'0,0,0,0,0,0,0,0,0,0,0,0,0','0,0,0,0,0,0,0,0,0,0,0,0,0',0,0,111111,1,1111,0,3,0,0,0,0,0,1,1,1,0,0,0,0,0,0,0,0,0,0,0,0,0,0,0,0,0,0,0,21,-1,-1,-1,-1,'40,52,64,64',0,0,0,0,0,0,0,0,1,3540,-1,0,'None',0,0,'0,0,0,0,100,0',0,0,0,3),(78,'Maus_Kotikov','0e599bb2543638f4339446f0b7526c0d',0,1,21,173600,24700,'','2022-01-06','109.252.33.36',5,'None',5,0,10,0,0,5,0,0,3,3,0,-1,-1,1822.58,2528.36,15.6825,0,0,0,0,0,0,'None','None','None','None','None',0,0,0,1,0,100,0,0,0,'109.252.33.36','7.01.2022 -- 18:40:36',1,1,1,1,3,'None',0,'0,0,0,0,0,0,0,0,0,0,0,0,0','0,0,0,0,0,0,0,0,0,0,0,0,0',0,0,0,0,0,-1,0,0,0,0,0,3077,0,0,0,1,0,0,0,0,0,0,0,0,0,0,0,0,0,0,0,0,0,0,-1,131,71,-1,-1,'0,12,34,34',0,0,0,0,0,0,0,0,0,0,-1,0,'None',716720991,0,'0,0,0,0,19,0',1,0,0,1),(79,'Andrey_Volyne','e1372a05c263352b05b0b162ffa79eab',0,1,14,400,0,'','2022-01-06','80.93.123.53',1,'None',0,0,0,0,0,0,0,0,0,0,0,-1,-1,1822.07,2524.04,15.6825,0,0,0,0,0,0,'None','None','None','None','None',0,0,0,0,0,81,0,0,0,'80.93.123.53','6.01.2022 -- 22:47:48',0,0,0,0,0,'None',0,'0,0,0,0,0,0,0,0,0,0,0,0,0','0,0,0,0,0,0,0,0,0,0,0,0,0',0,0,0,0,0,-1,0,0,0,0,0,0,0,0,0,0,0,0,0,0,0,0,0,0,0,0,0,0,0,0,0,0,0,0,-1,-1,-1,-1,-1,'95,96,97,97',0,0,0,0,0,0,0,0,0,0,-1,0,'None',0,0,'0,0,0,0,0,0',0,0,0,0),(80,'Fernando_Kotikov','ca5c8bb6112fe5b141eb638bcc8fef6d',0,1,21,400,0,'','2022-01-06','185.3.32.52',1,'Maus_Kotikov',5,0,10,0,0,0,0,0,0,0,0,-1,-1,1452.31,1679.28,15.3236,0,0,0,0,0,0,'None','None','None','None','None',0,0,0,179,0,105,0,0,0,'185.3.32.52','7.01.2022 -- 0:22:13',1,1,1,1,0,'None',0,'0,0,0,0,0,0,0,0,0,0,0,0,0','0,0,0,0,0,0,0,0,0,0,0,0,0',0,0,0,0,0,0,0,0,0,0,0,0,0,0,0,0,0,0,0,0,0,0,0,0,0,0,0,0,0,0,0,0,0,0,-1,-1,-1,-1,-1,'95,96,97,97',0,0,0,0,0,0,0,0,0,0,-1,0,'None',0,0,'0,0,0,0,0,0',0,0,0,0),(81,'Clody_Kotikov','7ca8b6d2cafb181be68c10ac085c81af',0,1,14,6816,7100,'','2022-01-07','109.252.33.36',7,'Maus_Kotikov',3,0,8,0,0,2,0,0,2,2,1,228,-1,2022.15,1883.46,15.66,0,0,0,0,0,0,'None','None','None','None','None',0,0,0,265,0,80,0,0,0,'109.252.33.36','7.01.2022 -- 18:44:11',1,1,1,1,2,'None',0,'0,0,0,0,0,0,0,0,0,0,0,0,0','0,0,0,0,0,0,0,0,0,0,0,0,0',0,0,0,0,0,0,0,0,0,0,0,0,0,0,0,1,0,0,0,0,0,0,0,0,0,0,0,0,0,0,0,0,0,0,-1,-1,-1,-1,-1,'60,68,76,76',0,0,0,0,0,0,0,0,0,0,-1,0,'None',0,0,'0,0,0,0,5,0',0,0,0,0);
/*!40000 ALTER TABLE `accounts` ENABLE KEYS */;
UNLOCK TABLES;

--
-- Table structure for table `anticheats`
--

DROP TABLE IF EXISTS `anticheats`;
/*!40101 SET @saved_cs_client     = @@character_set_client */;
/*!50503 SET character_set_client = utf8mb4 */;
CREATE TABLE `anticheats` (
  `acID` int NOT NULL DEFAULT '0',
  `acName` varchar(32) NOT NULL DEFAULT 'none',
  `acStatus` int NOT NULL DEFAULT '0'
) ENGINE=InnoDB DEFAULT CHARSET=utf8;
/*!40101 SET character_set_client = @saved_cs_client */;

--
-- Dumping data for table `anticheats`
--

LOCK TABLES `anticheats` WRITE;
/*!40000 ALTER TABLE `anticheats` DISABLE KEYS */;
INSERT INTO `anticheats` VALUES (0,'SpeedHack',0),(1,'Teleport in vehicle',0),(2,'AirBreak',0),(3,'OnFoot Crasher',0),(4,'BulletHitType',0);
/*!40000 ALTER TABLE `anticheats` ENABLE KEYS */;
UNLOCK TABLES;

--
-- Table structure for table `atms`
--

DROP TABLE IF EXISTS `atms`;
/*!40101 SET @saved_cs_client     = @@character_set_client */;
/*!50503 SET character_set_client = utf8mb4 */;
CREATE TABLE `atms` (
  `atmID` int NOT NULL AUTO_INCREMENT,
  `atmX` float NOT NULL DEFAULT '0',
  `atmY` float NOT NULL DEFAULT '0',
  `atmZ` float NOT NULL DEFAULT '0',
  PRIMARY KEY (`atmID`)
) ENGINE=InnoDB AUTO_INCREMENT=14 DEFAULT CHARSET=utf8;
/*!40101 SET character_set_client = @saved_cs_client */;

--
-- Dumping data for table `atms`
--

LOCK TABLES `atms` WRITE;
/*!40000 ALTER TABLE `atms` DISABLE KEYS */;
INSERT INTO `atms` VALUES (1,1826.11,2527.68,15.6825),(2,2053.55,1904.92,-77.2241),(3,2054.63,1904.86,-77.2241),(4,530.216,1721.84,2003.11),(5,531.001,1721.84,2003.11),(6,657.922,2321.7,1504.36),(7,657.922,2320.78,1504.35),(8,2527.84,-2133.52,21.97),(9,2473.48,-727.273,12.3);
/*!40000 ALTER TABLE `atms` ENABLE KEYS */;
UNLOCK TABLES;

--
-- Table structure for table `bans`
--

DROP TABLE IF EXISTS `bans`;
/*!40101 SET @saved_cs_client     = @@character_set_client */;
/*!50503 SET character_set_client = utf8mb4 */;
CREATE TABLE `bans` (
  `Nick` varchar(32) NOT NULL,
  `UnbanDate` int NOT NULL,
  `AdminNick` varchar(32) NOT NULL,
  `BanDate` varchar(50) NOT NULL,
  `Type` varchar(10) NOT NULL,
  `Reason` varchar(50) NOT NULL
) ENGINE=InnoDB DEFAULT CHARSET=utf8mb4 COLLATE=utf8mb4_general_ci;
/*!40101 SET character_set_client = @saved_cs_client */;

--
-- Dumping data for table `bans`
--

LOCK TABLES `bans` WRITE;
/*!40000 ALTER TABLE `bans` DISABLE KEYS */;
INSERT INTO `bans` VALUES ('Oleg_Dobbikov',1589655979,'Eduard_Dobbikov','2020/4/16 -- 22:6:19','offBan','Потерян доступ'),('James_Dobbikov',1619521629,'Eduard_Dobbikov','2020/4/27 -- 14:7:9','offBan','Cheats'),('Ya_Pizda',1620052974,'Eduard_Dobbikov','2020/5/3 -- 17:42:54','offBan','ЛОХ1'),('Sam_Esmail',1631199367,'Roman_Dobbikov','2020/9/9 -- 17:56:7','offBan','Ban'),('Eduard_Dobbiikov',1631200404,'Roman_Dobbikov','2020/9/9 -- 18:13:24','offBan','Ëèøèé àêêàóíò'),('Roma_Dobbi',1631200411,'Roman_Dobbikov','2020/9/9 -- 18:13:31','offBan','Ëèøèé àêêàóíò'),('Slava_Koptev',1631200421,'Roman_Dobbikov','2020/9/9 -- 18:13:41','offBan','Ëèøèé àêêàóíò'),('Eduard_Dobbikov',1599756616,'Roman_Dobbikov','2020/9/9 -- 19:50:16','offBan','Сука блять'),('Egor_Dobbikov',1602860152,'Egor_Dobbikov','2020/9/16 -- 17:55:52','Ban','Áàí'),('Ivan_Volkov',1664742514,'Roman_Dobbikov','2021/10/2 -- 20:28:34','offBan','Ïîòåðÿí'),('Yegor_Xyesosovich',1672344702,'Kudasai_Volkov','2021/12/29 -- 22:11:42','offBan','Пшёл нахуй');
/*!40000 ALTER TABLE `bans` ENABLE KEYS */;
UNLOCK TABLES;

--
-- Table structure for table `business_profit`
--

DROP TABLE IF EXISTS `business_profit`;
/*!40101 SET @saved_cs_client     = @@character_set_client */;
/*!50503 SET character_set_client = utf8mb4 */;
CREATE TABLE `business_profit` (
  `id` int NOT NULL AUTO_INCREMENT,
  `bid` int NOT NULL,
  `date` varchar(100) NOT NULL DEFAULT '1.1.2001',
  `money` int NOT NULL DEFAULT '0',
  PRIMARY KEY (`id`)
) ENGINE=InnoDB AUTO_INCREMENT=4446 DEFAULT CHARSET=utf8;
/*!40101 SET character_set_client = @saved_cs_client */;

--
-- Dumping data for table `business_profit`
--

LOCK TABLES `business_profit` WRITE;
/*!40000 ALTER TABLE `business_profit` DISABLE KEYS */;
INSERT INTO `business_profit` VALUES (235,5,'17.05.2020',12332),(236,5,'16.05.2020',0),(237,4,'19.5.2020',0),(238,5,'19.5.2020',1848),(239,6,'19.5.2020',0),(240,7,'19.5.2020',0),(241,8,'19.5.2020',0),(242,9,'19.5.2020',1085),(243,10,'19.5.2020',0),(244,4,'20.5.2020',0),(245,5,'20.5.2020',0),(246,6,'20.5.2020',0),(247,7,'20.5.2020',0),(248,8,'20.5.2020',0),(249,9,'20.5.2020',0),(250,10,'20.5.2020',0),(251,4,'21.5.2020',0),(252,5,'21.5.2020',0),(253,6,'21.5.2020',0),(254,7,'21.5.2020',0),(255,8,'21.5.2020',0),(256,9,'21.5.2020',0),(257,10,'21.5.2020',0),(258,4,'22.5.2020',0),(259,5,'22.5.2020',0),(260,6,'22.5.2020',0),(261,7,'22.5.2020',0),(262,8,'22.5.2020',1029000),(263,9,'22.5.2020',0),(264,10,'22.5.2020',1680),(265,4,'24.5.2020',3500),(266,5,'24.5.2020',0),(267,6,'24.5.2020',0),(268,7,'24.5.2020',1540),(269,8,'24.5.2020',0),(270,9,'24.5.2020',0),(271,10,'24.5.2020',0),(272,4,'25.5.2020',0),(273,5,'25.5.2020',0),(274,6,'25.5.2020',0),(275,7,'25.5.2020',0),(276,8,'25.5.2020',0),(277,9,'25.5.2020',0),(278,10,'25.5.2020',0),(279,4,'27.5.2020',0),(280,5,'27.5.2020',0),(281,6,'27.5.2020',0),(282,7,'27.5.2020',0),(283,8,'27.5.2020',0),(284,9,'27.5.2020',0),(285,10,'27.5.2020',0),(286,4,'27.5.2020',0),(287,5,'27.5.2020',0),(288,6,'27.5.2020',0),(289,7,'27.5.2020',0),(290,8,'27.5.2020',0),(291,9,'27.5.2020',0),(292,10,'27.5.2020',0),(293,4,'3.9.2020',0),(294,5,'3.9.2020',0),(295,6,'3.9.2020',0),(296,7,'3.9.2020',0),(297,8,'3.9.2020',0),(298,9,'3.9.2020',0),(299,10,'3.9.2020',0),(300,4,'4.9.2020',0),(301,5,'4.9.2020',0),(302,6,'4.9.2020',0),(303,7,'4.9.2020',1204),(304,8,'4.9.2020',0),(305,9,'4.9.2020',0),(306,10,'4.9.2020',0),(307,4,'5.9.2020',0),(308,5,'5.9.2020',0),(309,6,'5.9.2020',0),(310,7,'5.9.2020',0),(311,8,'5.9.2020',0),(312,9,'5.9.2020',0),(313,10,'5.9.2020',0),(314,4,'6.9.2020',350),(315,5,'6.9.2020',0),(316,6,'6.9.2020',0),(317,7,'6.9.2020',0),(318,8,'6.9.2020',0),(319,9,'6.9.2020',0),(320,10,'6.9.2020',0),(321,11,'6.9.2020',0),(322,12,'6.9.2020',0),(323,13,'6.9.2020',0),(324,14,'6.9.2020',0),(325,15,'6.9.2020',0),(326,16,'6.9.2020',0),(327,17,'6.9.2020',0),(328,18,'6.9.2020',0),(329,19,'6.9.2020',0),(330,20,'6.9.2020',0),(331,21,'6.9.2020',0),(332,22,'6.9.2020',0),(333,4,'7.9.2020',0),(334,5,'7.9.2020',0),(335,6,'7.9.2020',0),(336,7,'7.9.2020',0),(337,8,'7.9.2020',0),(338,9,'7.9.2020',0),(339,10,'7.9.2020',0),(340,11,'7.9.2020',0),(341,12,'7.9.2020',0),(342,13,'7.9.2020',0),(343,14,'7.9.2020',0),(344,15,'7.9.2020',0),(345,16,'7.9.2020',0),(346,17,'7.9.2020',0),(347,18,'7.9.2020',0),(348,19,'7.9.2020',0),(349,20,'7.9.2020',0),(350,21,'7.9.2020',0),(351,22,'7.9.2020',0),(352,4,'8.9.2020',0),(353,5,'8.9.2020',0),(354,6,'8.9.2020',0),(355,7,'8.9.2020',0),(356,8,'8.9.2020',0),(357,9,'8.9.2020',0),(358,10,'8.9.2020',0),(359,11,'8.9.2020',0),(360,12,'8.9.2020',0),(361,13,'8.9.2020',0),(362,14,'8.9.2020',0),(363,15,'8.9.2020',0),(364,16,'8.9.2020',0),(365,17,'8.9.2020',0),(366,18,'8.9.2020',0),(367,19,'8.9.2020',0),(368,20,'8.9.2020',0),(369,21,'8.9.2020',0),(370,22,'8.9.2020',0),(371,4,'9.9.2020',1750),(372,5,'9.9.2020',0),(373,6,'9.9.2020',0),(374,7,'9.9.2020',0),(375,8,'9.9.2020',0),(376,9,'9.9.2020',210),(377,10,'9.9.2020',0),(378,11,'9.9.2020',0),(379,12,'9.9.2020',0),(380,13,'9.9.2020',0),(381,14,'9.9.2020',0),(382,15,'9.9.2020',0),(383,16,'9.9.2020',0),(384,17,'9.9.2020',0),(385,18,'9.9.2020',0),(386,19,'9.9.2020',0),(387,20,'9.9.2020',0),(388,21,'9.9.2020',1636),(389,22,'9.9.2020',0),(390,4,'10.9.2020',0),(391,5,'10.9.2020',0),(392,6,'10.9.2020',4900),(393,7,'10.9.2020',2940),(394,8,'10.9.2020',0),(395,9,'10.9.2020',0),(396,10,'10.9.2020',0),(397,11,'10.9.2020',0),(398,12,'10.9.2020',0),(399,13,'10.9.2020',0),(400,14,'10.9.2020',0),(401,15,'10.9.2020',0),(402,16,'10.9.2020',0),(403,17,'10.9.2020',0),(404,18,'10.9.2020',0),(405,19,'10.9.2020',0),(406,20,'10.9.2020',0),(407,21,'10.9.2020',0),(408,22,'10.9.2020',0),(409,4,'11.9.2020',0),(410,5,'11.9.2020',0),(411,6,'11.9.2020',0),(412,7,'11.9.2020',0),(413,8,'11.9.2020',0),(414,9,'11.9.2020',0),(415,10,'11.9.2020',0),(416,11,'11.9.2020',0),(417,12,'11.9.2020',0),(418,13,'11.9.2020',0),(419,14,'11.9.2020',0),(420,15,'11.9.2020',0),(421,16,'11.9.2020',0),(422,17,'11.9.2020',0),(423,18,'11.9.2020',0),(424,19,'11.9.2020',0),(425,20,'11.9.2020',0),(426,21,'11.9.2020',0),(427,22,'11.9.2020',0),(428,4,'12.9.2020',0),(429,5,'12.9.2020',0),(430,6,'12.9.2020',0),(431,7,'12.9.2020',0),(432,8,'12.9.2020',0),(433,9,'12.9.2020',0),(434,10,'12.9.2020',0),(435,11,'12.9.2020',0),(436,12,'12.9.2020',0),(437,13,'12.9.2020',0),(438,14,'12.9.2020',0),(439,15,'12.9.2020',0),(440,16,'12.9.2020',0),(441,17,'12.9.2020',0),(442,18,'12.9.2020',0),(443,19,'12.9.2020',0),(444,20,'12.9.2020',0),(445,21,'12.9.2020',0),(446,22,'12.9.2020',0),(447,4,'13.9.2020',0),(448,5,'13.9.2020',0),(449,6,'13.9.2020',0),(450,7,'13.9.2020',0),(451,8,'13.9.2020',0),(452,9,'13.9.2020',0),(453,10,'13.9.2020',0),(454,11,'13.9.2020',0),(455,12,'13.9.2020',0),(456,13,'13.9.2020',0),(457,14,'13.9.2020',0),(458,15,'13.9.2020',0),(459,16,'13.9.2020',0),(460,17,'13.9.2020',0),(461,18,'13.9.2020',0),(462,19,'13.9.2020',0),(463,20,'13.9.2020',0),(464,21,'13.9.2020',0),(465,22,'13.9.2020',0),(466,4,'15.9.2020',0),(467,5,'15.9.2020',0),(468,6,'15.9.2020',11550),(469,7,'15.9.2020',175),(470,8,'15.9.2020',0),(471,9,'15.9.2020',0),(472,10,'15.9.2020',0),(473,11,'15.9.2020',0),(474,12,'15.9.2020',0),(475,13,'15.9.2020',0),(476,14,'15.9.2020',0),(477,15,'15.9.2020',0),(478,16,'15.9.2020',0),(479,17,'15.9.2020',0),(480,18,'15.9.2020',0),(481,19,'15.9.2020',0),(482,20,'15.9.2020',0),(483,21,'15.9.2020',0),(484,22,'15.9.2020',0),(485,4,'15.9.2020',0),(486,5,'15.9.2020',0),(487,6,'15.9.2020',0),(488,7,'15.9.2020',0),(489,8,'15.9.2020',0),(490,9,'15.9.2020',0),(491,10,'15.9.2020',0),(492,11,'15.9.2020',0),(493,12,'15.9.2020',0),(494,13,'15.9.2020',0),(495,14,'15.9.2020',0),(496,15,'15.9.2020',0),(497,16,'15.9.2020',0),(498,17,'15.9.2020',0),(499,18,'15.9.2020',0),(500,19,'15.9.2020',0),(501,20,'15.9.2020',0),(502,21,'15.9.2020',0),(503,22,'15.9.2020',0),(504,4,'16.9.2020',0),(505,5,'16.9.2020',0),(506,6,'16.9.2020',0),(507,7,'16.9.2020',0),(508,8,'16.9.2020',0),(509,9,'16.9.2020',0),(510,10,'16.9.2020',0),(511,11,'16.9.2020',0),(512,12,'16.9.2020',0),(513,13,'16.9.2020',0),(514,14,'16.9.2020',0),(515,15,'16.9.2020',0),(516,16,'16.9.2020',0),(517,17,'16.9.2020',0),(518,18,'16.9.2020',0),(519,19,'16.9.2020',0),(520,20,'16.9.2020',0),(521,21,'16.9.2020',0),(522,22,'16.9.2020',0),(523,4,'17.9.2020',0),(524,5,'17.9.2020',0),(525,6,'17.9.2020',0),(526,7,'17.9.2020',0),(527,8,'17.9.2020',0),(528,9,'17.9.2020',0),(529,10,'17.9.2020',0),(530,11,'17.9.2020',0),(531,12,'17.9.2020',0),(532,13,'17.9.2020',0),(533,14,'17.9.2020',0),(534,15,'17.9.2020',0),(535,16,'17.9.2020',0),(536,17,'17.9.2020',0),(537,18,'17.9.2020',0),(538,19,'17.9.2020',0),(539,20,'17.9.2020',0),(540,21,'17.9.2020',0),(541,22,'17.9.2020',0),(542,4,'4.5.2021',0),(543,5,'4.5.2021',0),(544,6,'4.5.2021',38850),(545,7,'4.5.2021',476),(546,8,'4.5.2021',58),(547,9,'4.5.2021',0),(548,10,'4.5.2021',2674),(549,11,'4.5.2021',18585),(550,12,'4.5.2021',5285),(551,13,'4.5.2021',0),(552,14,'4.5.2021',0),(553,15,'4.5.2021',0),(554,16,'4.5.2021',0),(555,17,'4.5.2021',0),(556,18,'4.5.2021',0),(557,19,'4.5.2021',0),(558,20,'4.5.2021',0),(559,21,'4.5.2021',0),(560,22,'4.5.2021',0),(561,4,'5.5.2021',0),(562,5,'5.5.2021',0),(563,6,'5.5.2021',0),(564,7,'5.5.2021',0),(565,8,'5.5.2021',0),(566,9,'5.5.2021',0),(567,10,'5.5.2021',0),(568,11,'5.5.2021',0),(569,12,'5.5.2021',0),(570,13,'5.5.2021',0),(571,14,'5.5.2021',0),(572,15,'5.5.2021',0),(573,16,'5.5.2021',0),(574,17,'5.5.2021',0),(575,18,'5.5.2021',0),(576,19,'5.5.2021',0),(577,20,'5.5.2021',0),(578,21,'5.5.2021',0),(579,22,'5.5.2021',0),(580,4,'6.5.2021',0),(581,5,'6.5.2021',11466),(582,6,'6.5.2021',4900),(583,7,'6.5.2021',0),(584,8,'6.5.2021',0),(585,9,'6.5.2021',490),(586,10,'6.5.2021',805),(587,11,'6.5.2021',0),(588,12,'6.5.2021',0),(589,13,'6.5.2021',0),(590,14,'6.5.2021',0),(591,15,'6.5.2021',0),(592,16,'6.5.2021',0),(593,17,'6.5.2021',0),(594,18,'6.5.2021',0),(595,19,'6.5.2021',0),(596,20,'6.5.2021',0),(597,21,'6.5.2021',0),(598,22,'6.5.2021',0),(599,4,'7.5.2021',0),(600,5,'7.5.2021',504),(601,6,'7.5.2021',3500),(602,7,'7.5.2021',0),(603,8,'7.5.2021',0),(604,9,'7.5.2021',0),(605,10,'7.5.2021',0),(606,11,'7.5.2021',0),(607,12,'7.5.2021',0),(608,13,'7.5.2021',0),(609,14,'7.5.2021',0),(610,15,'7.5.2021',0),(611,16,'7.5.2021',0),(612,17,'7.5.2021',0),(613,18,'7.5.2021',0),(614,19,'7.5.2021',0),(615,20,'7.5.2021',0),(616,21,'7.5.2021',0),(617,22,'7.5.2021',0),(618,4,'8.5.2021',0),(619,5,'8.5.2021',0),(620,6,'8.5.2021',0),(621,7,'8.5.2021',0),(622,8,'8.5.2021',0),(623,9,'8.5.2021',0),(624,10,'8.5.2021',0),(625,11,'8.5.2021',0),(626,12,'8.5.2021',0),(627,13,'8.5.2021',0),(628,14,'8.5.2021',0),(629,15,'8.5.2021',0),(630,16,'8.5.2021',0),(631,17,'8.5.2021',0),(632,18,'8.5.2021',0),(633,19,'8.5.2021',0),(634,20,'8.5.2021',0),(635,21,'8.5.2021',0),(636,22,'8.5.2021',0),(637,4,'9.5.2021',0),(638,5,'9.5.2021',0),(639,6,'9.5.2021',0),(640,7,'9.5.2021',0),(641,8,'9.5.2021',0),(642,9,'9.5.2021',0),(643,10,'9.5.2021',0),(644,11,'9.5.2021',0),(645,12,'9.5.2021',0),(646,13,'9.5.2021',0),(647,14,'9.5.2021',0),(648,15,'9.5.2021',0),(649,16,'9.5.2021',0),(650,17,'9.5.2021',0),(651,18,'9.5.2021',0),(652,19,'9.5.2021',0),(653,20,'9.5.2021',0),(654,21,'9.5.2021',0),(655,22,'9.5.2021',0),(656,4,'10.5.2021',0),(657,5,'10.5.2021',0),(658,6,'10.5.2021',0),(659,7,'10.5.2021',0),(660,8,'10.5.2021',0),(661,9,'10.5.2021',0),(662,10,'10.5.2021',0),(663,11,'10.5.2021',0),(664,12,'10.5.2021',0),(665,13,'10.5.2021',0),(666,14,'10.5.2021',0),(667,15,'10.5.2021',0),(668,16,'10.5.2021',0),(669,17,'10.5.2021',0),(670,18,'10.5.2021',0),(671,19,'10.5.2021',0),(672,20,'10.5.2021',0),(673,21,'10.5.2021',0),(674,22,'10.5.2021',0),(675,4,'11.5.2021',0),(676,5,'11.5.2021',0),(677,6,'11.5.2021',0),(678,7,'11.5.2021',0),(679,8,'11.5.2021',0),(680,9,'11.5.2021',0),(681,10,'11.5.2021',0),(682,11,'11.5.2021',0),(683,12,'11.5.2021',0),(684,13,'11.5.2021',0),(685,14,'11.5.2021',0),(686,15,'11.5.2021',0),(687,16,'11.5.2021',0),(688,17,'11.5.2021',0),(689,18,'11.5.2021',0),(690,19,'11.5.2021',0),(691,20,'11.5.2021',0),(692,21,'11.5.2021',0),(693,22,'11.5.2021',0),(694,4,'12.5.2021',0),(695,5,'12.5.2021',0),(696,6,'12.5.2021',0),(697,7,'12.5.2021',0),(698,8,'12.5.2021',0),(699,9,'12.5.2021',0),(700,10,'12.5.2021',0),(701,11,'12.5.2021',0),(702,12,'12.5.2021',0),(703,13,'12.5.2021',0),(704,14,'12.5.2021',0),(705,15,'12.5.2021',0),(706,16,'12.5.2021',0),(707,17,'12.5.2021',0),(708,18,'12.5.2021',0),(709,19,'12.5.2021',0),(710,20,'12.5.2021',0),(711,21,'12.5.2021',0),(712,22,'12.5.2021',0),(713,4,'13.5.2021',0),(714,5,'13.5.2021',0),(715,6,'13.5.2021',0),(716,7,'13.5.2021',0),(717,8,'13.5.2021',0),(718,9,'13.5.2021',0),(719,10,'13.5.2021',0),(720,11,'13.5.2021',0),(721,12,'13.5.2021',0),(722,13,'13.5.2021',0),(723,14,'13.5.2021',0),(724,15,'13.5.2021',0),(725,16,'13.5.2021',0),(726,17,'13.5.2021',0),(727,18,'13.5.2021',0),(728,19,'13.5.2021',0),(729,20,'13.5.2021',0),(730,21,'13.5.2021',0),(731,22,'13.5.2021',0),(732,4,'14.5.2021',0),(733,5,'14.5.2021',0),(734,6,'14.5.2021',0),(735,7,'14.5.2021',0),(736,8,'14.5.2021',0),(737,9,'14.5.2021',0),(738,10,'14.5.2021',0),(739,11,'14.5.2021',0),(740,12,'14.5.2021',0),(741,13,'14.5.2021',0),(742,14,'14.5.2021',0),(743,15,'14.5.2021',0),(744,16,'14.5.2021',0),(745,17,'14.5.2021',0),(746,18,'14.5.2021',0),(747,19,'14.5.2021',0),(748,20,'14.5.2021',0),(749,21,'14.5.2021',0),(750,22,'14.5.2021',0),(751,4,'15.5.2021',0),(752,5,'15.5.2021',0),(753,6,'15.5.2021',0),(754,7,'15.5.2021',0),(755,8,'15.5.2021',0),(756,9,'15.5.2021',0),(757,10,'15.5.2021',0),(758,11,'15.5.2021',0),(759,12,'15.5.2021',0),(760,13,'15.5.2021',0),(761,14,'15.5.2021',0),(762,15,'15.5.2021',0),(763,16,'15.5.2021',0),(764,17,'15.5.2021',0),(765,18,'15.5.2021',0),(766,19,'15.5.2021',0),(767,20,'15.5.2021',0),(768,21,'15.5.2021',0),(769,22,'15.5.2021',0),(770,4,'16.5.2021',0),(771,5,'16.5.2021',0),(772,6,'16.5.2021',0),(773,7,'16.5.2021',0),(774,8,'16.5.2021',0),(775,9,'16.5.2021',0),(776,10,'16.5.2021',0),(777,11,'16.5.2021',0),(778,12,'16.5.2021',0),(779,13,'16.5.2021',0),(780,14,'16.5.2021',0),(781,15,'16.5.2021',0),(782,16,'16.5.2021',0),(783,17,'16.5.2021',0),(784,18,'16.5.2021',0),(785,19,'16.5.2021',0),(786,20,'16.5.2021',0),(787,21,'16.5.2021',0),(788,22,'16.5.2021',0),(789,4,'17.5.2021',0),(790,5,'17.5.2021',0),(791,6,'17.5.2021',0),(792,7,'17.5.2021',0),(793,8,'17.5.2021',0),(794,9,'17.5.2021',0),(795,10,'17.5.2021',0),(796,11,'17.5.2021',0),(797,12,'17.5.2021',0),(798,13,'17.5.2021',0),(799,14,'17.5.2021',0),(800,15,'17.5.2021',0),(801,16,'17.5.2021',0),(802,17,'17.5.2021',0),(803,18,'17.5.2021',0),(804,19,'17.5.2021',0),(805,20,'17.5.2021',0),(806,21,'17.5.2021',0),(807,22,'17.5.2021',0),(808,4,'18.5.2021',0),(809,5,'18.5.2021',0),(810,6,'18.5.2021',0),(811,7,'18.5.2021',0),(812,8,'18.5.2021',0),(813,9,'18.5.2021',0),(814,10,'18.5.2021',0),(815,11,'18.5.2021',0),(816,12,'18.5.2021',0),(817,13,'18.5.2021',0),(818,14,'18.5.2021',0),(819,15,'18.5.2021',0),(820,16,'18.5.2021',0),(821,17,'18.5.2021',0),(822,18,'18.5.2021',0),(823,19,'18.5.2021',0),(824,20,'18.5.2021',0),(825,21,'18.5.2021',0),(826,22,'18.5.2021',0),(827,4,'19.5.2021',0),(828,5,'19.5.2021',0),(829,6,'19.5.2021',0),(830,7,'19.5.2021',0),(831,8,'19.5.2021',0),(832,9,'19.5.2021',0),(833,10,'19.5.2021',0),(834,11,'19.5.2021',0),(835,12,'19.5.2021',0),(836,13,'19.5.2021',0),(837,14,'19.5.2021',0),(838,15,'19.5.2021',0),(839,16,'19.5.2021',0),(840,17,'19.5.2021',0),(841,18,'19.5.2021',0),(842,19,'19.5.2021',0),(843,20,'19.5.2021',0),(844,21,'19.5.2021',0),(845,22,'19.5.2021',0),(846,4,'20.5.2021',0),(847,5,'20.5.2021',0),(848,6,'20.5.2021',0),(849,7,'20.5.2021',0),(850,8,'20.5.2021',0),(851,9,'20.5.2021',0),(852,10,'20.5.2021',0),(853,11,'20.5.2021',0),(854,12,'20.5.2021',0),(855,13,'20.5.2021',0),(856,14,'20.5.2021',0),(857,15,'20.5.2021',0),(858,16,'20.5.2021',0),(859,17,'20.5.2021',0),(860,18,'20.5.2021',0),(861,19,'20.5.2021',0),(862,20,'20.5.2021',0),(863,21,'20.5.2021',0),(864,22,'20.5.2021',0),(865,4,'21.5.2021',0),(866,5,'21.5.2021',0),(867,6,'21.5.2021',0),(868,7,'21.5.2021',0),(869,8,'21.5.2021',0),(870,9,'21.5.2021',0),(871,10,'21.5.2021',0),(872,11,'21.5.2021',0),(873,12,'21.5.2021',0),(874,13,'21.5.2021',0),(875,14,'21.5.2021',0),(876,15,'21.5.2021',0),(877,16,'21.5.2021',0),(878,17,'21.5.2021',0),(879,18,'21.5.2021',0),(880,19,'21.5.2021',0),(881,20,'21.5.2021',0),(882,21,'21.5.2021',0),(883,22,'21.5.2021',0),(884,4,'22.5.2021',0),(885,5,'22.5.2021',0),(886,6,'22.5.2021',0),(887,7,'22.5.2021',0),(888,8,'22.5.2021',0),(889,9,'22.5.2021',0),(890,10,'22.5.2021',0),(891,11,'22.5.2021',0),(892,12,'22.5.2021',0),(893,13,'22.5.2021',0),(894,14,'22.5.2021',0),(895,15,'22.5.2021',0),(896,16,'22.5.2021',0),(897,17,'22.5.2021',0),(898,18,'22.5.2021',0),(899,19,'22.5.2021',0),(900,20,'22.5.2021',0),(901,21,'22.5.2021',0),(902,22,'22.5.2021',0),(903,4,'23.5.2021',0),(904,5,'23.5.2021',0),(905,6,'23.5.2021',0),(906,7,'23.5.2021',0),(907,8,'23.5.2021',0),(908,9,'23.5.2021',0),(909,10,'23.5.2021',0),(910,11,'23.5.2021',0),(911,12,'23.5.2021',0),(912,13,'23.5.2021',0),(913,14,'23.5.2021',0),(914,15,'23.5.2021',0),(915,16,'23.5.2021',0),(916,17,'23.5.2021',0),(917,18,'23.5.2021',0),(918,19,'23.5.2021',0),(919,20,'23.5.2021',0),(920,21,'23.5.2021',0),(921,22,'23.5.2021',0),(922,4,'24.5.2021',0),(923,5,'24.5.2021',0),(924,6,'24.5.2021',0),(925,7,'24.5.2021',0),(926,8,'24.5.2021',0),(927,9,'24.5.2021',0),(928,10,'24.5.2021',0),(929,11,'24.5.2021',0),(930,12,'24.5.2021',0),(931,13,'24.5.2021',0),(932,14,'24.5.2021',0),(933,15,'24.5.2021',0),(934,16,'24.5.2021',0),(935,17,'24.5.2021',0),(936,18,'24.5.2021',0),(937,19,'24.5.2021',0),(938,20,'24.5.2021',0),(939,21,'24.5.2021',0),(940,22,'24.5.2021',0),(941,4,'25.5.2021',0),(942,5,'25.5.2021',0),(943,6,'25.5.2021',0),(944,7,'25.5.2021',0),(945,8,'25.5.2021',0),(946,9,'25.5.2021',0),(947,10,'25.5.2021',0),(948,11,'25.5.2021',0),(949,12,'25.5.2021',0),(950,13,'25.5.2021',0),(951,14,'25.5.2021',0),(952,15,'25.5.2021',0),(953,16,'25.5.2021',0),(954,17,'25.5.2021',0),(955,18,'25.5.2021',0),(956,19,'25.5.2021',0),(957,20,'25.5.2021',0),(958,21,'25.5.2021',0),(959,22,'25.5.2021',0),(960,4,'26.5.2021',0),(961,5,'26.5.2021',0),(962,6,'26.5.2021',0),(963,7,'26.5.2021',0),(964,8,'26.5.2021',0),(965,9,'26.5.2021',0),(966,10,'26.5.2021',0),(967,11,'26.5.2021',0),(968,12,'26.5.2021',0),(969,13,'26.5.2021',0),(970,14,'26.5.2021',0),(971,15,'26.5.2021',0),(972,16,'26.5.2021',0),(973,17,'26.5.2021',0),(974,18,'26.5.2021',0),(975,19,'26.5.2021',0),(976,20,'26.5.2021',0),(977,21,'26.5.2021',0),(978,22,'26.5.2021',0),(979,4,'27.5.2021',0),(980,5,'27.5.2021',0),(981,6,'27.5.2021',0),(982,7,'27.5.2021',0),(983,8,'27.5.2021',0),(984,9,'27.5.2021',0),(985,10,'27.5.2021',0),(986,11,'27.5.2021',0),(987,12,'27.5.2021',0),(988,13,'27.5.2021',0),(989,14,'27.5.2021',0),(990,15,'27.5.2021',0),(991,16,'27.5.2021',0),(992,17,'27.5.2021',0),(993,18,'27.5.2021',0),(994,19,'27.5.2021',0),(995,20,'27.5.2021',0),(996,21,'27.5.2021',0),(997,22,'27.5.2021',0),(998,4,'28.5.2021',0),(999,5,'28.5.2021',0),(1000,6,'28.5.2021',0),(1001,7,'28.5.2021',0),(1002,8,'28.5.2021',0),(1003,9,'28.5.2021',0),(1004,10,'28.5.2021',0),(1005,11,'28.5.2021',0),(1006,12,'28.5.2021',0),(1007,13,'28.5.2021',0),(1008,14,'28.5.2021',0),(1009,15,'28.5.2021',0),(1010,16,'28.5.2021',0),(1011,17,'28.5.2021',0),(1012,18,'28.5.2021',0),(1013,19,'28.5.2021',0),(1014,20,'28.5.2021',0),(1015,21,'28.5.2021',0),(1016,22,'28.5.2021',0),(1017,4,'29.5.2021',0),(1018,5,'29.5.2021',0),(1019,6,'29.5.2021',0),(1020,7,'29.5.2021',0),(1021,8,'29.5.2021',0),(1022,9,'29.5.2021',0),(1023,10,'29.5.2021',0),(1024,11,'29.5.2021',0),(1025,12,'29.5.2021',0),(1026,13,'29.5.2021',0),(1027,14,'29.5.2021',0),(1028,15,'29.5.2021',0),(1029,16,'29.5.2021',0),(1030,17,'29.5.2021',0),(1031,18,'29.5.2021',0),(1032,19,'29.5.2021',0),(1033,20,'29.5.2021',0),(1034,21,'29.5.2021',0),(1035,22,'29.5.2021',0),(1036,4,'30.5.2021',0),(1037,5,'30.5.2021',0),(1038,6,'30.5.2021',0),(1039,7,'30.5.2021',0),(1040,8,'30.5.2021',0),(1041,9,'30.5.2021',0),(1042,10,'30.5.2021',0),(1043,11,'30.5.2021',0),(1044,12,'30.5.2021',0),(1045,13,'30.5.2021',0),(1046,14,'30.5.2021',0),(1047,15,'30.5.2021',0),(1048,16,'30.5.2021',0),(1049,17,'30.5.2021',0),(1050,18,'30.5.2021',0),(1051,19,'30.5.2021',0),(1052,20,'30.5.2021',0),(1053,21,'30.5.2021',0),(1054,22,'30.5.2021',0),(1055,4,'31.5.2021',0),(1056,5,'31.5.2021',0),(1057,6,'31.5.2021',0),(1058,7,'31.5.2021',0),(1059,8,'31.5.2021',0),(1060,9,'31.5.2021',0),(1061,10,'31.5.2021',0),(1062,11,'31.5.2021',0),(1063,12,'31.5.2021',0),(1064,13,'31.5.2021',0),(1065,14,'31.5.2021',0),(1066,15,'31.5.2021',0),(1067,16,'31.5.2021',0),(1068,17,'31.5.2021',0),(1069,18,'31.5.2021',0),(1070,19,'31.5.2021',0),(1071,20,'31.5.2021',0),(1072,21,'31.5.2021',0),(1073,22,'31.5.2021',0),(1074,4,'10.6.2021',0),(1075,5,'10.6.2021',0),(1076,6,'10.6.2021',0),(1077,7,'10.6.2021',0),(1078,8,'10.6.2021',0),(1079,9,'10.6.2021',0),(1080,10,'10.6.2021',0),(1081,11,'10.6.2021',0),(1082,12,'10.6.2021',0),(1083,13,'10.6.2021',0),(1084,14,'10.6.2021',0),(1085,15,'10.6.2021',0),(1086,16,'10.6.2021',0),(1087,17,'10.6.2021',0),(1088,18,'10.6.2021',0),(1089,19,'10.6.2021',0),(1090,20,'10.6.2021',0),(1091,21,'10.6.2021',0),(1092,22,'10.6.2021',0),(1093,4,'6.7.2021',0),(1094,5,'6.7.2021',0),(1095,6,'6.7.2021',0),(1096,7,'6.7.2021',0),(1097,8,'6.7.2021',0),(1098,9,'6.7.2021',0),(1099,10,'6.7.2021',0),(1100,11,'6.7.2021',0),(1101,12,'6.7.2021',0),(1102,13,'6.7.2021',0),(1103,14,'6.7.2021',0),(1104,15,'6.7.2021',0),(1105,16,'6.7.2021',0),(1106,17,'6.7.2021',0),(1107,18,'6.7.2021',0),(1108,19,'6.7.2021',0),(1109,20,'6.7.2021',0),(1110,21,'6.7.2021',0),(1111,22,'6.7.2021',0),(1112,4,'7.7.2021',0),(1113,5,'7.7.2021',0),(1114,6,'7.7.2021',0),(1115,7,'7.7.2021',0),(1116,8,'7.7.2021',0),(1117,9,'7.7.2021',0),(1118,10,'7.7.2021',0),(1119,11,'7.7.2021',0),(1120,12,'7.7.2021',0),(1121,13,'7.7.2021',0),(1122,14,'7.7.2021',0),(1123,15,'7.7.2021',0),(1124,16,'7.7.2021',0),(1125,17,'7.7.2021',0),(1126,18,'7.7.2021',0),(1127,19,'7.7.2021',0),(1128,20,'7.7.2021',0),(1129,21,'7.7.2021',0),(1130,22,'7.7.2021',0),(1131,4,'7.7.2021',0),(1132,5,'7.7.2021',0),(1133,6,'7.7.2021',0),(1134,7,'7.7.2021',0),(1135,8,'7.7.2021',0),(1136,9,'7.7.2021',0),(1137,10,'7.7.2021',0),(1138,11,'7.7.2021',0),(1139,12,'7.7.2021',0),(1140,13,'7.7.2021',0),(1141,14,'7.7.2021',0),(1142,15,'7.7.2021',0),(1143,16,'7.7.2021',0),(1144,17,'7.7.2021',0),(1145,18,'7.7.2021',0),(1146,19,'7.7.2021',0),(1147,20,'7.7.2021',0),(1148,21,'7.7.2021',0),(1149,22,'7.7.2021',0),(1150,4,'8.7.2021',0),(1151,5,'8.7.2021',0),(1152,6,'8.7.2021',0),(1153,7,'8.7.2021',0),(1154,8,'8.7.2021',0),(1155,9,'8.7.2021',0),(1156,10,'8.7.2021',0),(1157,11,'8.7.2021',0),(1158,12,'8.7.2021',0),(1159,13,'8.7.2021',0),(1160,14,'8.7.2021',0),(1161,15,'8.7.2021',0),(1162,16,'8.7.2021',0),(1163,17,'8.7.2021',0),(1164,18,'8.7.2021',0),(1165,19,'8.7.2021',0),(1166,20,'8.7.2021',0),(1167,21,'8.7.2021',0),(1168,22,'8.7.2021',0),(1169,4,'9.7.2021',0),(1170,5,'9.7.2021',0),(1171,6,'9.7.2021',0),(1172,7,'9.7.2021',0),(1173,8,'9.7.2021',0),(1174,9,'9.7.2021',0),(1175,10,'9.7.2021',0),(1176,11,'9.7.2021',0),(1177,12,'9.7.2021',0),(1178,13,'9.7.2021',0),(1179,14,'9.7.2021',0),(1180,15,'9.7.2021',0),(1181,16,'9.7.2021',0),(1182,17,'9.7.2021',0),(1183,18,'9.7.2021',0),(1184,19,'9.7.2021',0),(1185,20,'9.7.2021',0),(1186,21,'9.7.2021',0),(1187,22,'9.7.2021',0),(1188,4,'20.9.2021',0),(1189,5,'20.9.2021',0),(1190,6,'20.9.2021',0),(1191,7,'20.9.2021',0),(1192,8,'20.9.2021',0),(1193,9,'20.9.2021',0),(1194,10,'20.9.2021',0),(1195,11,'20.9.2021',0),(1196,12,'20.9.2021',0),(1197,13,'20.9.2021',0),(1198,14,'20.9.2021',0),(1199,15,'20.9.2021',0),(1200,16,'20.9.2021',0),(1201,17,'20.9.2021',0),(1202,18,'20.9.2021',0),(1203,19,'20.9.2021',0),(1204,20,'20.9.2021',0),(1205,21,'20.9.2021',0),(1206,22,'20.9.2021',0),(1207,4,'21.9.2021',0),(1208,5,'21.9.2021',0),(1209,6,'21.9.2021',0),(1210,7,'21.9.2021',0),(1211,8,'21.9.2021',0),(1212,9,'21.9.2021',0),(1213,10,'21.9.2021',0),(1214,11,'21.9.2021',0),(1215,12,'21.9.2021',0),(1216,13,'21.9.2021',0),(1217,14,'21.9.2021',0),(1218,15,'21.9.2021',0),(1219,16,'21.9.2021',0),(1220,17,'21.9.2021',0),(1221,18,'21.9.2021',0),(1222,19,'21.9.2021',0),(1223,20,'21.9.2021',0),(1224,21,'21.9.2021',0),(1225,22,'21.9.2021',0),(1226,4,'22.9.2021',0),(1227,5,'22.9.2021',0),(1228,6,'22.9.2021',0),(1229,7,'22.9.2021',0),(1230,8,'22.9.2021',0),(1231,9,'22.9.2021',0),(1232,10,'22.9.2021',0),(1233,11,'22.9.2021',0),(1234,12,'22.9.2021',0),(1235,13,'22.9.2021',0),(1236,14,'22.9.2021',0),(1237,15,'22.9.2021',0),(1238,16,'22.9.2021',0),(1239,17,'22.9.2021',0),(1240,18,'22.9.2021',0),(1241,19,'22.9.2021',0),(1242,20,'22.9.2021',0),(1243,21,'22.9.2021',0),(1244,22,'22.9.2021',0),(1245,4,'23.9.2021',0),(1246,5,'23.9.2021',0),(1247,6,'23.9.2021',0),(1248,7,'23.9.2021',0),(1249,8,'23.9.2021',0),(1250,9,'23.9.2021',0),(1251,10,'23.9.2021',0),(1252,11,'23.9.2021',0),(1253,12,'23.9.2021',0),(1254,13,'23.9.2021',0),(1255,14,'23.9.2021',0),(1256,15,'23.9.2021',0),(1257,16,'23.9.2021',0),(1258,17,'23.9.2021',0),(1259,18,'23.9.2021',0),(1260,19,'23.9.2021',0),(1261,20,'23.9.2021',0),(1262,21,'23.9.2021',0),(1263,22,'23.9.2021',0),(1264,4,'24.9.2021',0),(1265,5,'24.9.2021',0),(1266,6,'24.9.2021',0),(1267,7,'24.9.2021',0),(1268,8,'24.9.2021',0),(1269,9,'24.9.2021',0),(1270,10,'24.9.2021',0),(1271,11,'24.9.2021',0),(1272,12,'24.9.2021',0),(1273,13,'24.9.2021',0),(1274,14,'24.9.2021',0),(1275,15,'24.9.2021',0),(1276,16,'24.9.2021',0),(1277,17,'24.9.2021',0),(1278,18,'24.9.2021',0),(1279,19,'24.9.2021',0),(1280,20,'24.9.2021',0),(1281,21,'24.9.2021',0),(1282,22,'24.9.2021',0),(1283,4,'24.9.2021',0),(1284,5,'24.9.2021',0),(1285,6,'24.9.2021',0),(1286,7,'24.9.2021',0),(1287,8,'24.9.2021',0),(1288,9,'24.9.2021',0),(1289,10,'24.9.2021',0),(1290,11,'24.9.2021',0),(1291,12,'24.9.2021',0),(1292,13,'24.9.2021',0),(1293,14,'24.9.2021',0),(1294,15,'24.9.2021',0),(1295,16,'24.9.2021',0),(1296,17,'24.9.2021',0),(1297,18,'24.9.2021',0),(1298,19,'24.9.2021',0),(1299,20,'24.9.2021',0),(1300,21,'24.9.2021',0),(1301,22,'24.9.2021',0),(1302,4,'25.9.2021',0),(1303,5,'25.9.2021',0),(1304,6,'25.9.2021',0),(1305,7,'25.9.2021',0),(1306,8,'25.9.2021',0),(1307,9,'25.9.2021',0),(1308,10,'25.9.2021',0),(1309,11,'25.9.2021',0),(1310,12,'25.9.2021',0),(1311,13,'25.9.2021',0),(1312,14,'25.9.2021',0),(1313,15,'25.9.2021',0),(1314,16,'25.9.2021',0),(1315,17,'25.9.2021',0),(1316,18,'25.9.2021',0),(1317,19,'25.9.2021',0),(1318,20,'25.9.2021',0),(1319,21,'25.9.2021',0),(1320,22,'25.9.2021',0),(1321,4,'26.9.2021',0),(1322,5,'26.9.2021',0),(1323,6,'26.9.2021',0),(1324,7,'26.9.2021',0),(1325,8,'26.9.2021',0),(1326,9,'26.9.2021',0),(1327,10,'26.9.2021',0),(1328,11,'26.9.2021',0),(1329,12,'26.9.2021',0),(1330,13,'26.9.2021',0),(1331,14,'26.9.2021',0),(1332,15,'26.9.2021',0),(1333,16,'26.9.2021',0),(1334,17,'26.9.2021',0),(1335,18,'26.9.2021',0),(1336,19,'26.9.2021',0),(1337,20,'26.9.2021',0),(1338,21,'26.9.2021',0),(1339,22,'26.9.2021',0),(1340,4,'27.9.2021',0),(1341,5,'27.9.2021',0),(1342,6,'27.9.2021',0),(1343,7,'27.9.2021',0),(1344,8,'27.9.2021',0),(1345,9,'27.9.2021',0),(1346,10,'27.9.2021',0),(1347,11,'27.9.2021',0),(1348,12,'27.9.2021',0),(1349,13,'27.9.2021',0),(1350,14,'27.9.2021',0),(1351,15,'27.9.2021',0),(1352,16,'27.9.2021',0),(1353,17,'27.9.2021',0),(1354,18,'27.9.2021',0),(1355,19,'27.9.2021',0),(1356,20,'27.9.2021',0),(1357,21,'27.9.2021',0),(1358,22,'27.9.2021',0),(1359,4,'28.9.2021',0),(1360,5,'28.9.2021',0),(1361,6,'28.9.2021',0),(1362,7,'28.9.2021',0),(1363,8,'28.9.2021',0),(1364,9,'28.9.2021',0),(1365,10,'28.9.2021',0),(1366,11,'28.9.2021',0),(1367,12,'28.9.2021',0),(1368,13,'28.9.2021',0),(1369,14,'28.9.2021',0),(1370,15,'28.9.2021',0),(1371,16,'28.9.2021',0),(1372,17,'28.9.2021',0),(1373,18,'28.9.2021',0),(1374,19,'28.9.2021',0),(1375,20,'28.9.2021',0),(1376,21,'28.9.2021',0),(1377,22,'28.9.2021',0),(1378,4,'29.9.2021',0),(1379,5,'29.9.2021',0),(1380,6,'29.9.2021',0),(1381,7,'29.9.2021',0),(1382,8,'29.9.2021',0),(1383,9,'29.9.2021',0),(1384,10,'29.9.2021',0),(1385,11,'29.9.2021',0),(1386,12,'29.9.2021',0),(1387,13,'29.9.2021',0),(1388,14,'29.9.2021',0),(1389,15,'29.9.2021',0),(1390,16,'29.9.2021',0),(1391,17,'29.9.2021',0),(1392,18,'29.9.2021',0),(1393,19,'29.9.2021',0),(1394,20,'29.9.2021',0),(1395,21,'29.9.2021',0),(1396,22,'29.9.2021',0),(1397,4,'30.9.2021',0),(1398,5,'30.9.2021',0),(1399,6,'30.9.2021',0),(1400,7,'30.9.2021',0),(1401,8,'30.9.2021',0),(1402,9,'30.9.2021',0),(1403,10,'30.9.2021',0),(1404,11,'30.9.2021',0),(1405,12,'30.9.2021',0),(1406,13,'30.9.2021',0),(1407,14,'30.9.2021',0),(1408,15,'30.9.2021',0),(1409,16,'30.9.2021',0),(1410,17,'30.9.2021',0),(1411,18,'30.9.2021',0),(1412,19,'30.9.2021',0),(1413,20,'30.9.2021',0),(1414,21,'30.9.2021',0),(1415,22,'30.9.2021',0),(1416,4,'30.9.2021',0),(1417,5,'30.9.2021',0),(1418,6,'30.9.2021',0),(1419,7,'30.9.2021',0),(1420,8,'30.9.2021',0),(1421,9,'30.9.2021',0),(1422,10,'30.9.2021',0),(1423,11,'30.9.2021',0),(1424,12,'30.9.2021',0),(1425,13,'30.9.2021',0),(1426,14,'30.9.2021',0),(1427,15,'30.9.2021',0),(1428,16,'30.9.2021',0),(1429,17,'30.9.2021',0),(1430,18,'30.9.2021',0),(1431,19,'30.9.2021',0),(1432,20,'30.9.2021',0),(1433,21,'30.9.2021',0),(1434,22,'30.9.2021',0),(1435,4,'30.9.2021',0),(1436,5,'30.9.2021',0),(1437,6,'30.9.2021',0),(1438,7,'30.9.2021',0),(1439,8,'30.9.2021',0),(1440,9,'30.9.2021',0),(1441,10,'30.9.2021',0),(1442,11,'30.9.2021',0),(1443,12,'30.9.2021',0),(1444,13,'30.9.2021',0),(1445,14,'30.9.2021',0),(1446,15,'30.9.2021',0),(1447,16,'30.9.2021',0),(1448,17,'30.9.2021',0),(1449,18,'30.9.2021',0),(1450,19,'30.9.2021',0),(1451,20,'30.9.2021',0),(1452,21,'30.9.2021',0),(1453,22,'30.9.2021',0),(1454,4,'1.10.2021',0),(1455,5,'1.10.2021',0),(1456,6,'1.10.2021',0),(1457,7,'1.10.2021',0),(1458,8,'1.10.2021',0),(1459,9,'1.10.2021',0),(1460,10,'1.10.2021',0),(1461,11,'1.10.2021',0),(1462,12,'1.10.2021',0),(1463,13,'1.10.2021',0),(1464,14,'1.10.2021',0),(1465,15,'1.10.2021',0),(1466,16,'1.10.2021',0),(1467,17,'1.10.2021',0),(1468,18,'1.10.2021',0),(1469,19,'1.10.2021',0),(1470,20,'1.10.2021',0),(1471,21,'1.10.2021',0),(1472,22,'1.10.2021',0),(1473,4,'1.10.2021',0),(1474,5,'1.10.2021',0),(1475,6,'1.10.2021',0),(1476,7,'1.10.2021',0),(1477,8,'1.10.2021',0),(1478,9,'1.10.2021',0),(1479,10,'1.10.2021',0),(1480,11,'1.10.2021',0),(1481,12,'1.10.2021',0),(1482,13,'1.10.2021',0),(1483,14,'1.10.2021',0),(1484,15,'1.10.2021',0),(1485,16,'1.10.2021',0),(1486,17,'1.10.2021',0),(1487,18,'1.10.2021',0),(1488,19,'1.10.2021',0),(1489,20,'1.10.2021',0),(1490,21,'1.10.2021',0),(1491,22,'1.10.2021',0),(1492,4,'1.10.2021',0),(1493,5,'1.10.2021',0),(1494,6,'1.10.2021',0),(1495,7,'1.10.2021',0),(1496,8,'1.10.2021',0),(1497,9,'1.10.2021',0),(1498,10,'1.10.2021',0),(1499,11,'1.10.2021',0),(1500,12,'1.10.2021',0),(1501,13,'1.10.2021',0),(1502,14,'1.10.2021',0),(1503,15,'1.10.2021',0),(1504,16,'1.10.2021',0),(1505,17,'1.10.2021',0),(1506,18,'1.10.2021',0),(1507,19,'1.10.2021',0),(1508,20,'1.10.2021',0),(1509,21,'1.10.2021',0),(1510,22,'1.10.2021',0),(1511,4,'2.10.2021',0),(1512,5,'2.10.2021',0),(1513,6,'2.10.2021',0),(1514,7,'2.10.2021',0),(1515,8,'2.10.2021',0),(1516,9,'2.10.2021',275),(1517,10,'2.10.2021',0),(1518,11,'2.10.2021',0),(1519,12,'2.10.2021',0),(1520,13,'2.10.2021',0),(1521,14,'2.10.2021',0),(1522,15,'2.10.2021',0),(1523,16,'2.10.2021',0),(1524,17,'2.10.2021',0),(1525,18,'2.10.2021',0),(1526,19,'2.10.2021',0),(1527,20,'2.10.2021',0),(1528,21,'2.10.2021',0),(1529,22,'2.10.2021',0),(1530,4,'2.10.2021',0),(1531,5,'2.10.2021',0),(1532,6,'2.10.2021',0),(1533,7,'2.10.2021',0),(1534,8,'2.10.2021',0),(1535,9,'2.10.2021',0),(1536,10,'2.10.2021',0),(1537,11,'2.10.2021',0),(1538,12,'2.10.2021',0),(1539,13,'2.10.2021',0),(1540,14,'2.10.2021',0),(1541,15,'2.10.2021',0),(1542,16,'2.10.2021',0),(1543,17,'2.10.2021',0),(1544,18,'2.10.2021',0),(1545,19,'2.10.2021',0),(1546,20,'2.10.2021',0),(1547,21,'2.10.2021',0),(1548,22,'2.10.2021',0),(1549,4,'2.10.2021',0),(1550,5,'2.10.2021',0),(1551,6,'2.10.2021',0),(1552,7,'2.10.2021',0),(1553,8,'2.10.2021',0),(1554,9,'2.10.2021',0),(1555,10,'2.10.2021',0),(1556,11,'2.10.2021',0),(1557,12,'2.10.2021',0),(1558,13,'2.10.2021',0),(1559,14,'2.10.2021',0),(1560,15,'2.10.2021',0),(1561,16,'2.10.2021',0),(1562,17,'2.10.2021',0),(1563,18,'2.10.2021',0),(1564,19,'2.10.2021',0),(1565,20,'2.10.2021',0),(1566,21,'2.10.2021',0),(1567,22,'2.10.2021',0),(1568,4,'3.10.2021',0),(1569,5,'3.10.2021',0),(1570,6,'3.10.2021',0),(1571,7,'3.10.2021',0),(1572,8,'3.10.2021',0),(1573,9,'3.10.2021',0),(1574,10,'3.10.2021',0),(1575,11,'3.10.2021',0),(1576,12,'3.10.2021',0),(1577,13,'3.10.2021',0),(1578,14,'3.10.2021',0),(1579,15,'3.10.2021',0),(1580,16,'3.10.2021',0),(1581,17,'3.10.2021',0),(1582,18,'3.10.2021',0),(1583,19,'3.10.2021',0),(1584,20,'3.10.2021',0),(1585,21,'3.10.2021',0),(1586,22,'3.10.2021',0),(1587,4,'3.10.2021',0),(1588,5,'3.10.2021',0),(1589,6,'3.10.2021',0),(1590,7,'3.10.2021',0),(1591,8,'3.10.2021',0),(1592,9,'3.10.2021',0),(1593,10,'3.10.2021',0),(1594,11,'3.10.2021',0),(1595,12,'3.10.2021',0),(1596,13,'3.10.2021',0),(1597,14,'3.10.2021',0),(1598,15,'3.10.2021',0),(1599,16,'3.10.2021',0),(1600,17,'3.10.2021',0),(1601,18,'3.10.2021',0),(1602,19,'3.10.2021',0),(1603,20,'3.10.2021',0),(1604,21,'3.10.2021',0),(1605,22,'3.10.2021',0),(1606,4,'3.10.2021',0),(1607,5,'3.10.2021',0),(1608,6,'3.10.2021',0),(1609,7,'3.10.2021',0),(1610,8,'3.10.2021',0),(1611,9,'3.10.2021',0),(1612,10,'3.10.2021',0),(1613,11,'3.10.2021',0),(1614,12,'3.10.2021',0),(1615,13,'3.10.2021',0),(1616,14,'3.10.2021',0),(1617,15,'3.10.2021',0),(1618,16,'3.10.2021',0),(1619,17,'3.10.2021',0),(1620,18,'3.10.2021',0),(1621,19,'3.10.2021',0),(1622,20,'3.10.2021',0),(1623,21,'3.10.2021',0),(1624,22,'3.10.2021',0),(1625,4,'4.10.2021',0),(1626,5,'4.10.2021',0),(1627,6,'4.10.2021',0),(1628,7,'4.10.2021',0),(1629,8,'4.10.2021',0),(1630,9,'4.10.2021',0),(1631,10,'4.10.2021',0),(1632,11,'4.10.2021',0),(1633,12,'4.10.2021',0),(1634,13,'4.10.2021',0),(1635,14,'4.10.2021',0),(1636,15,'4.10.2021',0),(1637,16,'4.10.2021',0),(1638,17,'4.10.2021',0),(1639,18,'4.10.2021',0),(1640,19,'4.10.2021',0),(1641,20,'4.10.2021',0),(1642,21,'4.10.2021',0),(1643,22,'4.10.2021',0),(1644,4,'4.10.2021',0),(1645,5,'4.10.2021',0),(1646,6,'4.10.2021',0),(1647,7,'4.10.2021',0),(1648,8,'4.10.2021',0),(1649,9,'4.10.2021',0),(1650,10,'4.10.2021',0),(1651,11,'4.10.2021',0),(1652,12,'4.10.2021',0),(1653,13,'4.10.2021',0),(1654,14,'4.10.2021',0),(1655,15,'4.10.2021',0),(1656,16,'4.10.2021',0),(1657,17,'4.10.2021',0),(1658,18,'4.10.2021',0),(1659,19,'4.10.2021',0),(1660,20,'4.10.2021',0),(1661,21,'4.10.2021',0),(1662,22,'4.10.2021',0),(1663,4,'4.10.2021',0),(1664,5,'4.10.2021',0),(1665,6,'4.10.2021',0),(1666,7,'4.10.2021',0),(1667,8,'4.10.2021',0),(1668,9,'4.10.2021',0),(1669,10,'4.10.2021',0),(1670,11,'4.10.2021',0),(1671,12,'4.10.2021',0),(1672,13,'4.10.2021',0),(1673,14,'4.10.2021',0),(1674,15,'4.10.2021',0),(1675,16,'4.10.2021',0),(1676,17,'4.10.2021',0),(1677,18,'4.10.2021',0),(1678,19,'4.10.2021',0),(1679,20,'4.10.2021',0),(1680,21,'4.10.2021',0),(1681,22,'4.10.2021',0),(1682,4,'4.10.2021',0),(1683,5,'4.10.2021',0),(1684,6,'4.10.2021',0),(1685,7,'4.10.2021',0),(1686,8,'4.10.2021',0),(1687,9,'4.10.2021',0),(1688,10,'4.10.2021',0),(1689,11,'4.10.2021',0),(1690,12,'4.10.2021',0),(1691,13,'4.10.2021',0),(1692,14,'4.10.2021',0),(1693,15,'4.10.2021',0),(1694,16,'4.10.2021',0),(1695,17,'4.10.2021',0),(1696,18,'4.10.2021',0),(1697,19,'4.10.2021',0),(1698,20,'4.10.2021',0),(1699,21,'4.10.2021',0),(1700,22,'4.10.2021',0),(1701,4,'5.10.2021',0),(1702,5,'5.10.2021',0),(1703,6,'5.10.2021',0),(1704,7,'5.10.2021',0),(1705,8,'5.10.2021',0),(1706,9,'5.10.2021',0),(1707,10,'5.10.2021',0),(1708,11,'5.10.2021',0),(1709,12,'5.10.2021',0),(1710,13,'5.10.2021',0),(1711,14,'5.10.2021',0),(1712,15,'5.10.2021',0),(1713,16,'5.10.2021',0),(1714,17,'5.10.2021',0),(1715,18,'5.10.2021',0),(1716,19,'5.10.2021',0),(1717,20,'5.10.2021',0),(1718,21,'5.10.2021',0),(1719,22,'5.10.2021',0),(1720,4,'5.10.2021',0),(1721,5,'5.10.2021',0),(1722,6,'5.10.2021',0),(1723,7,'5.10.2021',0),(1724,8,'5.10.2021',0),(1725,9,'5.10.2021',0),(1726,10,'5.10.2021',0),(1727,11,'5.10.2021',0),(1728,12,'5.10.2021',0),(1729,13,'5.10.2021',0),(1730,14,'5.10.2021',0),(1731,15,'5.10.2021',0),(1732,16,'5.10.2021',0),(1733,17,'5.10.2021',0),(1734,18,'5.10.2021',0),(1735,19,'5.10.2021',0),(1736,20,'5.10.2021',0),(1737,21,'5.10.2021',0),(1738,22,'5.10.2021',0),(1739,4,'5.10.2021',0),(1740,5,'5.10.2021',0),(1741,6,'5.10.2021',0),(1742,7,'5.10.2021',0),(1743,8,'5.10.2021',0),(1744,9,'5.10.2021',0),(1745,10,'5.10.2021',0),(1746,11,'5.10.2021',0),(1747,12,'5.10.2021',0),(1748,13,'5.10.2021',0),(1749,14,'5.10.2021',0),(1750,15,'5.10.2021',0),(1751,16,'5.10.2021',0),(1752,17,'5.10.2021',0),(1753,18,'5.10.2021',0),(1754,19,'5.10.2021',0),(1755,20,'5.10.2021',0),(1756,21,'5.10.2021',0),(1757,22,'5.10.2021',0),(1758,4,'5.10.2021',0),(1759,5,'5.10.2021',0),(1760,6,'5.10.2021',0),(1761,7,'5.10.2021',0),(1762,8,'5.10.2021',0),(1763,9,'5.10.2021',0),(1764,10,'5.10.2021',0),(1765,11,'5.10.2021',0),(1766,12,'5.10.2021',0),(1767,13,'5.10.2021',0),(1768,14,'5.10.2021',0),(1769,15,'5.10.2021',0),(1770,16,'5.10.2021',0),(1771,17,'5.10.2021',0),(1772,18,'5.10.2021',0),(1773,19,'5.10.2021',0),(1774,20,'5.10.2021',0),(1775,21,'5.10.2021',0),(1776,22,'5.10.2021',0),(1777,4,'6.10.2021',0),(1778,5,'6.10.2021',0),(1779,6,'6.10.2021',0),(1780,7,'6.10.2021',0),(1781,8,'6.10.2021',0),(1782,9,'6.10.2021',0),(1783,10,'6.10.2021',0),(1784,11,'6.10.2021',0),(1785,12,'6.10.2021',0),(1786,13,'6.10.2021',0),(1787,14,'6.10.2021',0),(1788,15,'6.10.2021',0),(1789,16,'6.10.2021',0),(1790,17,'6.10.2021',0),(1791,18,'6.10.2021',0),(1792,19,'6.10.2021',0),(1793,20,'6.10.2021',0),(1794,21,'6.10.2021',0),(1795,22,'6.10.2021',0),(1796,4,'6.10.2021',0),(1797,5,'6.10.2021',0),(1798,6,'6.10.2021',0),(1799,7,'6.10.2021',0),(1800,8,'6.10.2021',0),(1801,9,'6.10.2021',0),(1802,10,'6.10.2021',0),(1803,11,'6.10.2021',0),(1804,12,'6.10.2021',0),(1805,13,'6.10.2021',0),(1806,14,'6.10.2021',0),(1807,15,'6.10.2021',0),(1808,16,'6.10.2021',0),(1809,17,'6.10.2021',0),(1810,18,'6.10.2021',0),(1811,19,'6.10.2021',0),(1812,20,'6.10.2021',0),(1813,21,'6.10.2021',0),(1814,22,'6.10.2021',0),(1815,4,'6.10.2021',0),(1816,5,'6.10.2021',0),(1817,6,'6.10.2021',0),(1818,7,'6.10.2021',0),(1819,8,'6.10.2021',0),(1820,9,'6.10.2021',0),(1821,10,'6.10.2021',0),(1822,11,'6.10.2021',0),(1823,12,'6.10.2021',0),(1824,13,'6.10.2021',0),(1825,14,'6.10.2021',0),(1826,15,'6.10.2021',0),(1827,16,'6.10.2021',0),(1828,17,'6.10.2021',0),(1829,18,'6.10.2021',0),(1830,19,'6.10.2021',0),(1831,20,'6.10.2021',0),(1832,21,'6.10.2021',0),(1833,22,'6.10.2021',0),(1834,4,'6.10.2021',0),(1835,5,'6.10.2021',0),(1836,6,'6.10.2021',0),(1837,7,'6.10.2021',0),(1838,8,'6.10.2021',0),(1839,9,'6.10.2021',0),(1840,10,'6.10.2021',0),(1841,11,'6.10.2021',0),(1842,12,'6.10.2021',0),(1843,13,'6.10.2021',0),(1844,14,'6.10.2021',0),(1845,15,'6.10.2021',0),(1846,16,'6.10.2021',0),(1847,17,'6.10.2021',0),(1848,18,'6.10.2021',0),(1849,19,'6.10.2021',0),(1850,20,'6.10.2021',0),(1851,21,'6.10.2021',0),(1852,22,'6.10.2021',0),(1853,4,'7.10.2021',0),(1854,5,'7.10.2021',0),(1855,6,'7.10.2021',0),(1856,7,'7.10.2021',0),(1857,8,'7.10.2021',0),(1858,9,'7.10.2021',0),(1859,10,'7.10.2021',0),(1860,11,'7.10.2021',0),(1861,12,'7.10.2021',0),(1862,13,'7.10.2021',0),(1863,14,'7.10.2021',0),(1864,15,'7.10.2021',0),(1865,16,'7.10.2021',0),(1866,17,'7.10.2021',0),(1867,18,'7.10.2021',0),(1868,19,'7.10.2021',0),(1869,20,'7.10.2021',0),(1870,21,'7.10.2021',0),(1871,22,'7.10.2021',0),(1872,4,'7.10.2021',0),(1873,5,'7.10.2021',0),(1874,6,'7.10.2021',0),(1875,7,'7.10.2021',0),(1876,8,'7.10.2021',0),(1877,9,'7.10.2021',0),(1878,10,'7.10.2021',0),(1879,11,'7.10.2021',0),(1880,12,'7.10.2021',0),(1881,13,'7.10.2021',0),(1882,14,'7.10.2021',0),(1883,15,'7.10.2021',0),(1884,16,'7.10.2021',0),(1885,17,'7.10.2021',0),(1886,18,'7.10.2021',0),(1887,19,'7.10.2021',0),(1888,20,'7.10.2021',0),(1889,21,'7.10.2021',0),(1890,22,'7.10.2021',0),(1891,4,'7.10.2021',0),(1892,5,'7.10.2021',0),(1893,6,'7.10.2021',0),(1894,7,'7.10.2021',0),(1895,8,'7.10.2021',0),(1896,9,'7.10.2021',0),(1897,10,'7.10.2021',0),(1898,11,'7.10.2021',0),(1899,12,'7.10.2021',0),(1900,13,'7.10.2021',0),(1901,14,'7.10.2021',0),(1902,15,'7.10.2021',0),(1903,16,'7.10.2021',0),(1904,17,'7.10.2021',0),(1905,18,'7.10.2021',0),(1906,19,'7.10.2021',0),(1907,20,'7.10.2021',0),(1908,21,'7.10.2021',0),(1909,22,'7.10.2021',0),(1910,4,'7.10.2021',0),(1911,5,'7.10.2021',0),(1912,6,'7.10.2021',0),(1913,7,'7.10.2021',0),(1914,8,'7.10.2021',0),(1915,9,'7.10.2021',0),(1916,10,'7.10.2021',0),(1917,11,'7.10.2021',0),(1918,12,'7.10.2021',0),(1919,13,'7.10.2021',0),(1920,14,'7.10.2021',0),(1921,15,'7.10.2021',0),(1922,16,'7.10.2021',0),(1923,17,'7.10.2021',0),(1924,18,'7.10.2021',0),(1925,19,'7.10.2021',0),(1926,20,'7.10.2021',0),(1927,21,'7.10.2021',0),(1928,22,'7.10.2021',0),(1929,4,'8.10.2021',0),(1930,5,'8.10.2021',0),(1931,6,'8.10.2021',0),(1932,7,'8.10.2021',0),(1933,8,'8.10.2021',0),(1934,9,'8.10.2021',0),(1935,10,'8.10.2021',0),(1936,11,'8.10.2021',0),(1937,12,'8.10.2021',0),(1938,13,'8.10.2021',0),(1939,14,'8.10.2021',0),(1940,15,'8.10.2021',0),(1941,16,'8.10.2021',0),(1942,17,'8.10.2021',0),(1943,18,'8.10.2021',0),(1944,19,'8.10.2021',0),(1945,20,'8.10.2021',0),(1946,21,'8.10.2021',0),(1947,22,'8.10.2021',0),(1948,4,'8.10.2021',0),(1949,5,'8.10.2021',0),(1950,6,'8.10.2021',0),(1951,7,'8.10.2021',0),(1952,8,'8.10.2021',0),(1953,9,'8.10.2021',0),(1954,10,'8.10.2021',0),(1955,11,'8.10.2021',0),(1956,12,'8.10.2021',0),(1957,13,'8.10.2021',0),(1958,14,'8.10.2021',0),(1959,15,'8.10.2021',0),(1960,16,'8.10.2021',0),(1961,17,'8.10.2021',0),(1962,18,'8.10.2021',0),(1963,19,'8.10.2021',0),(1964,20,'8.10.2021',0),(1965,21,'8.10.2021',0),(1966,22,'8.10.2021',0),(1967,4,'8.10.2021',0),(1968,5,'8.10.2021',0),(1969,6,'8.10.2021',0),(1970,7,'8.10.2021',0),(1971,8,'8.10.2021',0),(1972,9,'8.10.2021',0),(1973,10,'8.10.2021',0),(1974,11,'8.10.2021',0),(1975,12,'8.10.2021',0),(1976,13,'8.10.2021',0),(1977,14,'8.10.2021',0),(1978,15,'8.10.2021',0),(1979,16,'8.10.2021',0),(1980,17,'8.10.2021',0),(1981,18,'8.10.2021',0),(1982,19,'8.10.2021',0),(1983,20,'8.10.2021',0),(1984,21,'8.10.2021',0),(1985,22,'8.10.2021',0),(1986,4,'8.10.2021',0),(1987,5,'8.10.2021',0),(1988,6,'8.10.2021',0),(1989,7,'8.10.2021',1100),(1990,8,'8.10.2021',0),(1991,9,'8.10.2021',0),(1992,10,'8.10.2021',0),(1993,11,'8.10.2021',0),(1994,12,'8.10.2021',0),(1995,13,'8.10.2021',0),(1996,14,'8.10.2021',0),(1997,15,'8.10.2021',0),(1998,16,'8.10.2021',0),(1999,17,'8.10.2021',0),(2000,18,'8.10.2021',0),(2001,19,'8.10.2021',0),(2002,20,'8.10.2021',0),(2003,21,'8.10.2021',0),(2004,22,'8.10.2021',0),(2005,4,'9.10.2021',0),(2006,5,'9.10.2021',0),(2007,6,'9.10.2021',0),(2008,7,'9.10.2021',0),(2009,8,'9.10.2021',0),(2010,9,'9.10.2021',0),(2011,10,'9.10.2021',0),(2012,11,'9.10.2021',0),(2013,12,'9.10.2021',0),(2014,13,'9.10.2021',0),(2015,14,'9.10.2021',0),(2016,15,'9.10.2021',0),(2017,16,'9.10.2021',0),(2018,17,'9.10.2021',0),(2019,18,'9.10.2021',0),(2020,19,'9.10.2021',0),(2021,20,'9.10.2021',0),(2022,21,'9.10.2021',0),(2023,22,'9.10.2021',0),(2024,4,'9.10.2021',0),(2025,5,'9.10.2021',0),(2026,6,'9.10.2021',0),(2027,7,'9.10.2021',0),(2028,8,'9.10.2021',0),(2029,9,'9.10.2021',0),(2030,10,'9.10.2021',0),(2031,11,'9.10.2021',0),(2032,12,'9.10.2021',0),(2033,13,'9.10.2021',0),(2034,14,'9.10.2021',0),(2035,15,'9.10.2021',0),(2036,16,'9.10.2021',0),(2037,17,'9.10.2021',0),(2038,18,'9.10.2021',0),(2039,19,'9.10.2021',0),(2040,20,'9.10.2021',0),(2041,21,'9.10.2021',0),(2042,22,'9.10.2021',0),(2043,4,'9.10.2021',0),(2044,5,'9.10.2021',0),(2045,6,'9.10.2021',0),(2046,7,'9.10.2021',0),(2047,8,'9.10.2021',0),(2048,9,'9.10.2021',0),(2049,10,'9.10.2021',0),(2050,11,'9.10.2021',0),(2051,12,'9.10.2021',0),(2052,13,'9.10.2021',0),(2053,14,'9.10.2021',0),(2054,15,'9.10.2021',0),(2055,16,'9.10.2021',0),(2056,17,'9.10.2021',0),(2057,18,'9.10.2021',0),(2058,19,'9.10.2021',0),(2059,20,'9.10.2021',0),(2060,21,'9.10.2021',0),(2061,22,'9.10.2021',0),(2062,4,'9.10.2021',0),(2063,5,'9.10.2021',0),(2064,6,'9.10.2021',0),(2065,7,'9.10.2021',0),(2066,8,'9.10.2021',0),(2067,9,'9.10.2021',0),(2068,10,'9.10.2021',0),(2069,11,'9.10.2021',0),(2070,12,'9.10.2021',0),(2071,13,'9.10.2021',0),(2072,14,'9.10.2021',0),(2073,15,'9.10.2021',0),(2074,16,'9.10.2021',0),(2075,17,'9.10.2021',0),(2076,18,'9.10.2021',0),(2077,19,'9.10.2021',0),(2078,20,'9.10.2021',0),(2079,21,'9.10.2021',0),(2080,22,'9.10.2021',0),(2081,4,'10.10.2021',0),(2082,5,'10.10.2021',0),(2083,6,'10.10.2021',0),(2084,7,'10.10.2021',0),(2085,8,'10.10.2021',0),(2086,9,'10.10.2021',0),(2087,10,'10.10.2021',0),(2088,11,'10.10.2021',0),(2089,12,'10.10.2021',0),(2090,13,'10.10.2021',0),(2091,14,'10.10.2021',0),(2092,15,'10.10.2021',0),(2093,16,'10.10.2021',0),(2094,17,'10.10.2021',0),(2095,18,'10.10.2021',0),(2096,19,'10.10.2021',0),(2097,20,'10.10.2021',0),(2098,21,'10.10.2021',0),(2099,22,'10.10.2021',0),(2100,4,'10.10.2021',0),(2101,5,'10.10.2021',0),(2102,6,'10.10.2021',0),(2103,7,'10.10.2021',0),(2104,8,'10.10.2021',0),(2105,9,'10.10.2021',0),(2106,10,'10.10.2021',0),(2107,11,'10.10.2021',0),(2108,12,'10.10.2021',0),(2109,13,'10.10.2021',0),(2110,14,'10.10.2021',0),(2111,15,'10.10.2021',0),(2112,16,'10.10.2021',0),(2113,17,'10.10.2021',0),(2114,18,'10.10.2021',0),(2115,19,'10.10.2021',0),(2116,20,'10.10.2021',0),(2117,21,'10.10.2021',0),(2118,22,'10.10.2021',0),(2119,4,'10.10.2021',0),(2120,5,'10.10.2021',0),(2121,6,'10.10.2021',0),(2122,7,'10.10.2021',0),(2123,8,'10.10.2021',0),(2124,9,'10.10.2021',0),(2125,10,'10.10.2021',0),(2126,11,'10.10.2021',0),(2127,12,'10.10.2021',0),(2128,13,'10.10.2021',0),(2129,14,'10.10.2021',0),(2130,15,'10.10.2021',0),(2131,16,'10.10.2021',0),(2132,17,'10.10.2021',0),(2133,18,'10.10.2021',0),(2134,19,'10.10.2021',0),(2135,20,'10.10.2021',0),(2136,21,'10.10.2021',0),(2137,22,'10.10.2021',0),(2138,4,'10.10.2021',0),(2139,5,'10.10.2021',0),(2140,6,'10.10.2021',0),(2141,7,'10.10.2021',0),(2142,8,'10.10.2021',0),(2143,9,'10.10.2021',0),(2144,10,'10.10.2021',0),(2145,11,'10.10.2021',0),(2146,12,'10.10.2021',0),(2147,13,'10.10.2021',0),(2148,14,'10.10.2021',0),(2149,15,'10.10.2021',0),(2150,16,'10.10.2021',0),(2151,17,'10.10.2021',0),(2152,18,'10.10.2021',0),(2153,19,'10.10.2021',0),(2154,20,'10.10.2021',0),(2155,21,'10.10.2021',0),(2156,22,'10.10.2021',0),(2157,4,'10.10.2021',0),(2158,5,'10.10.2021',0),(2159,6,'10.10.2021',0),(2160,7,'10.10.2021',0),(2161,8,'10.10.2021',0),(2162,9,'10.10.2021',0),(2163,10,'10.10.2021',0),(2164,11,'10.10.2021',0),(2165,12,'10.10.2021',0),(2166,13,'10.10.2021',0),(2167,14,'10.10.2021',0),(2168,15,'10.10.2021',0),(2169,16,'10.10.2021',0),(2170,17,'10.10.2021',0),(2171,18,'10.10.2021',0),(2172,19,'10.10.2021',0),(2173,20,'10.10.2021',0),(2174,21,'10.10.2021',0),(2175,22,'10.10.2021',0),(2176,4,'11.10.2021',0),(2177,5,'11.10.2021',0),(2178,6,'11.10.2021',2500),(2179,7,'11.10.2021',0),(2180,8,'11.10.2021',0),(2181,9,'11.10.2021',0),(2182,10,'11.10.2021',0),(2183,11,'11.10.2021',0),(2184,12,'11.10.2021',0),(2185,13,'11.10.2021',0),(2186,14,'11.10.2021',0),(2187,15,'11.10.2021',0),(2188,16,'11.10.2021',0),(2189,17,'11.10.2021',0),(2190,18,'11.10.2021',0),(2191,19,'11.10.2021',0),(2192,20,'11.10.2021',0),(2193,21,'11.10.2021',0),(2194,22,'11.10.2021',0),(2195,4,'11.10.2021',0),(2196,5,'11.10.2021',0),(2197,6,'11.10.2021',0),(2198,7,'11.10.2021',0),(2199,8,'11.10.2021',0),(2200,9,'11.10.2021',0),(2201,10,'11.10.2021',0),(2202,11,'11.10.2021',0),(2203,12,'11.10.2021',0),(2204,13,'11.10.2021',0),(2205,14,'11.10.2021',0),(2206,15,'11.10.2021',0),(2207,16,'11.10.2021',0),(2208,17,'11.10.2021',0),(2209,18,'11.10.2021',0),(2210,19,'11.10.2021',0),(2211,20,'11.10.2021',0),(2212,21,'11.10.2021',0),(2213,22,'11.10.2021',0),(2214,4,'11.10.2021',0),(2215,5,'11.10.2021',0),(2216,6,'11.10.2021',0),(2217,7,'11.10.2021',0),(2218,8,'11.10.2021',0),(2219,9,'11.10.2021',0),(2220,10,'11.10.2021',0),(2221,11,'11.10.2021',0),(2222,12,'11.10.2021',0),(2223,13,'11.10.2021',0),(2224,14,'11.10.2021',0),(2225,15,'11.10.2021',0),(2226,16,'11.10.2021',0),(2227,17,'11.10.2021',0),(2228,18,'11.10.2021',0),(2229,19,'11.10.2021',0),(2230,20,'11.10.2021',0),(2231,21,'11.10.2021',0),(2232,22,'11.10.2021',0),(2233,4,'11.10.2021',0),(2234,5,'11.10.2021',0),(2235,6,'11.10.2021',0),(2236,7,'11.10.2021',0),(2237,8,'11.10.2021',0),(2238,9,'11.10.2021',0),(2239,10,'11.10.2021',0),(2240,11,'11.10.2021',0),(2241,12,'11.10.2021',0),(2242,13,'11.10.2021',0),(2243,14,'11.10.2021',0),(2244,15,'11.10.2021',0),(2245,16,'11.10.2021',0),(2246,17,'11.10.2021',0),(2247,18,'11.10.2021',0),(2248,19,'11.10.2021',0),(2249,20,'11.10.2021',0),(2250,21,'11.10.2021',0),(2251,22,'11.10.2021',0),(2252,4,'12.10.2021',0),(2253,5,'12.10.2021',0),(2254,6,'12.10.2021',0),(2255,7,'12.10.2021',0),(2256,8,'12.10.2021',0),(2257,9,'12.10.2021',0),(2258,10,'12.10.2021',0),(2259,11,'12.10.2021',0),(2260,12,'12.10.2021',0),(2261,13,'12.10.2021',0),(2262,14,'12.10.2021',0),(2263,15,'12.10.2021',0),(2264,16,'12.10.2021',0),(2265,17,'12.10.2021',0),(2266,18,'12.10.2021',0),(2267,19,'12.10.2021',0),(2268,20,'12.10.2021',0),(2269,21,'12.10.2021',0),(2270,22,'12.10.2021',0),(2271,4,'12.10.2021',0),(2272,5,'12.10.2021',0),(2273,6,'12.10.2021',0),(2274,7,'12.10.2021',0),(2275,8,'12.10.2021',0),(2276,9,'12.10.2021',0),(2277,10,'12.10.2021',0),(2278,11,'12.10.2021',0),(2279,12,'12.10.2021',0),(2280,13,'12.10.2021',0),(2281,14,'12.10.2021',0),(2282,15,'12.10.2021',0),(2283,16,'12.10.2021',0),(2284,17,'12.10.2021',0),(2285,18,'12.10.2021',0),(2286,19,'12.10.2021',0),(2287,20,'12.10.2021',0),(2288,21,'12.10.2021',0),(2289,22,'12.10.2021',0),(2290,4,'12.10.2021',0),(2291,5,'12.10.2021',0),(2292,6,'12.10.2021',0),(2293,7,'12.10.2021',0),(2294,8,'12.10.2021',0),(2295,9,'12.10.2021',0),(2296,10,'12.10.2021',0),(2297,11,'12.10.2021',0),(2298,12,'12.10.2021',0),(2299,13,'12.10.2021',0),(2300,14,'12.10.2021',0),(2301,15,'12.10.2021',0),(2302,16,'12.10.2021',0),(2303,17,'12.10.2021',0),(2304,18,'12.10.2021',0),(2305,19,'12.10.2021',0),(2306,20,'12.10.2021',0),(2307,21,'12.10.2021',0),(2308,22,'12.10.2021',0),(2309,4,'12.10.2021',0),(2310,5,'12.10.2021',0),(2311,6,'12.10.2021',0),(2312,7,'12.10.2021',0),(2313,8,'12.10.2021',0),(2314,9,'12.10.2021',0),(2315,10,'12.10.2021',0),(2316,11,'12.10.2021',0),(2317,12,'12.10.2021',0),(2318,13,'12.10.2021',0),(2319,14,'12.10.2021',0),(2320,15,'12.10.2021',0),(2321,16,'12.10.2021',0),(2322,17,'12.10.2021',0),(2323,18,'12.10.2021',0),(2324,19,'12.10.2021',0),(2325,20,'12.10.2021',0),(2326,21,'12.10.2021',0),(2327,22,'12.10.2021',0),(2328,4,'13.10.2021',0),(2329,5,'13.10.2021',0),(2330,6,'13.10.2021',0),(2331,7,'13.10.2021',0),(2332,8,'13.10.2021',0),(2333,9,'13.10.2021',0),(2334,10,'13.10.2021',0),(2335,11,'13.10.2021',0),(2336,12,'13.10.2021',0),(2337,13,'13.10.2021',0),(2338,14,'13.10.2021',0),(2339,15,'13.10.2021',0),(2340,16,'13.10.2021',0),(2341,17,'13.10.2021',0),(2342,18,'13.10.2021',0),(2343,19,'13.10.2021',0),(2344,20,'13.10.2021',0),(2345,21,'13.10.2021',0),(2346,22,'13.10.2021',0),(2347,4,'13.10.2021',0),(2348,5,'13.10.2021',0),(2349,6,'13.10.2021',0),(2350,7,'13.10.2021',0),(2351,8,'13.10.2021',0),(2352,9,'13.10.2021',0),(2353,10,'13.10.2021',0),(2354,11,'13.10.2021',0),(2355,12,'13.10.2021',0),(2356,13,'13.10.2021',0),(2357,14,'13.10.2021',0),(2358,15,'13.10.2021',0),(2359,16,'13.10.2021',0),(2360,17,'13.10.2021',0),(2361,18,'13.10.2021',0),(2362,19,'13.10.2021',0),(2363,20,'13.10.2021',0),(2364,21,'13.10.2021',0),(2365,22,'13.10.2021',0),(2366,4,'13.10.2021',0),(2367,5,'13.10.2021',0),(2368,6,'13.10.2021',0),(2369,7,'13.10.2021',0),(2370,8,'13.10.2021',0),(2371,9,'13.10.2021',0),(2372,10,'13.10.2021',0),(2373,11,'13.10.2021',0),(2374,12,'13.10.2021',0),(2375,13,'13.10.2021',0),(2376,14,'13.10.2021',0),(2377,15,'13.10.2021',0),(2378,16,'13.10.2021',0),(2379,17,'13.10.2021',0),(2380,18,'13.10.2021',0),(2381,19,'13.10.2021',0),(2382,20,'13.10.2021',0),(2383,21,'13.10.2021',0),(2384,22,'13.10.2021',0),(2385,4,'13.10.2021',0),(2386,5,'13.10.2021',0),(2387,6,'13.10.2021',0),(2388,7,'13.10.2021',0),(2389,8,'13.10.2021',0),(2390,9,'13.10.2021',0),(2391,10,'13.10.2021',0),(2392,11,'13.10.2021',0),(2393,12,'13.10.2021',0),(2394,13,'13.10.2021',0),(2395,14,'13.10.2021',0),(2396,15,'13.10.2021',0),(2397,16,'13.10.2021',0),(2398,17,'13.10.2021',0),(2399,18,'13.10.2021',0),(2400,19,'13.10.2021',0),(2401,20,'13.10.2021',0),(2402,21,'13.10.2021',0),(2403,22,'13.10.2021',0),(2404,4,'14.10.2021',0),(2405,5,'14.10.2021',0),(2406,6,'14.10.2021',0),(2407,7,'14.10.2021',0),(2408,8,'14.10.2021',0),(2409,9,'14.10.2021',0),(2410,10,'14.10.2021',0),(2411,11,'14.10.2021',0),(2412,12,'14.10.2021',0),(2413,13,'14.10.2021',0),(2414,14,'14.10.2021',0),(2415,15,'14.10.2021',0),(2416,16,'14.10.2021',0),(2417,17,'14.10.2021',0),(2418,18,'14.10.2021',0),(2419,19,'14.10.2021',0),(2420,20,'14.10.2021',0),(2421,21,'14.10.2021',0),(2422,22,'14.10.2021',0),(2423,4,'14.10.2021',0),(2424,5,'14.10.2021',0),(2425,6,'14.10.2021',0),(2426,7,'14.10.2021',0),(2427,8,'14.10.2021',0),(2428,9,'14.10.2021',0),(2429,10,'14.10.2021',0),(2430,11,'14.10.2021',0),(2431,12,'14.10.2021',0),(2432,13,'14.10.2021',0),(2433,14,'14.10.2021',0),(2434,15,'14.10.2021',0),(2435,16,'14.10.2021',0),(2436,17,'14.10.2021',0),(2437,18,'14.10.2021',0),(2438,19,'14.10.2021',0),(2439,20,'14.10.2021',0),(2440,21,'14.10.2021',0),(2441,22,'14.10.2021',0),(2442,4,'14.10.2021',0),(2443,5,'14.10.2021',0),(2444,6,'14.10.2021',0),(2445,7,'14.10.2021',0),(2446,8,'14.10.2021',0),(2447,9,'14.10.2021',0),(2448,10,'14.10.2021',0),(2449,11,'14.10.2021',0),(2450,12,'14.10.2021',0),(2451,13,'14.10.2021',0),(2452,14,'14.10.2021',0),(2453,15,'14.10.2021',0),(2454,16,'14.10.2021',0),(2455,17,'14.10.2021',0),(2456,18,'14.10.2021',0),(2457,19,'14.10.2021',0),(2458,20,'14.10.2021',0),(2459,21,'14.10.2021',0),(2460,22,'14.10.2021',0),(2461,4,'14.10.2021',0),(2462,5,'14.10.2021',0),(2463,6,'14.10.2021',0),(2464,7,'14.10.2021',0),(2465,8,'14.10.2021',0),(2466,9,'14.10.2021',0),(2467,10,'14.10.2021',0),(2468,11,'14.10.2021',0),(2469,12,'14.10.2021',0),(2470,13,'14.10.2021',0),(2471,14,'14.10.2021',0),(2472,15,'14.10.2021',0),(2473,16,'14.10.2021',0),(2474,17,'14.10.2021',0),(2475,18,'14.10.2021',0),(2476,19,'14.10.2021',0),(2477,20,'14.10.2021',0),(2478,21,'14.10.2021',0),(2479,22,'14.10.2021',0),(2480,4,'14.10.2021',0),(2481,5,'14.10.2021',0),(2482,6,'14.10.2021',0),(2483,7,'14.10.2021',0),(2484,8,'14.10.2021',0),(2485,9,'14.10.2021',0),(2486,10,'14.10.2021',0),(2487,11,'14.10.2021',0),(2488,12,'14.10.2021',0),(2489,13,'14.10.2021',0),(2490,14,'14.10.2021',0),(2491,15,'14.10.2021',0),(2492,16,'14.10.2021',0),(2493,17,'14.10.2021',0),(2494,18,'14.10.2021',0),(2495,19,'14.10.2021',0),(2496,20,'14.10.2021',0),(2497,21,'14.10.2021',0),(2498,22,'14.10.2021',0),(2499,4,'15.10.2021',0),(2500,5,'15.10.2021',0),(2501,6,'15.10.2021',0),(2502,7,'15.10.2021',0),(2503,8,'15.10.2021',0),(2504,9,'15.10.2021',0),(2505,10,'15.10.2021',0),(2506,11,'15.10.2021',0),(2507,12,'15.10.2021',0),(2508,13,'15.10.2021',0),(2509,14,'15.10.2021',0),(2510,15,'15.10.2021',0),(2511,16,'15.10.2021',0),(2512,17,'15.10.2021',0),(2513,18,'15.10.2021',0),(2514,19,'15.10.2021',0),(2515,20,'15.10.2021',0),(2516,21,'15.10.2021',0),(2517,22,'15.10.2021',0),(2518,4,'15.10.2021',0),(2519,5,'15.10.2021',0),(2520,6,'15.10.2021',0),(2521,7,'15.10.2021',0),(2522,8,'15.10.2021',0),(2523,9,'15.10.2021',0),(2524,10,'15.10.2021',0),(2525,11,'15.10.2021',0),(2526,12,'15.10.2021',0),(2527,13,'15.10.2021',0),(2528,14,'15.10.2021',0),(2529,15,'15.10.2021',0),(2530,16,'15.10.2021',0),(2531,17,'15.10.2021',0),(2532,18,'15.10.2021',0),(2533,19,'15.10.2021',0),(2534,20,'15.10.2021',0),(2535,21,'15.10.2021',0),(2536,22,'15.10.2021',0),(2537,4,'15.10.2021',0),(2538,5,'15.10.2021',0),(2539,6,'15.10.2021',0),(2540,7,'15.10.2021',0),(2541,8,'15.10.2021',0),(2542,9,'15.10.2021',0),(2543,10,'15.10.2021',0),(2544,11,'15.10.2021',0),(2545,12,'15.10.2021',0),(2546,13,'15.10.2021',0),(2547,14,'15.10.2021',0),(2548,15,'15.10.2021',0),(2549,16,'15.10.2021',0),(2550,17,'15.10.2021',0),(2551,18,'15.10.2021',0),(2552,19,'15.10.2021',0),(2553,20,'15.10.2021',0),(2554,21,'15.10.2021',0),(2555,22,'15.10.2021',0),(2556,4,'15.10.2021',0),(2557,5,'15.10.2021',0),(2558,6,'15.10.2021',0),(2559,7,'15.10.2021',0),(2560,8,'15.10.2021',0),(2561,9,'15.10.2021',0),(2562,10,'15.10.2021',0),(2563,11,'15.10.2021',0),(2564,12,'15.10.2021',0),(2565,13,'15.10.2021',0),(2566,14,'15.10.2021',0),(2567,15,'15.10.2021',0),(2568,16,'15.10.2021',0),(2569,17,'15.10.2021',0),(2570,18,'15.10.2021',0),(2571,19,'15.10.2021',0),(2572,20,'15.10.2021',0),(2573,21,'15.10.2021',0),(2574,22,'15.10.2021',0),(2575,4,'16.10.2021',0),(2576,5,'16.10.2021',0),(2577,6,'16.10.2021',0),(2578,7,'16.10.2021',0),(2579,8,'16.10.2021',0),(2580,9,'16.10.2021',0),(2581,10,'16.10.2021',0),(2582,11,'16.10.2021',0),(2583,12,'16.10.2021',0),(2584,13,'16.10.2021',0),(2585,14,'16.10.2021',0),(2586,15,'16.10.2021',0),(2587,16,'16.10.2021',0),(2588,17,'16.10.2021',0),(2589,18,'16.10.2021',0),(2590,19,'16.10.2021',0),(2591,20,'16.10.2021',0),(2592,21,'16.10.2021',0),(2593,22,'16.10.2021',0),(2594,4,'16.10.2021',0),(2595,5,'16.10.2021',0),(2596,6,'16.10.2021',0),(2597,7,'16.10.2021',0),(2598,8,'16.10.2021',0),(2599,9,'16.10.2021',0),(2600,10,'16.10.2021',0),(2601,11,'16.10.2021',0),(2602,12,'16.10.2021',0),(2603,13,'16.10.2021',0),(2604,14,'16.10.2021',0),(2605,15,'16.10.2021',0),(2606,16,'16.10.2021',0),(2607,17,'16.10.2021',0),(2608,18,'16.10.2021',0),(2609,19,'16.10.2021',0),(2610,20,'16.10.2021',0),(2611,21,'16.10.2021',0),(2612,22,'16.10.2021',0),(2613,4,'16.10.2021',0),(2614,5,'16.10.2021',0),(2615,6,'16.10.2021',0),(2616,7,'16.10.2021',0),(2617,8,'16.10.2021',0),(2618,9,'16.10.2021',0),(2619,10,'16.10.2021',0),(2620,11,'16.10.2021',0),(2621,12,'16.10.2021',0),(2622,13,'16.10.2021',0),(2623,14,'16.10.2021',0),(2624,15,'16.10.2021',0),(2625,16,'16.10.2021',0),(2626,17,'16.10.2021',0),(2627,18,'16.10.2021',0),(2628,19,'16.10.2021',0),(2629,20,'16.10.2021',0),(2630,21,'16.10.2021',0),(2631,22,'16.10.2021',0),(2632,4,'16.10.2021',0),(2633,5,'16.10.2021',0),(2634,6,'16.10.2021',0),(2635,7,'16.10.2021',0),(2636,8,'16.10.2021',0),(2637,9,'16.10.2021',0),(2638,10,'16.10.2021',0),(2639,11,'16.10.2021',0),(2640,12,'16.10.2021',0),(2641,13,'16.10.2021',0),(2642,14,'16.10.2021',0),(2643,15,'16.10.2021',0),(2644,16,'16.10.2021',0),(2645,17,'16.10.2021',0),(2646,18,'16.10.2021',0),(2647,19,'16.10.2021',0),(2648,20,'16.10.2021',0),(2649,21,'16.10.2021',0),(2650,22,'16.10.2021',0),(2651,4,'17.10.2021',0),(2652,5,'17.10.2021',0),(2653,6,'17.10.2021',0),(2654,7,'17.10.2021',0),(2655,8,'17.10.2021',0),(2656,9,'17.10.2021',0),(2657,10,'17.10.2021',0),(2658,11,'17.10.2021',0),(2659,12,'17.10.2021',0),(2660,13,'17.10.2021',0),(2661,14,'17.10.2021',0),(2662,15,'17.10.2021',0),(2663,16,'17.10.2021',0),(2664,17,'17.10.2021',0),(2665,18,'17.10.2021',0),(2666,19,'17.10.2021',0),(2667,20,'17.10.2021',0),(2668,21,'17.10.2021',0),(2669,22,'17.10.2021',0),(2670,4,'17.10.2021',0),(2671,5,'17.10.2021',0),(2672,6,'17.10.2021',0),(2673,7,'17.10.2021',0),(2674,8,'17.10.2021',0),(2675,9,'17.10.2021',0),(2676,10,'17.10.2021',0),(2677,11,'17.10.2021',0),(2678,12,'17.10.2021',0),(2679,13,'17.10.2021',0),(2680,14,'17.10.2021',0),(2681,15,'17.10.2021',0),(2682,16,'17.10.2021',0),(2683,17,'17.10.2021',0),(2684,18,'17.10.2021',0),(2685,19,'17.10.2021',0),(2686,20,'17.10.2021',0),(2687,21,'17.10.2021',0),(2688,22,'17.10.2021',0),(2689,4,'17.10.2021',0),(2690,5,'17.10.2021',0),(2691,6,'17.10.2021',0),(2692,7,'17.10.2021',0),(2693,8,'17.10.2021',0),(2694,9,'17.10.2021',0),(2695,10,'17.10.2021',0),(2696,11,'17.10.2021',0),(2697,12,'17.10.2021',0),(2698,13,'17.10.2021',0),(2699,14,'17.10.2021',0),(2700,15,'17.10.2021',0),(2701,16,'17.10.2021',0),(2702,17,'17.10.2021',0),(2703,18,'17.10.2021',0),(2704,19,'17.10.2021',0),(2705,20,'17.10.2021',0),(2706,21,'17.10.2021',0),(2707,22,'17.10.2021',0),(2708,4,'17.10.2021',0),(2709,5,'17.10.2021',0),(2710,6,'17.10.2021',0),(2711,7,'17.10.2021',0),(2712,8,'17.10.2021',0),(2713,9,'17.10.2021',0),(2714,10,'17.10.2021',0),(2715,11,'17.10.2021',0),(2716,12,'17.10.2021',0),(2717,13,'17.10.2021',0),(2718,14,'17.10.2021',0),(2719,15,'17.10.2021',0),(2720,16,'17.10.2021',0),(2721,17,'17.10.2021',0),(2722,18,'17.10.2021',0),(2723,19,'17.10.2021',0),(2724,20,'17.10.2021',0),(2725,21,'17.10.2021',0),(2726,22,'17.10.2021',0),(2727,4,'17.10.2021',0),(2728,5,'17.10.2021',0),(2729,6,'17.10.2021',0),(2730,7,'17.10.2021',0),(2731,8,'17.10.2021',0),(2732,9,'17.10.2021',0),(2733,10,'17.10.2021',0),(2734,11,'17.10.2021',0),(2735,12,'17.10.2021',0),(2736,13,'17.10.2021',0),(2737,14,'17.10.2021',0),(2738,15,'17.10.2021',0),(2739,16,'17.10.2021',0),(2740,17,'17.10.2021',0),(2741,18,'17.10.2021',0),(2742,19,'17.10.2021',0),(2743,20,'17.10.2021',0),(2744,21,'17.10.2021',0),(2745,22,'17.10.2021',0),(2746,4,'18.10.2021',0),(2747,5,'18.10.2021',0),(2748,6,'18.10.2021',0),(2749,7,'18.10.2021',0),(2750,8,'18.10.2021',0),(2751,9,'18.10.2021',0),(2752,10,'18.10.2021',0),(2753,11,'18.10.2021',0),(2754,12,'18.10.2021',0),(2755,13,'18.10.2021',0),(2756,14,'18.10.2021',0),(2757,15,'18.10.2021',0),(2758,16,'18.10.2021',0),(2759,17,'18.10.2021',0),(2760,18,'18.10.2021',0),(2761,19,'18.10.2021',0),(2762,20,'18.10.2021',0),(2763,21,'18.10.2021',0),(2764,22,'18.10.2021',0),(2765,4,'19.10.2021',0),(2766,5,'19.10.2021',0),(2767,6,'19.10.2021',0),(2768,7,'19.10.2021',0),(2769,8,'19.10.2021',0),(2770,9,'19.10.2021',0),(2771,10,'19.10.2021',0),(2772,11,'19.10.2021',0),(2773,12,'19.10.2021',0),(2774,13,'19.10.2021',0),(2775,14,'19.10.2021',0),(2776,15,'19.10.2021',0),(2777,16,'19.10.2021',0),(2778,17,'19.10.2021',0),(2779,18,'19.10.2021',0),(2780,19,'19.10.2021',0),(2781,20,'19.10.2021',0),(2782,21,'19.10.2021',0),(2783,22,'19.10.2021',0),(2784,4,'20.10.2021',0),(2785,5,'20.10.2021',0),(2786,6,'20.10.2021',0),(2787,7,'20.10.2021',0),(2788,8,'20.10.2021',0),(2789,9,'20.10.2021',0),(2790,10,'20.10.2021',0),(2791,11,'20.10.2021',0),(2792,12,'20.10.2021',0),(2793,13,'20.10.2021',0),(2794,14,'20.10.2021',0),(2795,15,'20.10.2021',0),(2796,16,'20.10.2021',0),(2797,17,'20.10.2021',0),(2798,18,'20.10.2021',0),(2799,19,'20.10.2021',0),(2800,20,'20.10.2021',0),(2801,21,'20.10.2021',0),(2802,22,'20.10.2021',0),(2803,4,'20.10.2021',0),(2804,5,'20.10.2021',0),(2805,6,'20.10.2021',0),(2806,7,'20.10.2021',0),(2807,8,'20.10.2021',0),(2808,9,'20.10.2021',0),(2809,10,'20.10.2021',0),(2810,11,'20.10.2021',0),(2811,12,'20.10.2021',0),(2812,13,'20.10.2021',0),(2813,14,'20.10.2021',0),(2814,15,'20.10.2021',0),(2815,16,'20.10.2021',0),(2816,17,'20.10.2021',0),(2817,18,'20.10.2021',0),(2818,19,'20.10.2021',0),(2819,20,'20.10.2021',0),(2820,21,'20.10.2021',0),(2821,22,'20.10.2021',0),(2822,4,'21.10.2021',0),(2823,5,'21.10.2021',0),(2824,6,'21.10.2021',0),(2825,7,'21.10.2021',0),(2826,8,'21.10.2021',0),(2827,9,'21.10.2021',0),(2828,10,'21.10.2021',0),(2829,11,'21.10.2021',0),(2830,12,'21.10.2021',0),(2831,13,'21.10.2021',0),(2832,14,'21.10.2021',0),(2833,15,'21.10.2021',0),(2834,16,'21.10.2021',0),(2835,17,'21.10.2021',0),(2836,18,'21.10.2021',0),(2837,19,'21.10.2021',0),(2838,20,'21.10.2021',0),(2839,21,'21.10.2021',0),(2840,22,'21.10.2021',0),(2841,4,'22.10.2021',0),(2842,5,'22.10.2021',0),(2843,6,'22.10.2021',0),(2844,7,'22.10.2021',0),(2845,8,'22.10.2021',0),(2846,9,'22.10.2021',0),(2847,10,'22.10.2021',0),(2848,11,'22.10.2021',0),(2849,12,'22.10.2021',0),(2850,13,'22.10.2021',0),(2851,14,'22.10.2021',0),(2852,15,'22.10.2021',0),(2853,16,'22.10.2021',0),(2854,17,'22.10.2021',0),(2855,18,'22.10.2021',0),(2856,19,'22.10.2021',0),(2857,20,'22.10.2021',0),(2858,21,'22.10.2021',0),(2859,22,'22.10.2021',0),(2860,4,'23.10.2021',3000),(2861,5,'23.10.2021',0),(2862,6,'23.10.2021',0),(2863,7,'23.10.2021',0),(2864,8,'23.10.2021',0),(2865,9,'23.10.2021',0),(2866,10,'23.10.2021',0),(2867,11,'23.10.2021',0),(2868,12,'23.10.2021',0),(2869,13,'23.10.2021',0),(2870,14,'23.10.2021',0),(2871,15,'23.10.2021',0),(2872,16,'23.10.2021',0),(2873,17,'23.10.2021',0),(2874,18,'23.10.2021',0),(2875,19,'23.10.2021',0),(2876,20,'23.10.2021',0),(2877,21,'23.10.2021',0),(2878,22,'23.10.2021',0),(2879,4,'24.10.2021',0),(2880,5,'24.10.2021',0),(2881,6,'24.10.2021',0),(2882,7,'24.10.2021',0),(2883,8,'24.10.2021',0),(2884,9,'24.10.2021',0),(2885,10,'24.10.2021',0),(2886,11,'24.10.2021',0),(2887,12,'24.10.2021',0),(2888,13,'24.10.2021',0),(2889,14,'24.10.2021',0),(2890,15,'24.10.2021',0),(2891,16,'24.10.2021',0),(2892,17,'24.10.2021',0),(2893,18,'24.10.2021',0),(2894,19,'24.10.2021',0),(2895,20,'24.10.2021',0),(2896,21,'24.10.2021',0),(2897,22,'24.10.2021',0),(2898,4,'25.10.2021',0),(2899,5,'25.10.2021',0),(2900,6,'25.10.2021',0),(2901,7,'25.10.2021',0),(2902,8,'25.10.2021',0),(2903,9,'25.10.2021',0),(2904,10,'25.10.2021',0),(2905,11,'25.10.2021',0),(2906,12,'25.10.2021',0),(2907,13,'25.10.2021',0),(2908,14,'25.10.2021',0),(2909,15,'25.10.2021',0),(2910,16,'25.10.2021',0),(2911,17,'25.10.2021',0),(2912,18,'25.10.2021',0),(2913,19,'25.10.2021',0),(2914,20,'25.10.2021',0),(2915,21,'25.10.2021',0),(2916,22,'25.10.2021',0),(2917,4,'26.10.2021',0),(2918,5,'26.10.2021',0),(2919,6,'26.10.2021',0),(2920,7,'26.10.2021',0),(2921,8,'26.10.2021',0),(2922,9,'26.10.2021',0),(2923,10,'26.10.2021',0),(2924,11,'26.10.2021',0),(2925,12,'26.10.2021',0),(2926,13,'26.10.2021',0),(2927,14,'26.10.2021',0),(2928,15,'26.10.2021',0),(2929,16,'26.10.2021',0),(2930,17,'26.10.2021',0),(2931,18,'26.10.2021',0),(2932,19,'26.10.2021',0),(2933,20,'26.10.2021',0),(2934,21,'26.10.2021',0),(2935,22,'26.10.2021',0),(2936,4,'27.10.2021',0),(2937,5,'27.10.2021',0),(2938,6,'27.10.2021',0),(2939,7,'27.10.2021',0),(2940,8,'27.10.2021',0),(2941,9,'27.10.2021',0),(2942,10,'27.10.2021',0),(2943,11,'27.10.2021',0),(2944,12,'27.10.2021',0),(2945,13,'27.10.2021',0),(2946,14,'27.10.2021',0),(2947,15,'27.10.2021',0),(2948,16,'27.10.2021',0),(2949,17,'27.10.2021',0),(2950,18,'27.10.2021',0),(2951,19,'27.10.2021',0),(2952,20,'27.10.2021',0),(2953,21,'27.10.2021',0),(2954,22,'27.10.2021',0),(2955,4,'27.10.2021',0),(2956,5,'27.10.2021',0),(2957,6,'27.10.2021',0),(2958,7,'27.10.2021',0),(2959,8,'27.10.2021',0),(2960,9,'27.10.2021',0),(2961,10,'27.10.2021',0),(2962,11,'27.10.2021',0),(2963,12,'27.10.2021',0),(2964,13,'27.10.2021',0),(2965,14,'27.10.2021',0),(2966,15,'27.10.2021',0),(2967,16,'27.10.2021',0),(2968,17,'27.10.2021',0),(2969,18,'27.10.2021',0),(2970,19,'27.10.2021',0),(2971,20,'27.10.2021',0),(2972,21,'27.10.2021',0),(2973,22,'27.10.2021',0),(2974,4,'28.10.2021',0),(2975,5,'28.10.2021',0),(2976,6,'28.10.2021',0),(2977,7,'28.10.2021',0),(2978,8,'28.10.2021',0),(2979,9,'28.10.2021',0),(2980,10,'28.10.2021',0),(2981,11,'28.10.2021',0),(2982,12,'28.10.2021',0),(2983,13,'28.10.2021',0),(2984,14,'28.10.2021',0),(2985,15,'28.10.2021',0),(2986,16,'28.10.2021',0),(2987,17,'28.10.2021',0),(2988,18,'28.10.2021',0),(2989,19,'28.10.2021',0),(2990,20,'28.10.2021',0),(2991,21,'28.10.2021',0),(2992,22,'28.10.2021',0),(2993,4,'28.10.2021',0),(2994,5,'28.10.2021',0),(2995,6,'28.10.2021',0),(2996,7,'28.10.2021',0),(2997,8,'28.10.2021',0),(2998,9,'28.10.2021',0),(2999,10,'28.10.2021',0),(3000,11,'28.10.2021',0),(3001,12,'28.10.2021',0),(3002,13,'28.10.2021',0),(3003,14,'28.10.2021',0),(3004,15,'28.10.2021',0),(3005,16,'28.10.2021',0),(3006,17,'28.10.2021',0),(3007,18,'28.10.2021',0),(3008,19,'28.10.2021',0),(3009,20,'28.10.2021',0),(3010,21,'28.10.2021',0),(3011,22,'28.10.2021',0),(3012,4,'29.10.2021',0),(3013,5,'29.10.2021',0),(3014,6,'29.10.2021',0),(3015,7,'29.10.2021',0),(3016,8,'29.10.2021',0),(3017,9,'29.10.2021',0),(3018,10,'29.10.2021',0),(3019,11,'29.10.2021',0),(3020,12,'29.10.2021',0),(3021,13,'29.10.2021',0),(3022,14,'29.10.2021',0),(3023,15,'29.10.2021',0),(3024,16,'29.10.2021',0),(3025,17,'29.10.2021',0),(3026,18,'29.10.2021',0),(3027,19,'29.10.2021',0),(3028,20,'29.10.2021',0),(3029,21,'29.10.2021',0),(3030,22,'29.10.2021',0),(3031,4,'30.10.2021',0),(3032,5,'30.10.2021',0),(3033,6,'30.10.2021',0),(3034,7,'30.10.2021',0),(3035,8,'30.10.2021',0),(3036,9,'30.10.2021',0),(3037,10,'30.10.2021',0),(3038,11,'30.10.2021',0),(3039,12,'30.10.2021',0),(3040,13,'30.10.2021',0),(3041,14,'30.10.2021',0),(3042,15,'30.10.2021',0),(3043,16,'30.10.2021',0),(3044,17,'30.10.2021',0),(3045,18,'30.10.2021',0),(3046,19,'30.10.2021',0),(3047,20,'30.10.2021',0),(3048,21,'30.10.2021',0),(3049,22,'30.10.2021',0),(3050,4,'31.10.2021',0),(3051,5,'31.10.2021',0),(3052,6,'31.10.2021',0),(3053,7,'31.10.2021',0),(3054,8,'31.10.2021',0),(3055,9,'31.10.2021',0),(3056,10,'31.10.2021',0),(3057,11,'31.10.2021',0),(3058,12,'31.10.2021',0),(3059,13,'31.10.2021',0),(3060,14,'31.10.2021',1100),(3061,15,'31.10.2021',0),(3062,16,'31.10.2021',0),(3063,17,'31.10.2021',0),(3064,18,'31.10.2021',0),(3065,19,'31.10.2021',0),(3066,20,'31.10.2021',250),(3067,21,'31.10.2021',0),(3068,22,'31.10.2021',0),(3069,4,'1.11.2021',0),(3070,5,'1.11.2021',0),(3071,6,'1.11.2021',0),(3072,7,'1.11.2021',0),(3073,8,'1.11.2021',0),(3074,9,'1.11.2021',0),(3075,10,'1.11.2021',0),(3076,11,'1.11.2021',0),(3077,12,'1.11.2021',0),(3078,13,'1.11.2021',0),(3079,14,'1.11.2021',0),(3080,15,'1.11.2021',0),(3081,16,'1.11.2021',0),(3082,17,'1.11.2021',0),(3083,18,'1.11.2021',0),(3084,19,'1.11.2021',0),(3085,20,'1.11.2021',0),(3086,21,'1.11.2021',0),(3087,22,'1.11.2021',0),(3088,4,'2.11.2021',0),(3089,5,'2.11.2021',0),(3090,6,'2.11.2021',0),(3091,7,'2.11.2021',0),(3092,8,'2.11.2021',0),(3093,9,'2.11.2021',0),(3094,10,'2.11.2021',0),(3095,11,'2.11.2021',0),(3096,12,'2.11.2021',0),(3097,13,'2.11.2021',0),(3098,14,'2.11.2021',0),(3099,15,'2.11.2021',0),(3100,16,'2.11.2021',0),(3101,17,'2.11.2021',0),(3102,18,'2.11.2021',0),(3103,19,'2.11.2021',0),(3104,20,'2.11.2021',0),(3105,21,'2.11.2021',0),(3106,22,'2.11.2021',0),(3107,4,'3.11.2021',0),(3108,5,'3.11.2021',0),(3109,6,'3.11.2021',0),(3110,7,'3.11.2021',0),(3111,8,'3.11.2021',0),(3112,9,'3.11.2021',0),(3113,10,'3.11.2021',0),(3114,11,'3.11.2021',0),(3115,12,'3.11.2021',0),(3116,13,'3.11.2021',0),(3117,14,'3.11.2021',0),(3118,15,'3.11.2021',0),(3119,16,'3.11.2021',0),(3120,17,'3.11.2021',0),(3121,18,'3.11.2021',0),(3122,19,'3.11.2021',0),(3123,20,'3.11.2021',0),(3124,21,'3.11.2021',0),(3125,22,'3.11.2021',0),(3126,4,'4.11.2021',0),(3127,5,'4.11.2021',0),(3128,6,'4.11.2021',0),(3129,7,'4.11.2021',0),(3130,8,'4.11.2021',0),(3131,9,'4.11.2021',0),(3132,10,'4.11.2021',0),(3133,11,'4.11.2021',0),(3134,12,'4.11.2021',0),(3135,13,'4.11.2021',0),(3136,14,'4.11.2021',0),(3137,15,'4.11.2021',0),(3138,16,'4.11.2021',0),(3139,17,'4.11.2021',0),(3140,18,'4.11.2021',0),(3141,19,'4.11.2021',0),(3142,20,'4.11.2021',0),(3143,21,'4.11.2021',0),(3144,22,'4.11.2021',0),(3145,4,'5.11.2021',0),(3146,5,'5.11.2021',0),(3147,6,'5.11.2021',0),(3148,7,'5.11.2021',0),(3149,8,'5.11.2021',0),(3150,9,'5.11.2021',0),(3151,10,'5.11.2021',0),(3152,11,'5.11.2021',0),(3153,12,'5.11.2021',0),(3154,13,'5.11.2021',0),(3155,14,'5.11.2021',0),(3156,15,'5.11.2021',0),(3157,16,'5.11.2021',0),(3158,17,'5.11.2021',0),(3159,18,'5.11.2021',0),(3160,19,'5.11.2021',0),(3161,20,'5.11.2021',0),(3162,21,'5.11.2021',0),(3163,22,'5.11.2021',0),(3164,4,'6.11.2021',0),(3165,5,'6.11.2021',0),(3166,6,'6.11.2021',0),(3167,7,'6.11.2021',0),(3168,8,'6.11.2021',0),(3169,9,'6.11.2021',0),(3170,10,'6.11.2021',0),(3171,11,'6.11.2021',0),(3172,12,'6.11.2021',0),(3173,13,'6.11.2021',0),(3174,14,'6.11.2021',0),(3175,15,'6.11.2021',0),(3176,16,'6.11.2021',0),(3177,17,'6.11.2021',0),(3178,18,'6.11.2021',0),(3179,19,'6.11.2021',0),(3180,20,'6.11.2021',0),(3181,21,'6.11.2021',0),(3182,22,'6.11.2021',0),(3183,4,'7.11.2021',0),(3184,5,'7.11.2021',0),(3185,6,'7.11.2021',0),(3186,7,'7.11.2021',0),(3187,8,'7.11.2021',0),(3188,9,'7.11.2021',0),(3189,10,'7.11.2021',0),(3190,11,'7.11.2021',0),(3191,12,'7.11.2021',0),(3192,13,'7.11.2021',0),(3193,14,'7.11.2021',0),(3194,15,'7.11.2021',0),(3195,16,'7.11.2021',0),(3196,17,'7.11.2021',0),(3197,18,'7.11.2021',0),(3198,19,'7.11.2021',0),(3199,20,'7.11.2021',0),(3200,21,'7.11.2021',0),(3201,22,'7.11.2021',0),(3202,4,'8.11.2021',0),(3203,5,'8.11.2021',0),(3204,6,'8.11.2021',0),(3205,7,'8.11.2021',0),(3206,8,'8.11.2021',0),(3207,9,'8.11.2021',0),(3208,10,'8.11.2021',0),(3209,11,'8.11.2021',0),(3210,12,'8.11.2021',0),(3211,13,'8.11.2021',0),(3212,14,'8.11.2021',0),(3213,15,'8.11.2021',0),(3214,16,'8.11.2021',0),(3215,17,'8.11.2021',0),(3216,18,'8.11.2021',0),(3217,19,'8.11.2021',0),(3218,20,'8.11.2021',0),(3219,21,'8.11.2021',0),(3220,22,'8.11.2021',0),(3221,4,'9.11.2021',0),(3222,5,'9.11.2021',0),(3223,6,'9.11.2021',0),(3224,7,'9.11.2021',0),(3225,8,'9.11.2021',0),(3226,9,'9.11.2021',0),(3227,10,'9.11.2021',0),(3228,11,'9.11.2021',0),(3229,12,'9.11.2021',0),(3230,13,'9.11.2021',0),(3231,14,'9.11.2021',0),(3232,15,'9.11.2021',0),(3233,16,'9.11.2021',0),(3234,17,'9.11.2021',0),(3235,18,'9.11.2021',0),(3236,19,'9.11.2021',0),(3237,20,'9.11.2021',0),(3238,21,'9.11.2021',0),(3239,22,'9.11.2021',0),(3240,4,'10.11.2021',0),(3241,5,'10.11.2021',0),(3242,6,'10.11.2021',0),(3243,7,'10.11.2021',0),(3244,8,'10.11.2021',0),(3245,9,'10.11.2021',0),(3246,10,'10.11.2021',0),(3247,11,'10.11.2021',0),(3248,12,'10.11.2021',0),(3249,13,'10.11.2021',0),(3250,14,'10.11.2021',0),(3251,15,'10.11.2021',0),(3252,16,'10.11.2021',0),(3253,17,'10.11.2021',0),(3254,18,'10.11.2021',0),(3255,19,'10.11.2021',0),(3256,20,'10.11.2021',0),(3257,21,'10.11.2021',0),(3258,22,'10.11.2021',0),(3259,4,'11.11.2021',0),(3260,5,'11.11.2021',0),(3261,6,'11.11.2021',0),(3262,7,'11.11.2021',0),(3263,8,'11.11.2021',0),(3264,9,'11.11.2021',0),(3265,10,'11.11.2021',0),(3266,11,'11.11.2021',0),(3267,12,'11.11.2021',0),(3268,13,'11.11.2021',0),(3269,14,'11.11.2021',0),(3270,15,'11.11.2021',0),(3271,16,'11.11.2021',0),(3272,17,'11.11.2021',0),(3273,18,'11.11.2021',0),(3274,19,'11.11.2021',0),(3275,20,'11.11.2021',0),(3276,21,'11.11.2021',0),(3277,22,'11.11.2021',0),(3278,4,'12.11.2021',0),(3279,5,'12.11.2021',0),(3280,6,'12.11.2021',0),(3281,7,'12.11.2021',0),(3282,8,'12.11.2021',0),(3283,9,'12.11.2021',0),(3284,10,'12.11.2021',0),(3285,11,'12.11.2021',0),(3286,12,'12.11.2021',0),(3287,13,'12.11.2021',0),(3288,14,'12.11.2021',0),(3289,15,'12.11.2021',0),(3290,16,'12.11.2021',0),(3291,17,'12.11.2021',0),(3292,18,'12.11.2021',0),(3293,19,'12.11.2021',0),(3294,20,'12.11.2021',0),(3295,21,'12.11.2021',0),(3296,22,'12.11.2021',0),(3297,4,'13.11.2021',0),(3298,5,'13.11.2021',0),(3299,6,'13.11.2021',0),(3300,7,'13.11.2021',0),(3301,8,'13.11.2021',0),(3302,9,'13.11.2021',0),(3303,10,'13.11.2021',0),(3304,11,'13.11.2021',0),(3305,12,'13.11.2021',0),(3306,13,'13.11.2021',0),(3307,14,'13.11.2021',0),(3308,15,'13.11.2021',0),(3309,16,'13.11.2021',0),(3310,17,'13.11.2021',0),(3311,18,'13.11.2021',0),(3312,19,'13.11.2021',0),(3313,20,'13.11.2021',0),(3314,21,'13.11.2021',0),(3315,22,'13.11.2021',0),(3316,4,'13.11.2021',0),(3317,5,'13.11.2021',0),(3318,6,'13.11.2021',0),(3319,7,'13.11.2021',0),(3320,8,'13.11.2021',0),(3321,9,'13.11.2021',0),(3322,10,'13.11.2021',0),(3323,11,'13.11.2021',0),(3324,12,'13.11.2021',0),(3325,13,'13.11.2021',0),(3326,14,'13.11.2021',0),(3327,15,'13.11.2021',0),(3328,16,'13.11.2021',0),(3329,17,'13.11.2021',0),(3330,18,'13.11.2021',0),(3331,19,'13.11.2021',0),(3332,20,'13.11.2021',0),(3333,21,'13.11.2021',0),(3334,22,'13.11.2021',0),(3335,4,'14.11.2021',0),(3336,5,'14.11.2021',0),(3337,6,'14.11.2021',0),(3338,7,'14.11.2021',0),(3339,8,'14.11.2021',0),(3340,9,'14.11.2021',0),(3341,10,'14.11.2021',0),(3342,11,'14.11.2021',0),(3343,12,'14.11.2021',0),(3344,13,'14.11.2021',0),(3345,14,'14.11.2021',0),(3346,15,'14.11.2021',0),(3347,16,'14.11.2021',0),(3348,17,'14.11.2021',0),(3349,18,'14.11.2021',0),(3350,19,'14.11.2021',0),(3351,20,'14.11.2021',0),(3352,21,'14.11.2021',0),(3353,22,'14.11.2021',0),(3354,4,'15.11.2021',0),(3355,5,'15.11.2021',0),(3356,6,'15.11.2021',0),(3357,7,'15.11.2021',0),(3358,8,'15.11.2021',0),(3359,9,'15.11.2021',0),(3360,10,'15.11.2021',0),(3361,11,'15.11.2021',0),(3362,12,'15.11.2021',0),(3363,13,'15.11.2021',0),(3364,14,'15.11.2021',0),(3365,15,'15.11.2021',0),(3366,16,'15.11.2021',0),(3367,17,'15.11.2021',0),(3368,18,'15.11.2021',0),(3369,19,'15.11.2021',0),(3370,20,'15.11.2021',0),(3371,21,'15.11.2021',0),(3372,22,'15.11.2021',0),(3373,4,'16.11.2021',0),(3374,5,'16.11.2021',0),(3375,6,'16.11.2021',0),(3376,7,'16.11.2021',0),(3377,8,'16.11.2021',0),(3378,9,'16.11.2021',0),(3379,10,'16.11.2021',0),(3380,11,'16.11.2021',0),(3381,12,'16.11.2021',0),(3382,13,'16.11.2021',0),(3383,14,'16.11.2021',0),(3384,15,'16.11.2021',0),(3385,16,'16.11.2021',0),(3386,17,'16.11.2021',0),(3387,18,'16.11.2021',0),(3388,19,'16.11.2021',0),(3389,20,'16.11.2021',0),(3390,21,'16.11.2021',0),(3391,22,'16.11.2021',0),(3392,4,'17.11.2021',0),(3393,5,'17.11.2021',0),(3394,6,'17.11.2021',0),(3395,7,'17.11.2021',0),(3396,8,'17.11.2021',0),(3397,9,'17.11.2021',0),(3398,10,'17.11.2021',0),(3399,11,'17.11.2021',0),(3400,12,'17.11.2021',0),(3401,13,'17.11.2021',0),(3402,14,'17.11.2021',0),(3403,15,'17.11.2021',0),(3404,16,'17.11.2021',0),(3405,17,'17.11.2021',0),(3406,18,'17.11.2021',0),(3407,19,'17.11.2021',0),(3408,20,'17.11.2021',0),(3409,21,'17.11.2021',0),(3410,22,'17.11.2021',0),(3411,4,'18.11.2021',0),(3412,5,'18.11.2021',0),(3413,6,'18.11.2021',0),(3414,7,'18.11.2021',0),(3415,8,'18.11.2021',0),(3416,9,'18.11.2021',0),(3417,10,'18.11.2021',0),(3418,11,'18.11.2021',0),(3419,12,'18.11.2021',0),(3420,13,'18.11.2021',0),(3421,14,'18.11.2021',0),(3422,15,'18.11.2021',0),(3423,16,'18.11.2021',0),(3424,17,'18.11.2021',0),(3425,18,'18.11.2021',0),(3426,19,'18.11.2021',0),(3427,20,'18.11.2021',0),(3428,21,'18.11.2021',0),(3429,22,'18.11.2021',0),(3430,4,'19.11.2021',0),(3431,5,'19.11.2021',0),(3432,6,'19.11.2021',0),(3433,7,'19.11.2021',0),(3434,8,'19.11.2021',0),(3435,9,'19.11.2021',0),(3436,10,'19.11.2021',0),(3437,11,'19.11.2021',0),(3438,12,'19.11.2021',0),(3439,13,'19.11.2021',0),(3440,14,'19.11.2021',0),(3441,15,'19.11.2021',0),(3442,16,'19.11.2021',0),(3443,17,'19.11.2021',0),(3444,18,'19.11.2021',0),(3445,19,'19.11.2021',0),(3446,20,'19.11.2021',0),(3447,21,'19.11.2021',0),(3448,22,'19.11.2021',0),(3449,4,'20.11.2021',0),(3450,5,'20.11.2021',0),(3451,6,'20.11.2021',0),(3452,7,'20.11.2021',0),(3453,8,'20.11.2021',0),(3454,9,'20.11.2021',0),(3455,10,'20.11.2021',0),(3456,11,'20.11.2021',0),(3457,12,'20.11.2021',0),(3458,13,'20.11.2021',0),(3459,14,'20.11.2021',0),(3460,15,'20.11.2021',0),(3461,16,'20.11.2021',0),(3462,17,'20.11.2021',0),(3463,18,'20.11.2021',0),(3464,19,'20.11.2021',0),(3465,20,'20.11.2021',0),(3466,21,'20.11.2021',0),(3467,22,'20.11.2021',0),(3468,4,'21.11.2021',0),(3469,5,'21.11.2021',0),(3470,6,'21.11.2021',0),(3471,7,'21.11.2021',0),(3472,8,'21.11.2021',0),(3473,9,'21.11.2021',0),(3474,10,'21.11.2021',0),(3475,11,'21.11.2021',0),(3476,12,'21.11.2021',0),(3477,13,'21.11.2021',0),(3478,14,'21.11.2021',0),(3479,15,'21.11.2021',0),(3480,16,'21.11.2021',0),(3481,17,'21.11.2021',0),(3482,18,'21.11.2021',0),(3483,19,'21.11.2021',0),(3484,20,'21.11.2021',0),(3485,21,'21.11.2021',0),(3486,22,'21.11.2021',0),(3487,4,'22.11.2021',0),(3488,5,'22.11.2021',0),(3489,6,'22.11.2021',0),(3490,7,'22.11.2021',0),(3491,8,'22.11.2021',0),(3492,9,'22.11.2021',0),(3493,10,'22.11.2021',0),(3494,11,'22.11.2021',0),(3495,12,'22.11.2021',0),(3496,13,'22.11.2021',0),(3497,14,'22.11.2021',0),(3498,15,'22.11.2021',0),(3499,16,'22.11.2021',0),(3500,17,'22.11.2021',0),(3501,18,'22.11.2021',0),(3502,19,'22.11.2021',0),(3503,20,'22.11.2021',0),(3504,21,'22.11.2021',0),(3505,22,'22.11.2021',0),(3506,4,'23.11.2021',0),(3507,5,'23.11.2021',0),(3508,6,'23.11.2021',0),(3509,7,'23.11.2021',0),(3510,8,'23.11.2021',0),(3511,9,'23.11.2021',0),(3512,10,'23.11.2021',0),(3513,11,'23.11.2021',0),(3514,12,'23.11.2021',0),(3515,13,'23.11.2021',0),(3516,14,'23.11.2021',0),(3517,15,'23.11.2021',0),(3518,16,'23.11.2021',0),(3519,17,'23.11.2021',0),(3520,18,'23.11.2021',0),(3521,19,'23.11.2021',0),(3522,20,'23.11.2021',0),(3523,21,'23.11.2021',0),(3524,22,'23.11.2021',0),(3525,4,'24.11.2021',0),(3526,5,'24.11.2021',0),(3527,6,'24.11.2021',0),(3528,7,'24.11.2021',0),(3529,8,'24.11.2021',0),(3530,9,'24.11.2021',0),(3531,10,'24.11.2021',0),(3532,11,'24.11.2021',0),(3533,12,'24.11.2021',0),(3534,13,'24.11.2021',0),(3535,14,'24.11.2021',0),(3536,15,'24.11.2021',0),(3537,16,'24.11.2021',0),(3538,17,'24.11.2021',0),(3539,18,'24.11.2021',0),(3540,19,'24.11.2021',0),(3541,20,'24.11.2021',0),(3542,21,'24.11.2021',0),(3543,22,'24.11.2021',0),(3544,4,'25.11.2021',0),(3545,5,'25.11.2021',0),(3546,6,'25.11.2021',0),(3547,7,'25.11.2021',0),(3548,8,'25.11.2021',0),(3549,9,'25.11.2021',0),(3550,10,'25.11.2021',0),(3551,11,'25.11.2021',0),(3552,12,'25.11.2021',0),(3553,13,'25.11.2021',0),(3554,14,'25.11.2021',0),(3555,15,'25.11.2021',0),(3556,16,'25.11.2021',0),(3557,17,'25.11.2021',0),(3558,18,'25.11.2021',0),(3559,19,'25.11.2021',0),(3560,20,'25.11.2021',0),(3561,21,'25.11.2021',0),(3562,22,'25.11.2021',0),(3563,4,'26.11.2021',0),(3564,5,'26.11.2021',0),(3565,6,'26.11.2021',0),(3566,7,'26.11.2021',0),(3567,8,'26.11.2021',0),(3568,9,'26.11.2021',0),(3569,10,'26.11.2021',0),(3570,11,'26.11.2021',0),(3571,12,'26.11.2021',0),(3572,13,'26.11.2021',0),(3573,14,'26.11.2021',0),(3574,15,'26.11.2021',0),(3575,16,'26.11.2021',0),(3576,17,'26.11.2021',0),(3577,18,'26.11.2021',0),(3578,19,'26.11.2021',0),(3579,20,'26.11.2021',0),(3580,21,'26.11.2021',0),(3581,22,'26.11.2021',0),(3582,4,'27.11.2021',3750),(3583,5,'27.11.2021',0),(3584,6,'27.11.2021',0),(3585,7,'27.11.2021',0),(3586,8,'27.11.2021',0),(3587,9,'27.11.2021',0),(3588,10,'27.11.2021',0),(3589,11,'27.11.2021',0),(3590,12,'27.11.2021',0),(3591,13,'27.11.2021',0),(3592,14,'27.11.2021',0),(3593,15,'27.11.2021',0),(3594,16,'27.11.2021',0),(3595,17,'27.11.2021',0),(3596,18,'27.11.2021',0),(3597,19,'27.11.2021',0),(3598,20,'27.11.2021',0),(3599,21,'27.11.2021',0),(3600,22,'27.11.2021',0),(3601,4,'28.11.2021',0),(3602,5,'28.11.2021',0),(3603,6,'28.11.2021',0),(3604,7,'28.11.2021',0),(3605,8,'28.11.2021',0),(3606,9,'28.11.2021',0),(3607,10,'28.11.2021',0),(3608,11,'28.11.2021',0),(3609,12,'28.11.2021',0),(3610,13,'28.11.2021',0),(3611,14,'28.11.2021',0),(3612,15,'28.11.2021',0),(3613,16,'28.11.2021',0),(3614,17,'28.11.2021',0),(3615,18,'28.11.2021',0),(3616,19,'28.11.2021',0),(3617,20,'28.11.2021',0),(3618,21,'28.11.2021',0),(3619,22,'28.11.2021',0),(3620,4,'29.11.2021',0),(3621,5,'29.11.2021',0),(3622,6,'29.11.2021',0),(3623,7,'29.11.2021',0),(3624,8,'29.11.2021',0),(3625,9,'29.11.2021',0),(3626,10,'29.11.2021',0),(3627,11,'29.11.2021',0),(3628,12,'29.11.2021',0),(3629,13,'29.11.2021',0),(3630,14,'29.11.2021',0),(3631,15,'29.11.2021',0),(3632,16,'29.11.2021',0),(3633,17,'29.11.2021',0),(3634,18,'29.11.2021',0),(3635,19,'29.11.2021',0),(3636,20,'29.11.2021',0),(3637,21,'29.11.2021',0),(3638,22,'29.11.2021',0),(3639,4,'30.11.2021',5500),(3640,5,'30.11.2021',0),(3641,6,'30.11.2021',0),(3642,7,'30.11.2021',0),(3643,8,'30.11.2021',0),(3644,9,'30.11.2021',0),(3645,10,'30.11.2021',0),(3646,11,'30.11.2021',0),(3647,12,'30.11.2021',0),(3648,13,'30.11.2021',0),(3649,14,'30.11.2021',0),(3650,15,'30.11.2021',0),(3651,16,'30.11.2021',0),(3652,17,'30.11.2021',0),(3653,18,'30.11.2021',0),(3654,19,'30.11.2021',0),(3655,20,'30.11.2021',0),(3656,21,'30.11.2021',0),(3657,22,'30.11.2021',0),(3658,4,'1.12.2021',0),(3659,5,'1.12.2021',0),(3660,6,'1.12.2021',0),(3661,7,'1.12.2021',0),(3662,8,'1.12.2021',0),(3663,9,'1.12.2021',0),(3664,10,'1.12.2021',0),(3665,11,'1.12.2021',0),(3666,12,'1.12.2021',0),(3667,13,'1.12.2021',0),(3668,14,'1.12.2021',0),(3669,15,'1.12.2021',0),(3670,16,'1.12.2021',0),(3671,17,'1.12.2021',0),(3672,18,'1.12.2021',0),(3673,19,'1.12.2021',0),(3674,20,'1.12.2021',0),(3675,21,'1.12.2021',0),(3676,22,'1.12.2021',0),(3677,4,'2.12.2021',5250),(3678,5,'2.12.2021',2200),(3679,6,'2.12.2021',0),(3680,7,'2.12.2021',0),(3681,8,'2.12.2021',0),(3682,9,'2.12.2021',0),(3683,10,'2.12.2021',0),(3684,11,'2.12.2021',0),(3685,12,'2.12.2021',0),(3686,13,'2.12.2021',0),(3687,14,'2.12.2021',0),(3688,15,'2.12.2021',0),(3689,16,'2.12.2021',0),(3690,17,'2.12.2021',0),(3691,18,'2.12.2021',0),(3692,19,'2.12.2021',0),(3693,20,'2.12.2021',0),(3694,21,'2.12.2021',0),(3695,22,'2.12.2021',0),(3696,4,'3.12.2021',0),(3697,5,'3.12.2021',0),(3698,6,'3.12.2021',0),(3699,7,'3.12.2021',0),(3700,8,'3.12.2021',0),(3701,9,'3.12.2021',0),(3702,10,'3.12.2021',0),(3703,11,'3.12.2021',0),(3704,12,'3.12.2021',0),(3705,13,'3.12.2021',0),(3706,14,'3.12.2021',0),(3707,15,'3.12.2021',0),(3708,16,'3.12.2021',0),(3709,17,'3.12.2021',0),(3710,18,'3.12.2021',0),(3711,19,'3.12.2021',0),(3712,20,'3.12.2021',0),(3713,21,'3.12.2021',0),(3714,22,'3.12.2021',0),(3715,4,'4.12.2021',0),(3716,5,'4.12.2021',0),(3717,6,'4.12.2021',0),(3718,7,'4.12.2021',0),(3719,8,'4.12.2021',0),(3720,9,'4.12.2021',0),(3721,10,'4.12.2021',0),(3722,11,'4.12.2021',0),(3723,12,'4.12.2021',0),(3724,13,'4.12.2021',0),(3725,14,'4.12.2021',0),(3726,15,'4.12.2021',0),(3727,16,'4.12.2021',0),(3728,17,'4.12.2021',0),(3729,18,'4.12.2021',0),(3730,19,'4.12.2021',0),(3731,20,'4.12.2021',0),(3732,21,'4.12.2021',0),(3733,22,'4.12.2021',0),(3734,4,'4.12.2021',0),(3735,5,'4.12.2021',0),(3736,6,'4.12.2021',0),(3737,7,'4.12.2021',0),(3738,8,'4.12.2021',0),(3739,9,'4.12.2021',0),(3740,10,'4.12.2021',0),(3741,11,'4.12.2021',0),(3742,12,'4.12.2021',0),(3743,13,'4.12.2021',0),(3744,14,'4.12.2021',0),(3745,15,'4.12.2021',0),(3746,16,'4.12.2021',0),(3747,17,'4.12.2021',0),(3748,18,'4.12.2021',0),(3749,19,'4.12.2021',0),(3750,20,'4.12.2021',0),(3751,21,'4.12.2021',0),(3752,22,'4.12.2021',0),(3753,4,'5.12.2021',0),(3754,5,'5.12.2021',0),(3755,6,'5.12.2021',0),(3756,7,'5.12.2021',0),(3757,8,'5.12.2021',0),(3758,9,'5.12.2021',0),(3759,10,'5.12.2021',0),(3760,11,'5.12.2021',0),(3761,12,'5.12.2021',0),(3762,13,'5.12.2021',0),(3763,14,'5.12.2021',0),(3764,15,'5.12.2021',0),(3765,16,'5.12.2021',0),(3766,17,'5.12.2021',0),(3767,18,'5.12.2021',0),(3768,19,'5.12.2021',0),(3769,20,'5.12.2021',0),(3770,21,'5.12.2021',0),(3771,22,'5.12.2021',0),(3772,4,'6.12.2021',0),(3773,5,'6.12.2021',0),(3774,6,'6.12.2021',0),(3775,7,'6.12.2021',0),(3776,8,'6.12.2021',0),(3777,9,'6.12.2021',0),(3778,10,'6.12.2021',0),(3779,11,'6.12.2021',0),(3780,12,'6.12.2021',0),(3781,13,'6.12.2021',0),(3782,14,'6.12.2021',0),(3783,15,'6.12.2021',0),(3784,16,'6.12.2021',0),(3785,17,'6.12.2021',0),(3786,18,'6.12.2021',0),(3787,19,'6.12.2021',0),(3788,20,'6.12.2021',0),(3789,21,'6.12.2021',0),(3790,22,'6.12.2021',0),(3791,4,'7.12.2021',0),(3792,5,'7.12.2021',0),(3793,6,'7.12.2021',0),(3794,7,'7.12.2021',0),(3795,8,'7.12.2021',0),(3796,9,'7.12.2021',0),(3797,10,'7.12.2021',0),(3798,11,'7.12.2021',0),(3799,12,'7.12.2021',0),(3800,13,'7.12.2021',0),(3801,14,'7.12.2021',0),(3802,15,'7.12.2021',0),(3803,16,'7.12.2021',0),(3804,17,'7.12.2021',0),(3805,18,'7.12.2021',0),(3806,19,'7.12.2021',0),(3807,20,'7.12.2021',0),(3808,21,'7.12.2021',0),(3809,22,'7.12.2021',0),(3810,4,'8.12.2021',0),(3811,5,'8.12.2021',0),(3812,6,'8.12.2021',0),(3813,7,'8.12.2021',0),(3814,8,'8.12.2021',0),(3815,9,'8.12.2021',0),(3816,10,'8.12.2021',0),(3817,11,'8.12.2021',0),(3818,12,'8.12.2021',0),(3819,13,'8.12.2021',0),(3820,14,'8.12.2021',0),(3821,15,'8.12.2021',0),(3822,16,'8.12.2021',0),(3823,17,'8.12.2021',0),(3824,18,'8.12.2021',0),(3825,19,'8.12.2021',0),(3826,20,'8.12.2021',0),(3827,21,'8.12.2021',0),(3828,22,'8.12.2021',0),(3829,4,'9.12.2021',0),(3830,5,'9.12.2021',0),(3831,6,'9.12.2021',0),(3832,7,'9.12.2021',0),(3833,8,'9.12.2021',0),(3834,9,'9.12.2021',0),(3835,10,'9.12.2021',0),(3836,11,'9.12.2021',0),(3837,12,'9.12.2021',0),(3838,13,'9.12.2021',0),(3839,14,'9.12.2021',0),(3840,15,'9.12.2021',0),(3841,16,'9.12.2021',0),(3842,17,'9.12.2021',0),(3843,18,'9.12.2021',0),(3844,19,'9.12.2021',0),(3845,20,'9.12.2021',0),(3846,21,'9.12.2021',0),(3847,22,'9.12.2021',0),(3848,4,'10.12.2021',0),(3849,5,'10.12.2021',0),(3850,6,'10.12.2021',0),(3851,7,'10.12.2021',0),(3852,8,'10.12.2021',0),(3853,9,'10.12.2021',0),(3854,10,'10.12.2021',0),(3855,11,'10.12.2021',0),(3856,12,'10.12.2021',0),(3857,13,'10.12.2021',0),(3858,14,'10.12.2021',0),(3859,15,'10.12.2021',0),(3860,16,'10.12.2021',0),(3861,17,'10.12.2021',0),(3862,18,'10.12.2021',0),(3863,19,'10.12.2021',0),(3864,20,'10.12.2021',0),(3865,21,'10.12.2021',0),(3866,22,'10.12.2021',0),(3867,4,'11.12.2021',0),(3868,5,'11.12.2021',0),(3869,6,'11.12.2021',0),(3870,7,'11.12.2021',0),(3871,8,'11.12.2021',0),(3872,9,'11.12.2021',0),(3873,10,'11.12.2021',0),(3874,11,'11.12.2021',0),(3875,12,'11.12.2021',0),(3876,13,'11.12.2021',0),(3877,14,'11.12.2021',0),(3878,15,'11.12.2021',0),(3879,16,'11.12.2021',0),(3880,17,'11.12.2021',0),(3881,18,'11.12.2021',0),(3882,19,'11.12.2021',0),(3883,20,'11.12.2021',0),(3884,21,'11.12.2021',0),(3885,22,'11.12.2021',0),(3886,4,'12.12.2021',0),(3887,5,'12.12.2021',0),(3888,6,'12.12.2021',0),(3889,7,'12.12.2021',0),(3890,8,'12.12.2021',0),(3891,9,'12.12.2021',0),(3892,10,'12.12.2021',0),(3893,11,'12.12.2021',0),(3894,12,'12.12.2021',0),(3895,13,'12.12.2021',0),(3896,14,'12.12.2021',0),(3897,15,'12.12.2021',0),(3898,16,'12.12.2021',0),(3899,17,'12.12.2021',0),(3900,18,'12.12.2021',0),(3901,19,'12.12.2021',0),(3902,20,'12.12.2021',0),(3903,21,'12.12.2021',0),(3904,22,'12.12.2021',0),(3905,4,'13.12.2021',0),(3906,5,'13.12.2021',0),(3907,6,'13.12.2021',0),(3908,7,'13.12.2021',0),(3909,8,'13.12.2021',0),(3910,9,'13.12.2021',0),(3911,10,'13.12.2021',0),(3912,11,'13.12.2021',0),(3913,12,'13.12.2021',0),(3914,13,'13.12.2021',0),(3915,14,'13.12.2021',0),(3916,15,'13.12.2021',0),(3917,16,'13.12.2021',0),(3918,17,'13.12.2021',0),(3919,18,'13.12.2021',0),(3920,19,'13.12.2021',0),(3921,20,'13.12.2021',0),(3922,21,'13.12.2021',0),(3923,22,'13.12.2021',0),(3924,4,'14.12.2021',0),(3925,5,'14.12.2021',0),(3926,6,'14.12.2021',0),(3927,7,'14.12.2021',0),(3928,8,'14.12.2021',0),(3929,9,'14.12.2021',0),(3930,10,'14.12.2021',0),(3931,11,'14.12.2021',0),(3932,12,'14.12.2021',0),(3933,13,'14.12.2021',0),(3934,14,'14.12.2021',0),(3935,15,'14.12.2021',0),(3936,16,'14.12.2021',0),(3937,17,'14.12.2021',0),(3938,18,'14.12.2021',0),(3939,19,'14.12.2021',0),(3940,20,'14.12.2021',0),(3941,21,'14.12.2021',0),(3942,22,'14.12.2021',0),(3943,4,'15.12.2021',0),(3944,5,'15.12.2021',0),(3945,6,'15.12.2021',0),(3946,7,'15.12.2021',0),(3947,8,'15.12.2021',0),(3948,9,'15.12.2021',0),(3949,10,'15.12.2021',0),(3950,11,'15.12.2021',0),(3951,12,'15.12.2021',0),(3952,13,'15.12.2021',0),(3953,14,'15.12.2021',0),(3954,15,'15.12.2021',0),(3955,16,'15.12.2021',0),(3956,17,'15.12.2021',0),(3957,18,'15.12.2021',0),(3958,19,'15.12.2021',0),(3959,20,'15.12.2021',0),(3960,21,'15.12.2021',0),(3961,22,'15.12.2021',0),(3962,4,'16.12.2021',0),(3963,5,'16.12.2021',0),(3964,6,'16.12.2021',0),(3965,7,'16.12.2021',0),(3966,8,'16.12.2021',0),(3967,9,'16.12.2021',0),(3968,10,'16.12.2021',0),(3969,11,'16.12.2021',0),(3970,12,'16.12.2021',0),(3971,13,'16.12.2021',0),(3972,14,'16.12.2021',0),(3973,15,'16.12.2021',0),(3974,16,'16.12.2021',0),(3975,17,'16.12.2021',0),(3976,18,'16.12.2021',0),(3977,19,'16.12.2021',0),(3978,20,'16.12.2021',0),(3979,21,'16.12.2021',0),(3980,22,'16.12.2021',0),(3981,4,'17.12.2021',0),(3982,5,'17.12.2021',0),(3983,6,'17.12.2021',0),(3984,7,'17.12.2021',0),(3985,8,'17.12.2021',0),(3986,9,'17.12.2021',0),(3987,10,'17.12.2021',0),(3988,11,'17.12.2021',0),(3989,12,'17.12.2021',0),(3990,13,'17.12.2021',0),(3991,14,'17.12.2021',0),(3992,15,'17.12.2021',0),(3993,16,'17.12.2021',0),(3994,17,'17.12.2021',0),(3995,18,'17.12.2021',0),(3996,19,'17.12.2021',0),(3997,20,'17.12.2021',0),(3998,21,'17.12.2021',0),(3999,22,'17.12.2021',0),(4000,4,'18.12.2021',0),(4001,5,'18.12.2021',0),(4002,6,'18.12.2021',0),(4003,7,'18.12.2021',0),(4004,8,'18.12.2021',0),(4005,9,'18.12.2021',0),(4006,10,'18.12.2021',0),(4007,11,'18.12.2021',0),(4008,12,'18.12.2021',0),(4009,13,'18.12.2021',0),(4010,14,'18.12.2021',0),(4011,15,'18.12.2021',0),(4012,16,'18.12.2021',0),(4013,17,'18.12.2021',0),(4014,18,'18.12.2021',0),(4015,19,'18.12.2021',0),(4016,20,'18.12.2021',0),(4017,21,'18.12.2021',0),(4018,22,'18.12.2021',0),(4019,4,'19.12.2021',0),(4020,5,'19.12.2021',0),(4021,6,'19.12.2021',0),(4022,7,'19.12.2021',0),(4023,8,'19.12.2021',0),(4024,9,'19.12.2021',0),(4025,10,'19.12.2021',0),(4026,11,'19.12.2021',0),(4027,12,'19.12.2021',0),(4028,13,'19.12.2021',0),(4029,14,'19.12.2021',0),(4030,15,'19.12.2021',0),(4031,16,'19.12.2021',0),(4032,17,'19.12.2021',0),(4033,18,'19.12.2021',0),(4034,19,'19.12.2021',0),(4035,20,'19.12.2021',0),(4036,21,'19.12.2021',0),(4037,22,'19.12.2021',0),(4038,4,'20.12.2021',0),(4039,5,'20.12.2021',0),(4040,6,'20.12.2021',0),(4041,7,'20.12.2021',0),(4042,8,'20.12.2021',0),(4043,9,'20.12.2021',0),(4044,10,'20.12.2021',0),(4045,11,'20.12.2021',0),(4046,12,'20.12.2021',0),(4047,13,'20.12.2021',0),(4048,14,'20.12.2021',0),(4049,15,'20.12.2021',0),(4050,16,'20.12.2021',0),(4051,17,'20.12.2021',0),(4052,18,'20.12.2021',0),(4053,19,'20.12.2021',0),(4054,20,'20.12.2021',0),(4055,21,'20.12.2021',0),(4056,22,'20.12.2021',0),(4057,4,'21.12.2021',0),(4058,5,'21.12.2021',0),(4059,6,'21.12.2021',0),(4060,7,'21.12.2021',0),(4061,8,'21.12.2021',0),(4062,9,'21.12.2021',0),(4063,10,'21.12.2021',0),(4064,11,'21.12.2021',0),(4065,12,'21.12.2021',0),(4066,13,'21.12.2021',0),(4067,14,'21.12.2021',0),(4068,15,'21.12.2021',0),(4069,16,'21.12.2021',0),(4070,17,'21.12.2021',0),(4071,18,'21.12.2021',0),(4072,19,'21.12.2021',0),(4073,20,'21.12.2021',0),(4074,21,'21.12.2021',0),(4075,22,'21.12.2021',0),(4076,4,'22.12.2021',0),(4077,5,'22.12.2021',0),(4078,6,'22.12.2021',0),(4079,7,'22.12.2021',0),(4080,8,'22.12.2021',0),(4081,9,'22.12.2021',0),(4082,10,'22.12.2021',0),(4083,11,'22.12.2021',0),(4084,12,'22.12.2021',0),(4085,13,'22.12.2021',0),(4086,14,'22.12.2021',0),(4087,15,'22.12.2021',0),(4088,16,'22.12.2021',0),(4089,17,'22.12.2021',0),(4090,18,'22.12.2021',0),(4091,19,'22.12.2021',0),(4092,20,'22.12.2021',0),(4093,21,'22.12.2021',0),(4094,22,'22.12.2021',0),(4095,4,'23.12.2021',0),(4096,5,'23.12.2021',0),(4097,6,'23.12.2021',0),(4098,7,'23.12.2021',0),(4099,8,'23.12.2021',0),(4100,9,'23.12.2021',0),(4101,10,'23.12.2021',0),(4102,11,'23.12.2021',0),(4103,12,'23.12.2021',0),(4104,13,'23.12.2021',0),(4105,14,'23.12.2021',0),(4106,15,'23.12.2021',0),(4107,16,'23.12.2021',0),(4108,17,'23.12.2021',0),(4109,18,'23.12.2021',0),(4110,19,'23.12.2021',0),(4111,20,'23.12.2021',0),(4112,21,'23.12.2021',0),(4113,22,'23.12.2021',0),(4114,4,'24.12.2021',0),(4115,5,'24.12.2021',0),(4116,6,'24.12.2021',0),(4117,7,'24.12.2021',0),(4118,8,'24.12.2021',0),(4119,9,'24.12.2021',0),(4120,10,'24.12.2021',0),(4121,11,'24.12.2021',0),(4122,12,'24.12.2021',0),(4123,13,'24.12.2021',0),(4124,14,'24.12.2021',0),(4125,15,'24.12.2021',0),(4126,16,'24.12.2021',0),(4127,17,'24.12.2021',0),(4128,18,'24.12.2021',0),(4129,19,'24.12.2021',0),(4130,20,'24.12.2021',0),(4131,21,'24.12.2021',0),(4132,22,'24.12.2021',0),(4133,4,'25.12.2021',0),(4134,5,'25.12.2021',0),(4135,6,'25.12.2021',0),(4136,7,'25.12.2021',0),(4137,8,'25.12.2021',0),(4138,9,'25.12.2021',0),(4139,10,'25.12.2021',0),(4140,11,'25.12.2021',0),(4141,12,'25.12.2021',0),(4142,13,'25.12.2021',0),(4143,14,'25.12.2021',0),(4144,15,'25.12.2021',0),(4145,16,'25.12.2021',0),(4146,17,'25.12.2021',0),(4147,18,'25.12.2021',0),(4148,19,'25.12.2021',0),(4149,20,'25.12.2021',0),(4150,21,'25.12.2021',0),(4151,22,'25.12.2021',0),(4152,4,'26.12.2021',2750),(4153,5,'26.12.2021',0),(4154,6,'26.12.2021',0),(4155,7,'26.12.2021',0),(4156,8,'26.12.2021',0),(4157,9,'26.12.2021',0),(4158,10,'26.12.2021',0),(4159,11,'26.12.2021',0),(4160,12,'26.12.2021',0),(4161,13,'26.12.2021',0),(4162,14,'26.12.2021',0),(4163,15,'26.12.2021',0),(4164,16,'26.12.2021',0),(4165,17,'26.12.2021',0),(4166,18,'26.12.2021',0),(4167,19,'26.12.2021',0),(4168,20,'26.12.2021',0),(4169,21,'26.12.2021',0),(4170,22,'26.12.2021',0),(4171,4,'27.12.2021',0),(4172,5,'27.12.2021',0),(4173,6,'27.12.2021',0),(4174,7,'27.12.2021',1100),(4175,8,'27.12.2021',0),(4176,9,'27.12.2021',0),(4177,10,'27.12.2021',0),(4178,11,'27.12.2021',0),(4179,12,'27.12.2021',0),(4180,13,'27.12.2021',0),(4181,14,'27.12.2021',0),(4182,15,'27.12.2021',0),(4183,16,'27.12.2021',0),(4184,17,'27.12.2021',0),(4185,18,'27.12.2021',0),(4186,19,'27.12.2021',0),(4187,20,'27.12.2021',0),(4188,21,'27.12.2021',0),(4189,22,'27.12.2021',0),(4190,23,'27.12.2021',0),(4191,24,'27.12.2021',0),(4192,25,'27.12.2021',0),(4193,26,'27.12.2021',0),(4194,27,'27.12.2021',0),(4195,28,'27.12.2021',0),(4196,29,'27.12.2021',0),(4197,30,'27.12.2021',0),(4198,31,'27.12.2021',0),(4199,32,'27.12.2021',0),(4200,4,'28.12.2021',16250),(4201,5,'28.12.2021',0),(4202,6,'28.12.2021',0),(4203,7,'28.12.2021',0),(4204,8,'28.12.2021',0),(4205,9,'28.12.2021',0),(4206,10,'28.12.2021',0),(4207,11,'28.12.2021',18500),(4208,12,'28.12.2021',0),(4209,13,'28.12.2021',0),(4210,14,'28.12.2021',0),(4211,15,'28.12.2021',0),(4212,16,'28.12.2021',0),(4213,17,'28.12.2021',0),(4214,18,'28.12.2021',0),(4215,19,'28.12.2021',0),(4216,20,'28.12.2021',0),(4217,21,'28.12.2021',0),(4218,22,'28.12.2021',0),(4219,23,'28.12.2021',0),(4220,4,'29.12.2021',0),(4221,5,'29.12.2021',0),(4222,6,'29.12.2021',0),(4223,7,'29.12.2021',1100),(4224,8,'29.12.2021',0),(4225,9,'29.12.2021',0),(4226,10,'29.12.2021',0),(4227,11,'29.12.2021',0),(4228,12,'29.12.2021',0),(4229,13,'29.12.2021',0),(4230,14,'29.12.2021',0),(4231,15,'29.12.2021',0),(4232,16,'29.12.2021',0),(4233,17,'29.12.2021',0),(4234,18,'29.12.2021',0),(4235,19,'29.12.2021',0),(4236,20,'29.12.2021',0),(4237,21,'29.12.2021',0),(4238,22,'29.12.2021',0),(4239,23,'29.12.2021',0),(4240,4,'30.12.2021',0),(4241,5,'30.12.2021',0),(4242,6,'30.12.2021',38000),(4243,7,'30.12.2021',0),(4244,8,'30.12.2021',0),(4245,9,'30.12.2021',0),(4246,10,'30.12.2021',0),(4247,11,'30.12.2021',0),(4248,12,'30.12.2021',0),(4249,13,'30.12.2021',0),(4250,14,'30.12.2021',0),(4251,15,'30.12.2021',0),(4252,16,'30.12.2021',0),(4253,17,'30.12.2021',0),(4254,18,'30.12.2021',0),(4255,19,'30.12.2021',0),(4256,20,'30.12.2021',0),(4257,21,'30.12.2021',0),(4258,22,'30.12.2021',0),(4259,23,'30.12.2021',0),(4260,33,'30.12.2021',0),(4261,34,'30.12.2021',0),(4262,4,'31.12.2021',0),(4263,5,'31.12.2021',14080),(4264,6,'31.12.2021',74000),(4265,7,'31.12.2021',0),(4266,8,'31.12.2021',380050),(4267,9,'31.12.2021',0),(4268,10,'31.12.2021',0),(4269,11,'31.12.2021',22525),(4270,12,'31.12.2021',0),(4271,13,'31.12.2021',0),(4272,14,'31.12.2021',0),(4273,15,'31.12.2021',0),(4274,16,'31.12.2021',0),(4275,17,'31.12.2021',0),(4276,18,'31.12.2021',0),(4277,19,'31.12.2021',0),(4278,20,'31.12.2021',0),(4279,21,'31.12.2021',0),(4280,22,'31.12.2021',0),(4281,23,'31.12.2021',0),(4282,33,'31.12.2021',0),(4283,34,'31.12.2021',0),(4284,35,'31.12.2021',0),(4285,4,'1.1.2022',2750),(4286,5,'1.1.2022',0),(4287,6,'1.1.2022',41250),(4288,7,'1.1.2022',0),(4289,8,'1.1.2022',0),(4290,9,'1.1.2022',0),(4291,10,'1.1.2022',0),(4292,11,'1.1.2022',0),(4293,12,'1.1.2022',0),(4294,13,'1.1.2022',0),(4295,14,'1.1.2022',0),(4296,15,'1.1.2022',0),(4297,16,'1.1.2022',0),(4298,17,'1.1.2022',0),(4299,18,'1.1.2022',0),(4300,19,'1.1.2022',0),(4301,20,'1.1.2022',0),(4302,21,'1.1.2022',0),(4303,22,'1.1.2022',0),(4304,23,'1.1.2022',0),(4305,33,'1.1.2022',0),(4306,34,'1.1.2022',0),(4307,35,'1.1.2022',0),(4308,4,'2.1.2022',5000),(4309,5,'2.1.2022',0),(4310,6,'2.1.2022',55500),(4311,7,'2.1.2022',300),(4312,8,'2.1.2022',0),(4313,9,'2.1.2022',0),(4314,10,'2.1.2022',0),(4315,11,'2.1.2022',4500),(4316,12,'2.1.2022',0),(4317,13,'2.1.2022',0),(4318,14,'2.1.2022',0),(4319,15,'2.1.2022',0),(4320,16,'2.1.2022',0),(4321,17,'2.1.2022',0),(4322,18,'2.1.2022',0),(4323,19,'2.1.2022',0),(4324,20,'2.1.2022',0),(4325,21,'2.1.2022',0),(4326,22,'2.1.2022',0),(4327,23,'2.1.2022',0),(4328,33,'2.1.2022',0),(4329,34,'2.1.2022',0),(4330,35,'2.1.2022',0),(4331,4,'3.1.2022',0),(4332,5,'3.1.2022',0),(4333,6,'3.1.2022',5000),(4334,7,'3.1.2022',0),(4335,8,'3.1.2022',0),(4336,9,'3.1.2022',0),(4337,10,'3.1.2022',0),(4338,11,'3.1.2022',0),(4339,12,'3.1.2022',0),(4340,13,'3.1.2022',0),(4341,14,'3.1.2022',0),(4342,15,'3.1.2022',0),(4343,16,'3.1.2022',0),(4344,17,'3.1.2022',0),(4345,18,'3.1.2022',0),(4346,19,'3.1.2022',0),(4347,20,'3.1.2022',0),(4348,21,'3.1.2022',0),(4349,22,'3.1.2022',0),(4350,23,'3.1.2022',0),(4351,33,'3.1.2022',0),(4352,34,'3.1.2022',0),(4353,35,'3.1.2022',0),(4354,4,'4.1.2022',0),(4355,5,'4.1.2022',0),(4356,6,'4.1.2022',0),(4357,7,'4.1.2022',0),(4358,8,'4.1.2022',0),(4359,9,'4.1.2022',0),(4360,10,'4.1.2022',0),(4361,11,'4.1.2022',0),(4362,12,'4.1.2022',0),(4363,13,'4.1.2022',0),(4364,14,'4.1.2022',0),(4365,15,'4.1.2022',0),(4366,16,'4.1.2022',0),(4367,17,'4.1.2022',0),(4368,18,'4.1.2022',0),(4369,19,'4.1.2022',0),(4370,20,'4.1.2022',0),(4371,21,'4.1.2022',0),(4372,22,'4.1.2022',0),(4373,23,'4.1.2022',0),(4374,33,'4.1.2022',0),(4375,34,'4.1.2022',0),(4376,35,'4.1.2022',0),(4377,4,'5.1.2022',0),(4378,5,'5.1.2022',0),(4379,6,'5.1.2022',0),(4380,7,'5.1.2022',0),(4381,8,'5.1.2022',0),(4382,9,'5.1.2022',0),(4383,10,'5.1.2022',0),(4384,11,'5.1.2022',0),(4385,12,'5.1.2022',0),(4386,13,'5.1.2022',0),(4387,14,'5.1.2022',0),(4388,15,'5.1.2022',0),(4389,16,'5.1.2022',0),(4390,17,'5.1.2022',0),(4391,18,'5.1.2022',0),(4392,19,'5.1.2022',0),(4393,20,'5.1.2022',0),(4394,21,'5.1.2022',0),(4395,22,'5.1.2022',0),(4396,23,'5.1.2022',0),(4397,33,'5.1.2022',0),(4398,34,'5.1.2022',0),(4399,35,'5.1.2022',0),(4400,4,'6.1.2022',8000),(4401,5,'6.1.2022',0),(4402,6,'6.1.2022',5000),(4403,7,'6.1.2022',6675),(4404,8,'6.1.2022',0),(4405,9,'6.1.2022',0),(4406,10,'6.1.2022',0),(4407,11,'6.1.2022',6050),(4408,12,'6.1.2022',0),(4409,13,'6.1.2022',0),(4410,14,'6.1.2022',0),(4411,15,'6.1.2022',0),(4412,16,'6.1.2022',0),(4413,17,'6.1.2022',0),(4414,18,'6.1.2022',0),(4415,19,'6.1.2022',0),(4416,20,'6.1.2022',0),(4417,21,'6.1.2022',0),(4418,22,'6.1.2022',0),(4419,23,'6.1.2022',0),(4420,33,'6.1.2022',0),(4421,34,'6.1.2022',0),(4422,35,'6.1.2022',0),(4423,4,'7.1.2022',0),(4424,5,'7.1.2022',0),(4425,6,'7.1.2022',0),(4426,7,'7.1.2022',0),(4427,8,'7.1.2022',0),(4428,9,'7.1.2022',0),(4429,10,'7.1.2022',0),(4430,11,'7.1.2022',0),(4431,12,'7.1.2022',0),(4432,13,'7.1.2022',0),(4433,14,'7.1.2022',0),(4434,15,'7.1.2022',0),(4435,16,'7.1.2022',0),(4436,17,'7.1.2022',0),(4437,18,'7.1.2022',0),(4438,19,'7.1.2022',0),(4439,20,'7.1.2022',0),(4440,21,'7.1.2022',0),(4441,22,'7.1.2022',0),(4442,23,'7.1.2022',0),(4443,33,'7.1.2022',0),(4444,34,'7.1.2022',0),(4445,35,'7.1.2022',0);
/*!40000 ALTER TABLE `business_profit` ENABLE KEYS */;
UNLOCK TABLES;

--
-- Table structure for table `bussines`
--

DROP TABLE IF EXISTS `bussines`;
/*!40101 SET @saved_cs_client     = @@character_set_client */;
/*!50503 SET character_set_client = utf8mb4 */;
CREATE TABLE `bussines` (
  `bID` int NOT NULL AUTO_INCREMENT,
  `bOwned` int NOT NULL,
  `bOwner` varchar(32) NOT NULL,
  `bPrice` int NOT NULL,
  `bType` int NOT NULL,
  `bCash` int NOT NULL DEFAULT '0',
  `bProfit` int NOT NULL DEFAULT '0',
  `bExitX` float NOT NULL,
  `bExitY` float NOT NULL,
  `bExitZ` float NOT NULL,
  `bControl` int NOT NULL DEFAULT '0',
  `bEnterPrice` int NOT NULL DEFAULT '0',
  `bFillPrice` int NOT NULL DEFAULT '50',
  `bRepairPrice` int NOT NULL DEFAULT '50',
  `bDays` int NOT NULL DEFAULT '3',
  PRIMARY KEY (`bID`)
) ENGINE=InnoDB AUTO_INCREMENT=36 DEFAULT CHARSET=utf8;
/*!40101 SET character_set_client = @saved_cs_client */;

--
-- Dumping data for table `bussines`
--

LOCK TABLES `bussines` WRITE;
/*!40000 ALTER TABLE `bussines` DISABLE KEYS */;
INSERT INTO `bussines` VALUES (4,1,'Shon_Morgan',5000000,2,67298,0,1981.2,1893.38,15.528,7,5000,50,50,28),(5,1,'Zhenya_Morgan',30000000,6,28250,0,1911.93,1685.27,15.8325,6,0,76,50,28),(6,0,'None',30000000,5,222250,0,1988.03,1927,15.51,7,0,50,5000,3),(7,0,'None',20000000,1,18136,0,1799.38,2502.6,15.8347,7,0,50,50,3),(8,1,'Roman_Dobbikov',30000000,4,1410998,0,2314.37,1760.11,1.52937,0,0,50,50,27),(9,0,'None',1000000,3,1785,0,1949.89,1899.36,15.5124,0,0,50,50,3),(10,0,'None',1000000,1,5159,0,2127.93,1791.62,12.2616,0,0,50,50,3),(11,0,'None',5000000,5,70160,0,2178.96,-1838.2,18.8143,0,0,50,50,3),(12,0,'None',5000000,6,5285,0,2243.65,-1784.85,21.7092,0,0,50,50,3),(13,0,'None',1000000,3,0,0,2310.72,-1911.74,21.9677,0,0,50,50,3),(14,0,'None',5000000,1,1100,0,2510.05,-2186.42,22.0047,0,0,50,50,3),(15,0,'None',1000000,1,0,0,2619.6,-2449.66,22.0116,0,0,50,50,3),(16,0,'None',1000000,2,0,0,2432.74,-2294.21,22.1016,0,0,50,50,3),(17,0,'None',1000000,2,0,0,2627.86,-1540.85,23.6116,0,0,50,50,3),(18,0,'None',1000000,1,0,0,2555.25,-1763.86,21.9547,0,0,50,50,3),(19,0,'None',5000000,6,0,0,2569.69,-1735.14,21.91,0,0,50,50,3),(20,0,'None',1000000,1,250,0,1867.72,1383.11,9.79886,0,0,50,50,3),(21,1,'Roxy_Nakamura',5000000,4,1636,0,2350.05,-2138.32,22.5854,0,0,50,50,29),(22,0,'None',1000000,2,0,0,2283.08,-2169.84,22.0316,0,0,50,50,3),(23,0,'None',1500000,1,0,0,2370.65,-676.894,12.0547,0,0,50,50,3),(33,0,'None',750000,2,0,0,2111.26,-2316.39,21.95,0,0,50,50,3),(34,0,'None',750000,1,0,0,2119.54,-2348.09,22.2525,0,0,50,50,3),(35,0,'None',1000000,1,0,0,2521.93,-994.645,2.06188,0,0,50,50,3);
/*!40000 ALTER TABLE `bussines` ENABLE KEYS */;
UNLOCK TABLES;

--
-- Table structure for table `familys`
--

DROP TABLE IF EXISTS `familys`;
/*!40101 SET @saved_cs_client     = @@character_set_client */;
/*!50503 SET character_set_client = utf8mb4 */;
CREATE TABLE `familys` (
  `fID` int NOT NULL AUTO_INCREMENT,
  `fName` varchar(32) NOT NULL,
  `fCreatorID` int NOT NULL,
  `fCreatorName` varchar(32) NOT NULL,
  PRIMARY KEY (`fID`)
) ENGINE=InnoDB AUTO_INCREMENT=11 DEFAULT CHARSET=utf8;
/*!40101 SET character_set_client = @saved_cs_client */;

--
-- Dumping data for table `familys`
--

LOCK TABLES `familys` WRITE;
/*!40000 ALTER TABLE `familys` DISABLE KEYS */;
INSERT INTO `familys` VALUES (1,'Ban',8,'Otto_Otto'),(4,'ДоббиКовы',1,'Eduard_Dobbikov'),(5,'Admins',49,'Roman_Dobbikov'),(6,'Kotov Family',36,'Markus_Kotov'),(7,'Unigva Team',35,'Lewis_Clifford'),(8,'Kotov BlyatSkvad',62,'Kudasai_Volkov'),(9,'MorganFamily',68,'Zhenya_Morgan'),(10,'MorganFamily',71,'Zhenya_Morgan');
/*!40000 ALTER TABLE `familys` ENABLE KEYS */;
UNLOCK TABLES;

--
-- Table structure for table `fines`
--

DROP TABLE IF EXISTS `fines`;
/*!40101 SET @saved_cs_client     = @@character_set_client */;
/*!50503 SET character_set_client = utf8mb4 */;
CREATE TABLE `fines` (
  `fine_id` int NOT NULL AUTO_INCREMENT,
  `account_id` int NOT NULL DEFAULT '1',
  `fined` varchar(32) NOT NULL DEFAULT 'Unigva RolePlay',
  `fine` int NOT NULL DEFAULT '1',
  `date` varchar(30) NOT NULL,
  `reason` varchar(32) NOT NULL,
  PRIMARY KEY (`fine_id`)
) ENGINE=InnoDB AUTO_INCREMENT=350 DEFAULT CHARSET=utf8;
/*!40101 SET character_set_client = @saved_cs_client */;

--
-- Dumping data for table `fines`
--

LOCK TABLES `fines` WRITE;
/*!40000 ALTER TABLE `fines` DISABLE KEYS */;
INSERT INTO `fines` VALUES (50,40,'Eduard_Dobbikov',50000,'26.05.2020 20:54:40','Привет.'),(54,1,'Eduard_Dobbikov',1620,'05.09.2020 22:19:25','Превышение скорости на 27 км/ч'),(55,1,'Eduard_Dobbikov',3000,'05.09.2020 22:34:06','Превышение скорости на 50 км/ч'),(56,1,'Eduard_Dobbikov',2700,'05.09.2020 22:36:04','Превышение скорости на 45 км/ч'),(57,1,'Eduard_Dobbikov',3180,'05.09.2020 02:36:22','Превышение скорости на 53 км/ч'),(58,30,'Eduard_Dobbikov',3420,'06.09.2020 23:44:45','Превышение скорости на 57 км/ч'),(59,45,'Eduard_Dobbikov',2640,'06.09.2020 00:01:32','Превышение скорости на 44 км/ч'),(60,30,'Eduard_Dobbikov',3120,'07.09.2020 11:31:49','Превышение скорости на 52 км/ч'),(61,30,'Eduard_Dobbikov',3480,'07.09.2020 11:32:50','Превышение скорости на 58 км/ч'),(62,30,'Eduard_Dobbikov',2340,'07.09.2020 11:33:00','Превышение скорости на 39 км/ч'),(63,48,'Eduard_Dobbikov',3120,'07.09.2020 11:47:24','Превышение скорости на 52 км/ч'),(64,48,'Eduard_Dobbikov',2880,'07.09.2020 12:03:41','Превышение скорости на 48 км/ч'),(65,48,'Eduard_Dobbikov',2340,'07.09.2020 12:06:40','Превышение скорости на 39 км/ч'),(66,30,'Eduard_Dobbikov',1620,'07.09.2020 12:06:53','Превышение скорости на 27 км/ч'),(67,48,'Eduard_Dobbikov',1080,'07.09.2020 12:09:00','Превышение скорости на 18 км/ч'),(69,30,'Eduard_Dobbikov',2580,'07.09.2020 19:52:36','Превышение скорости на 43 км/ч'),(72,30,'Eduard_Dobbikov',3420,'07.09.2020 20:17:55','Превышение скорости на 57 км/ч'),(74,30,'Eduard_Dobbikov',1140,'07.09.2020 20:19:28','Превышение скорости на 19 км/ч'),(75,30,'Eduard_Dobbikov',3180,'07.09.2020 20:25:44','Превышение скорости на 53 км/ч'),(77,30,'Eduard_Dobbikov',3660,'07.09.2020 20:27:33','Превышение скорости на 61 км/ч'),(78,30,'Eduard_Dobbikov',1200,'07.09.2020 20:28:42','Превышение скорости на 20 км/ч'),(79,36,'Eduard_Dobbikov',1080,'10.09.2020 18:37:24','Превышение скорости на 18 км/ч'),(84,35,'Eduard_Dobbikov',720,'12.09.2020 17:25:42','Ïðåâûøåíèå ñêîðîñòè íà 12 êì/÷'),(85,35,'Eduard_Dobbikov',3180,'12.09.2020 17:36:43','Ïðåâûøåíèå ñêîðîñòè íà 53 êì/÷'),(86,35,'Eduard_Dobbikov',1860,'12.09.2020 17:37:11','Ïðåâûøåíèå ñêîðîñòè íà 31 êì/÷'),(92,30,'Eduard_Dobbikov',3360,'15.09.2020 19:55:37','Ïðåâûøåíèå ñêîðîñòè íà 56 êì/÷'),(98,30,'Eduard_Dobbikov',1380,'15.09.2020 20:25:11','Ïðåâûøåíèå ñêîðîñòè íà 23 êì/÷'),(100,30,'Eduard_Dobbikov',2160,'15.09.2020 20:27:41','Ïðåâûøåíèå ñêîðîñòè íà 36 êì/÷'),(102,30,'Eduard_Dobbikov',1140,'15.09.2020 21:41:15','Ïðåâûøåíèå ñêîðîñòè íà 19 êì/÷'),(105,30,'Eduard_Dobbikov',2340,'16.09.2020 19:11:19','Превышение скорости на 39 км/ч'),(110,30,'Eduard_Dobbikov',3180,'16.09.2020 21:36:41','Превышение скорости на 53 км/ч'),(113,30,'Eduard_Dobbikov',660,'16.09.2020 21:41:33','Превышение скорости на 11 км/ч'),(131,57,'Eduard_Dobbikov',2700,'05.05.2021 20:18:12','Превышение скорости на 45 км/ч'),(132,57,'Eduard_Dobbikov',900,'05.05.2021 21:13:07','Превышение скорости на 15 км/ч'),(162,58,'Eduard_Dobbikov',3720,'05.05.2021 21:41:03','Превышение скорости на 62 км/ч'),(164,57,'Eduard_Dobbikov',1020,'07.05.2021 18:50:25','Превышение скорости на 17 км/ч'),(165,57,'Eduard_Dobbikov',3060,'07.05.2021 19:00:31','Превышение скорости на 51 км/ч'),(166,57,'Eduard_Dobbikov',2460,'07.05.2021 19:05:34','Превышение скорости на 41 км/ч'),(167,57,'Eduard_Dobbikov',960,'07.05.2021 19:25:24','Превышение скорости на 16 км/ч'),(168,57,'Eduard_Dobbikov',2220,'07.05.2021 19:35:20','Превышение скорости на 37 км/ч'),(169,57,'Eduard_Dobbikov',3180,'07.05.2021 19:37:02','Превышение скорости на 53 км/ч'),(170,58,'Eduard_Dobbikov',960,'07.05.2021 19:44:07','Превышение скорости на 16 км/ч'),(171,57,'Eduard_Dobbikov',3120,'08.05.2021 18:44:41','Превышение скорости на 52 км/ч'),(172,57,'Eduard_Dobbikov',4200,'08.05.2021 19:05:48','Превышение скорости на 70 км/ч'),(180,54,'Eduard_Dobbikov',3180,'03.10.2021 18:27:19','Ïðåâûøåíèå ñêîðîñòè íà 53 êì/÷'),(181,54,'Eduard_Dobbikov',2100,'03.10.2021 18:31:37','Ïðåâûøåíèå ñêîðîñòè íà 35 êì/÷'),(215,65,'Eduard_Dobbikov',2400,'25.12.2021 14:28:49','Ïðåâûøåíèå ñêîðîñòè íà 40 êì/÷'),(249,64,'Eduard_Dobbikov',1080,'32.12.2021 15:29:50','Ïðåâûøåíèå ñêîðîñòè íà 18 êì/÷'),(250,64,'Eduard_Dobbikov',11940,'32.12.2021 15:30:16','Ïðåâûøåíèå ñêîðîñòè íà 199 êì/÷'),(271,64,'Kudasai_Volkov',1120,'02.01.2022 20:53:44','Ïðåâûøåíèå ñêîðîñòè íà 56 êì/÷'),(272,64,'Kudasai_Volkov',260,'02.01.2022 20:53:57','Ïðåâûøåíèå ñêîðîñòè íà 13 êì/÷'),(337,77,'Eduard_Dobbikov',3540,'07.01.2022 18:28:11','Ïðåâûøåíèå ñêîðîñòè íà 59 êì/÷'),(338,71,'Shon_Morgan',50000,'07.01.2022 21:14:16','ãåé'),(339,71,'Shon_Morgan',50000,'07.01.2022 21:14:42','ãåé'),(340,71,'Shon_Morgan',50000,'07.01.2022 21:15:50','ãåé'),(341,75,'Eduard_Dobbikov',3180,'07.01.2022 22:02:37','Ïðåâûøåíèå ñêîðîñòè íà 53 êì/÷'),(343,75,'Eduard_Dobbikov',2400,'07.01.2022 23:32:16','Ïðåâûøåíèå ñêîðîñòè íà 40 êì/÷'),(345,49,'Eduard_Dobbikov',1800,'08.01.2022 20:49:10','Ïðåâûøåíèå ñêîðîñòè íà 30 êì/÷'),(346,49,'Eduard_Dobbikov',5700,'08.01.2022 20:52:31','Ïðåâûøåíèå ñêîðîñòè íà 95 êì/÷'),(347,49,'Eduard_Dobbikov',1380,'08.01.2022 20:53:43','Ïðåâûøåíèå ñêîðîñòè íà 23 êì/÷'),(348,49,'Eduard_Dobbikov',2760,'08.01.2022 20:53:54','Ïðåâûøåíèå ñêîðîñòè íà 46 êì/÷'),(349,49,'Eduard_Dobbikov',2520,'08.01.2022 20:54:45','Ïðåâûøåíèå ñêîðîñòè íà 42 êì/÷');
/*!40000 ALTER TABLE `fines` ENABLE KEYS */;
UNLOCK TABLES;

--
-- Table structure for table `freekassa_payments`
--

DROP TABLE IF EXISTS `freekassa_payments`;
/*!40101 SET @saved_cs_client     = @@character_set_client */;
/*!50503 SET character_set_client = utf8mb4 */;
CREATE TABLE `freekassa_payments` (
  `id` int NOT NULL AUTO_INCREMENT,
  `freekassaId` varchar(255) NOT NULL,
  `account` varchar(255) NOT NULL,
  `sum` float NOT NULL,
  `itemsCount` int NOT NULL DEFAULT '1',
  `dateCreate` datetime NOT NULL,
  `dateComplete` datetime DEFAULT NULL,
  `status` tinyint NOT NULL DEFAULT '0',
  PRIMARY KEY (`id`)
) ENGINE=InnoDB AUTO_INCREMENT=2 DEFAULT CHARSET=utf8;
/*!40101 SET character_set_client = @saved_cs_client */;

--
-- Dumping data for table `freekassa_payments`
--

LOCK TABLES `freekassa_payments` WRITE;
/*!40000 ALTER TABLE `freekassa_payments` DISABLE KEYS */;
INSERT INTO `freekassa_payments` VALUES (1,'26328786','Roman_Dobbikov',12,12,'2022-01-04 13:45:42','2022-01-04 13:45:42',1);
/*!40000 ALTER TABLE `freekassa_payments` ENABLE KEYS */;
UNLOCK TABLES;

--
-- Table structure for table `givebankmoney`
--

DROP TABLE IF EXISTS `givebankmoney`;
/*!40101 SET @saved_cs_client     = @@character_set_client */;
/*!50503 SET character_set_client = utf8mb4 */;
CREATE TABLE `givebankmoney` (
  `Nick` int NOT NULL,
  `Money` int NOT NULL,
  `Reason` varchar(128) NOT NULL,
  `ip` varchar(20) NOT NULL,
  `time` int NOT NULL
) ENGINE=InnoDB DEFAULT CHARSET=utf8;
/*!40101 SET character_set_client = @saved_cs_client */;

--
-- Dumping data for table `givebankmoney`
--

LOCK TABLES `givebankmoney` WRITE;
/*!40000 ALTER TABLE `givebankmoney` DISABLE KEYS */;
INSERT INTO `givebankmoney` VALUES (35,0,'Зарплата (PayDay)','91.193.128.40',16),(35,20000,'Админ зарплата (PayDay)','91.193.128.40',16),(35,0,'Зарплата (PayDay)','91.193.128.40',16),(35,20000,'Админ зарплата (PayDay)','91.193.128.40',16),(35,9600000,'Продажа транспорта в госс.','91.193.128.40',16),(35,0,'Зарплата (PayDay)','91.193.128.40',16),(35,20000,'Админ зарплата (PayDay)','91.193.128.40',16),(1,6500,'Зарплата (PayDay)','91.193.128.40',16),(1,20000,'Админ зарплата (PayDay)','91.193.128.40',16),(35,3200000,'Продажа транспорта в госс.','91.193.128.40',16),(1,6500,'Зарплата (PayDay)','91.193.128.40',16),(1,20000,'Админ зарплата (PayDay)','91.193.128.40',16),(1,6500,'Зарплата (PayDay)','91.193.128.40',17),(1,20000,'Админ зарплата (PayDay)','91.193.128.40',17),(1,6500,'Зарплата (PayDay)','91.193.128.40',17),(1,20000,'Админ зарплата (PayDay)','91.193.128.40',17),(1,6500,'Зарплата (PayDay)','91.193.128.40',17),(1,20000,'Админ зарплата (PayDay)','91.193.128.40',17),(36,0,'Зарплата (PayDay)','5.153.180.2',17),(36,15000,'Админ зарплата (PayDay)','5.153.180.2',17),(1,0,'Зарплата (PayDay)','91.193.128.40',18),(1,20000,'Админ зарплата (PayDay)','91.193.128.40',18),(1,0,'Çàðïëàòà (PayDay)','91.193.128.40',19),(1,20000,'Àäìèí çàðïëàòà (PayDay)','91.193.128.40',19),(1,0,'Зарплата (PayDay)','91.193.128.40',19),(1,20000,'Админ зарплата (PayDay)','91.193.128.40',19),(1,6500,'Зарплата (PayDay)','91.193.128.40',19),(1,20000,'Админ зарплата (PayDay)','91.193.128.40',19),(1,6500,'Зарплата (PayDay)','91.193.128.40',20),(1,20000,'Админ зарплата (PayDay)','91.193.128.40',20),(1,0,'Зарплата (PayDay)','91.193.128.40',20),(1,20000,'Админ зарплата (PayDay)','91.193.128.40',20),(1,0,'Зарплата (PayDay)','91.193.128.40',20),(1,20000,'Админ зарплата (PayDay)','91.193.128.40',20),(1,-12651819,'Снятие денег с банковского счета','91.193.128.40',21),(1,1,'Положил(-а) деньги на банковский счет','91.193.128.40',21),(1,-1,'Снятие денег с банковского счета','91.193.128.40',21),(1,1,'Положил(-а) деньги на банковский счет','91.193.128.40',21),(1,0,'Зарплата (PayDay)','91.193.128.40',21),(1,20000,'Админ зарплата (PayDay)','91.193.128.40',21),(1,0,'Зарплата (PayDay)','91.193.128.40',21),(1,5000,'Админ зарплата (PayDay)','91.193.128.40',21),(1,0,'Зарплата (PayDay)','91.193.128.40',21),(1,5000,'Админ зарплата (PayDay)','91.193.128.40',21),(40,0,'Зарплата (PayDay)','95.153.135.27',21),(1,0,'Зарплата (PayDay)','91.193.128.40',22),(1,5000,'Админ зарплата (PayDay)','91.193.128.40',22),(1,6500,'Зарплата (PayDay)','91.193.128.40',22),(1,5000,'Админ зарплата (PayDay)','91.193.128.40',22),(40,6500,'Зарплата (PayDay)','95.153.130.13',22),(40,5000,'Админ зарплата (PayDay)','95.153.130.13',22),(1,6500,'Зарплата (PayDay)','91.193.128.40',22),(1,5000,'Админ зарплата (PayDay)','91.193.128.40',22),(1,123,'Положил деньги в банкомате','91.193.128.40',22),(1,123,'Положил деньги в банкомате','91.193.128.40',22),(1,-123,'Пополнение баланса телефона','91.193.128.40',22),(1,-123,'Снятие денег в банкомате','91.193.128.40',22),(1,123,'Положил деньги в банкомате','91.193.128.40',22),(1,0,'Зарплата (PayDay)','91.193.128.40',22),(1,5000,'Админ зарплата (PayDay)','91.193.128.40',22),(1,0,'Зарплата (PayDay)','91.193.128.40',23),(1,5000,'Админ зарплата (PayDay)','91.193.128.40',23),(1,0,'Зарплата (PayDay)','91.193.128.40',23),(1,5000,'Админ зарплата (PayDay)','91.193.128.40',23),(40,-2222,'Ïîïîëíåíèå áàëàíñà òåëåôîíà','95.153.130.30',23),(40,222222,'Ïîëîæèë äåíüãè â áàíêîìàòå','95.153.130.30',23),(40,-2222,'Ñíÿòèå äåíåã â áàíêîìàòå','95.153.130.30',23),(1,0,'Зарплата (PayDay)','91.193.128.40',24),(1,5000,'Админ зарплата (PayDay)','91.193.128.40',24),(1,0,'Çàðïëàòà (PayDay)','91.193.128.40',24),(1,5000,'Àäìèí çàðïëàòà (PayDay)','91.193.128.40',24),(33,-1426100,'Снятие денег в банкомате','91.193.128.40',24),(1,0,'Зарплата (PayDay)','91.193.128.40',24),(1,5000,'Админ зарплата (PayDay)','91.193.128.40',24),(1,0,'Зарплата (PayDay)','91.193.128.40',24),(1,5000,'Админ зарплата (PayDay)','91.193.128.40',24),(40,-22,'Ïîïîëíåíèå áàëàíñà òåëåôîíà','95.153.131.142',25),(1,6500,'Зарплата (PayDay)','91.193.128.40',25),(1,5000,'Админ зарплата (PayDay)','91.193.128.40',25),(1,0,'Зарплата (PayDay)','91.193.128.40',25),(1,5000,'Админ зарплата (PayDay)','91.193.128.40',25),(1,-1,'Снятие денег с банковского счета','91.193.128.40',25),(1,1,'Положил(-а) деньги на банковский счет','91.193.128.40',25),(40,6500,'Зарплата (PayDay)','95.153.130.151',25),(40,5000,'Админ зарплата (PayDay)','95.153.130.151',25),(1,6500,'Зарплата (PayDay)','91.193.128.40',25),(1,5000,'Админ зарплата (PayDay)','91.193.128.40',25),(1,0,'Зарплата (PayDay)','91.193.128.40',3),(1,5000,'Админ зарплата (PayDay)','91.193.128.40',3),(44,0,'Зарплата (PayDay)','95.153.132.147',3),(44,4000,'Админ зарплата (PayDay)','95.153.132.147',3),(40,6500,'Зарплата (PayDay)','127.0.0.1',4),(40,5000,'Админ зарплата (PayDay)','127.0.0.1',4),(1,0,'Зарплата (PayDay)','91.193.128.40',4),(1,5000,'Админ зарплата (PayDay)','91.193.128.40',4),(1,6500,'Зарплата (PayDay)','91.193.128.40',4),(1,5000,'Админ зарплата (PayDay)','91.193.128.40',4),(1,6500,'Зарплата (PayDay)','91.193.128.40',5),(1,5000,'Админ зарплата (PayDay)','91.193.128.40',5),(1,6500,'Зарплата (PayDay)','91.193.128.40',5),(1,5000,'Админ зарплата (PayDay)','91.193.128.40',5),(1,0,'Çàðïëàòà (PayDay)','91.193.128.40',5),(1,5000,'Àäìèí çàðïëàòà (PayDay)','91.193.128.40',5),(0,0,'Çàðïëàòà (PayDay)','37.147.120.172',5),(1,0,'Çàðïëàòà (PayDay)','91.193.128.40',5),(1,5000,'Àäìèí çàðïëàòà (PayDay)','91.193.128.40',5),(0,0,'Çàðïëàòà (PayDay)','37.147.120.172',5),(47,0,'Зарплата (PayDay)','91.193.128.40',5),(47,5000,'Админ зарплата (PayDay)','91.193.128.40',5),(47,1040000,'Ïðîäàæà òðàíñïîðòà â ãîññ.','91.193.128.40',5),(45,0,'Зарплата (PayDay)','37.147.120.172',6),(45,5000,'Админ зарплата (PayDay)','37.147.120.172',6),(48,6500,'Зарплата (PayDay)','91.193.128.40',6),(48,5000,'Админ зарплата (PayDay)','91.193.128.40',6),(48,6500,'Зарплата (PayDay)','91.193.128.40',6),(48,5000,'Админ зарплата (PayDay)','91.193.128.40',6),(30,800,'Зарплата (PayDay)','62.221.85.2',6),(30,5000,'Админ зарплата (PayDay)','62.221.85.2',6),(49,0,'Зарплата (PayDay)','91.193.128.40',6),(49,5000,'Админ зарплата (PayDay)','91.193.128.40',6),(49,0,'Çàðïëàòà (PayDay)','91.193.128.40',9),(49,5000,'Àäìèí çàðïëàòà (PayDay)','91.193.128.40',9),(36,0,'Çàðïëàòà (PayDay)','5.153.180.162',9),(36,4000,'Àäìèí çàðïëàòà (PayDay)','5.153.180.162',9),(49,0,'Зарплата (PayDay)','91.193.128.40',9),(49,5000,'Админ зарплата (PayDay)','91.193.128.40',9),(36,6500,'Зарплата (PayDay)','5.153.180.162',9),(36,4000,'Админ зарплата (PayDay)','5.153.180.162',9),(49,6500,'Зарплата (PayDay)','91.193.128.40',9),(49,5000,'Админ зарплата (PayDay)','91.193.128.40',9),(40,6500,'Зарплата (PayDay)','95.153.133.114',9),(40,2000,'Админ зарплата (PayDay)','95.153.133.114',9),(49,6500,'Зарплата (PayDay)','91.193.128.40',10),(49,5000,'Админ зарплата (PayDay)','91.193.128.40',10),(49,0,'Зарплата (PayDay)','91.193.128.40',10),(49,5000,'Админ зарплата (PayDay)','91.193.128.40',10),(49,6500,'Çàðïëàòà (PayDay)','91.193.128.40',10),(49,5000,'Àäìèí çàðïëàòà (PayDay)','91.193.128.40',10),(49,12800000,'Продажа транспорта в госс.','91.193.128.40',10),(49,-15000,'Снятие денег в банкомате','91.193.128.40',10),(49,-12839500,'Снятие денег с банковского счета','91.193.128.40',10),(36,0,'Зарплата (PayDay)','5.153.180.162',10),(36,4000,'Админ зарплата (PayDay)','5.153.180.162',10),(49,0,'Зарплата (PayDay)','91.193.128.40',10),(49,5000,'Админ зарплата (PayDay)','91.193.128.40',10),(36,0,'Зарплата (PayDay)','5.153.180.162',10),(36,4000,'Админ зарплата (PayDay)','5.153.180.162',10),(49,0,'Зарплата (PayDay)','91.193.128.40',10),(49,5000,'Админ зарплата (PayDay)','91.193.128.40',10),(49,-1000,'Пополнение баланса телефона','91.193.128.40',10),(49,0,'Зарплата (PayDay)','91.193.128.40',10),(49,5000,'Админ зарплата (PayDay)','91.193.128.40',10),(49,0,'Зарплата (PayDay)','91.193.128.40',10),(49,5000,'Админ зарплата (PayDay)','91.193.128.40',10),(49,64000,'Продажа транспорта в госс.','91.193.128.40',10),(40,0,'Зарплата (PayDay)','95.153.133.114',10),(40,2000,'Админ зарплата (PayDay)','95.153.133.114',10),(49,0,'Зарплата (PayDay)','91.193.128.40',10),(49,5000,'Админ зарплата (PayDay)','91.193.128.40',10),(49,0,'Зарплата (PayDay)','91.193.128.40',11),(49,5000,'Админ зарплата (PayDay)','91.193.128.40',11),(49,0,'Зарплата (PayDay)','91.193.128.40',11),(49,5000,'Админ зарплата (PayDay)','91.193.128.40',11),(35,6500,'Çàðïëàòà (PayDay)','91.193.128.40',11),(35,5000,'Àäìèí çàðïëàòà (PayDay)','91.193.128.40',11),(35,0,'Çàðïëàòà (PayDay)','91.193.128.40',11),(35,5000,'Àäìèí çàðïëàòà (PayDay)','91.193.128.40',11),(53,0,'Зарплата (PayDay)','91.193.128.40',11),(53,5000,'Админ зарплата (PayDay)','91.193.128.40',11),(53,0,'Зарплата (PayDay)','91.193.128.40',11),(53,5000,'Админ зарплата (PayDay)','91.193.128.40',11),(54,0,'Зарплата (PayDay)','91.193.128.40',11),(36,0,'Зарплата (PayDay)','5.153.180.162',12),(36,5000,'Админ зарплата (PayDay)','5.153.180.162',12),(36,6500,'Зарплата (PayDay)','5.153.180.162',12),(36,5000,'Админ зарплата (PayDay)','5.153.180.162',12),(36,6500,'Зарплата (PayDay)','5.153.180.162',12),(36,5000,'Админ зарплата (PayDay)','5.153.180.162',12),(36,6500,'Зарплата (PayDay)','5.153.180.162',12),(36,5000,'Админ зарплата (PayDay)','5.153.180.162',12),(36,6500,'Зарплата (PayDay)','5.153.180.162',12),(36,5000,'Админ зарплата (PayDay)','5.153.180.162',12),(54,6500,'Çàðïëàòà (PayDay)','91.193.128.40',13),(54,5000,'Àäìèí çàðïëàòà (PayDay)','91.193.128.40',13),(54,0,'Зарплата (PayDay)','91.193.128.40',13),(54,5000,'Админ зарплата (PayDay)','91.193.128.40',13),(54,0,'Зарплата (PayDay)','91.193.128.40',13),(54,5000,'Админ зарплата (PayDay)','91.193.128.40',13),(49,0,'Çàðïëàòà (PayDay)','91.193.128.40',14),(49,5000,'Àäìèí çàðïëàòà (PayDay)','91.193.128.40',14),(30,800,'Çàðïëàòà (PayDay)','95.153.114.83',14),(30,5000,'Àäìèí çàðïëàòà (PayDay)','95.153.114.83',14),(49,6500,'Çàðïëàòà (PayDay)','91.193.128.40',14),(49,5000,'Àäìèí çàðïëàòà (PayDay)','91.193.128.40',14),(30,800,'Çàðïëàòà (PayDay)','95.153.114.83',14),(30,5000,'Àäìèí çàðïëàòà (PayDay)','95.153.114.83',14),(49,6500,'Зарплата (PayDay)','91.193.128.40',15),(49,5000,'Админ зарплата (PayDay)','91.193.128.40',15);
/*!40000 ALTER TABLE `givebankmoney` ENABLE KEYS */;
UNLOCK TABLES;

--
-- Table structure for table `givemoney`
--

DROP TABLE IF EXISTS `givemoney`;
/*!40101 SET @saved_cs_client     = @@character_set_client */;
/*!50503 SET character_set_client = utf8mb4 */;
CREATE TABLE `givemoney` (
  `Nick` int NOT NULL,
  `Money` int NOT NULL,
  `Reason` varchar(50) NOT NULL,
  `ip` varchar(20) NOT NULL,
  `time` int NOT NULL
) ENGINE=InnoDB DEFAULT CHARSET=utf8mb4 COLLATE=utf8mb4_general_ci;
/*!40101 SET character_set_client = @saved_cs_client */;

--
-- Dumping data for table `givemoney`
--

LOCK TABLES `givemoney` WRITE;
/*!40000 ALTER TABLE `givemoney` DISABLE KEYS */;
INSERT INTO `givemoney` VALUES (1,5000000,'/givemoney','91.193.128.40',15),(1,-1,'/pay','91.193.128.40',15),(30,1,'/pay','217.19.216.237',15),(1,-10000,'/pay','91.193.128.40',15),(30,10000,'/pay','217.19.216.237',15),(30,-17901,'Reset Money','217.19.216.237',15),(1,-4989999,'Reset Money','91.193.128.40',15),(1,10000,'/givemoney','91.193.128.40',15),(1,-2200,'Покупка канисты','91.193.128.40',15),(30,-200,'Попал в больницу','217.19.216.237',15),(30,0,'/setstat','217.19.216.237',15),(30,-200,'Попал в больницу','217.19.216.237',15),(1,10000,'/setstat','91.193.128.40',15),(30,10000,'/setstat','217.19.216.237',15),(1,-200,'Попал в больницу','91.193.128.40',15),(35,1000000,'/givemoney','91.193.128.40',16),(35,-1000000,'Покупка дома','91.193.128.40',16),(35,800,'Продажа транспорта в госс.','91.193.128.40',16),(35,1200000,'/givemoney','91.193.128.40',16),(35,10000000,'/givemoney','91.193.128.40',16),(35,10000000,'/givemoney','91.193.128.40',16),(35,-12000000,'Покупка автомобиля в автосалоне','91.193.128.40',16),(35,-4000000,'Покупка автомобиля в автосалоне','91.193.128.40',16),(35,-10000,'Покупка транспорта у игрока','91.193.128.40',16),(1,10000,'Продажа транспорта игроку','91.193.128.40',16),(35,-200,'Попал в больницу','91.193.128.40',16),(1,-1,'Покупка транспорта у игрока','91.193.128.40',16),(35,1,'Продажа транспорта игроку','91.193.128.40',16),(1,-200,'Попал в больницу','91.193.128.40',16),(1,-200,'Попал в больницу','91.193.128.40',17),(36,-200,'Попал в больницу','5.153.180.2',17),(1,-1320,'Покупка бензина','91.193.128.40',18),(1,-1320,'Покупка бензина','91.193.128.40',18),(1,-200,'Покупка куриного супа в столовой','91.193.128.40',18),(1,-50,'Покупка стакана компота в столовой','91.193.128.40',18),(1,-50,'Покупка стакана компота в столовой','91.193.128.40',18),(1,-200,'Покупка куриного супа в столовой','91.193.128.40',18),(1,-200,'Покупка куриного супа в столовой','91.193.128.40',18),(1,-200,'Покупка куриного супа в столовой','91.193.128.40',18),(1,-200,'Покупка куриного супа в столовой','91.193.128.40',18),(1,-50,'Покупка стакана компота в столовой','91.193.128.40',18),(1,-50,'Покупка стакана компота в столовой','91.193.128.40',18),(1,-50,'Покупка стакана компота в столовой','91.193.128.40',18),(1,-50,'Покупка стакана компота в столовой','91.193.128.40',18),(1,-50,'Покупка стакана компота в столовой','91.193.128.40',18),(1,-50,'Покупка стакана компота в столовой','91.193.128.40',18),(1,-50,'Покупка стакана компота в столовой','91.193.128.40',18),(1,-50,'Покупка стакана компота в столовой','91.193.128.40',18),(1,-50,'Покупка стакана компота в столовой','91.193.128.40',18),(1,-200,'Попал в больницу','91.193.128.40',18),(39,-200,'Попал в больницу','5.44.169.71',19),(39,4000,'/givemoney','5.44.169.71',19),(1,-4000,'Покупка металла для армии','91.193.128.40',19),(39,-4000,'Покупка металла для армии','5.44.169.71',19),(1,-5000,'Сдача экзамена','91.193.128.40',19),(1,-5000,'Сдача экзамена','91.193.128.40',19),(1,-5000,'Сдача экзамена','91.193.128.40',19),(1,-5000,'Сдача экзамена','91.193.128.40',20),(1,-5000,'Сдача экзамена','91.193.128.40',20),(1,387,'Зарплата шахтёра','91.193.128.40',20),(1,621,'Зарплата шахтёра','91.193.128.40',20),(1,8000,'Продажа дома в Госс','91.193.128.40',20),(1,-2000,'Аренда квартиры','91.193.128.40',20),(1,3000,'/givemoney','91.193.128.40',20),(1,-10000,'Покупка дома','91.193.128.40',20),(1,12651819,'Снятие денег с банковского счета','91.193.128.40',21),(1,-12652026,'Reset Money','91.193.128.40',21),(1,1,'/givemoney','91.193.128.40',21),(1,-1,'Положил(-а) деньги на банковский счет','91.193.128.40',21),(1,1,'Снятие денег с банковского счета','91.193.128.40',21),(1,-1,'Положил(-а) деньги на банковский счет','91.193.128.40',21),(1,0,'Оплата дома','91.193.128.40',21),(1,10000,'/givemoney','91.193.128.40',21),(1,-3000,'Оплата дома','91.193.128.40',21),(1,-3000,'Оплата дома','91.193.128.40',21),(1,5000,'/givemoney','91.193.128.40',21),(1,-9000,'Оплата бизнеса','91.193.128.40',21),(1,100000,'/givemoney','91.193.128.40',21),(1,-27000,'Оплата бизнеса','91.193.128.40',21),(1,-12000,'Оплата дома','91.193.128.40',21),(1,0,'Снял деньги с баланса бизнеса','91.193.128.40',21),(1,4900,'Снял деньги с баланса бизнеса','91.193.128.40',21),(1,1500,'/givemoney','91.193.128.40',21),(1,-101500,'Reset Money','91.193.128.40',21),(1,1500,'/givemoney','91.193.128.40',21),(1,-800,'Аренда фуры','91.193.128.40',21),(1,3000,'Зарплата дальнобойщика!','91.193.128.40',22),(1,3000,'Зарплата дальнобойщика!','91.193.128.40',22),(1,-5500,'Сдача экзамена','91.193.128.40',22),(40,8000,'Продажа дома в Госс','95.153.130.13',22),(40,-1,'/pay','95.153.130.13',22),(1,1,'/pay','91.193.128.40',22),(40,-1,'/pay','95.153.130.13',22),(1,1,'/pay','91.193.128.40',22),(40,-1,'/pay','95.153.130.13',22),(1,1,'/pay','91.193.128.40',22),(40,-2000,'/pay','95.153.130.13',22),(1,2000,'/pay','91.193.128.40',22),(40,-1,'/pay','95.153.130.13',22),(1,1,'/pay','91.193.128.40',22),(1,8000,'Продажа дома в Госс','91.193.128.40',22),(40,-1,'/pay','95.153.130.13',22),(1,1,'/pay','91.193.128.40',22),(1,-10000,'Покупка дома','91.193.128.40',22),(40,-200,'Попал в больницу','95.153.130.13',22),(40,-2000,'Аренда квартиры','95.153.130.13',22),(40,-2000,'Оплата квартиры','95.153.130.13',22),(40,0,'Оплата квартиры','95.153.130.13',22),(1,8000,'Продажа дома в Госс','91.193.128.40',22),(40,0,'Оплата квартиры','95.153.130.13',22),(1,-2000,'Аренда квартиры','91.193.128.40',22),(1,-4000,'Оплата квартиры','91.193.128.40',22),(1,-4000,'Оплата квартиры','91.193.128.40',22),(1,-4000,'Оплата квартиры','91.193.128.40',22),(1,20000,'/givemoney','91.193.128.40',22),(1,20000,'/givemoney','91.193.128.40',22),(1,20000,'/givemoney','91.193.128.40',22),(1,-40000,'Оплата квартиры','91.193.128.40',22),(1,-2000,'Оплата квартиры','91.193.128.40',22),(40,-3795,'Reset Money','95.153.130.13',22),(40,2222222,'/givemoney','95.153.130.13',22),(40,-40000,'Оплата квартиры','95.153.130.13',22),(40,-200,'Попал в больницу','95.153.130.13',22),(40,-200,'Попал в больницу','95.153.130.13',22),(40,-200,'Попал в больницу','95.153.130.13',22),(1,-200,'Попал в больницу','91.193.128.40',22),(40,-200,'Попал в больницу','95.153.130.13',22),(1,25000000,'/givemoney','91.193.128.40',22),(36,25000000,'/givemoney','5.153.180.2',22),(36,25000000,'/givemoney','5.153.180.2',22),(1,180000,'Выигрыш в казино','91.193.128.40',22),(40,-200000,'Проигрыш в казино','95.153.130.13',22),(36,4000000,'Продажа бизнеса','5.153.180.2',22),(36,-30000000,'Покупка бизнесса!','5.153.180.2',22),(1,-2000000,'/pay','91.193.128.40',22),(40,2000000,'/pay','95.153.130.13',22),(1,-1000000,'Проигрыш в казино','91.193.128.40',22),(36,900000,'Выигрыш в казино','5.153.180.2',22),(1,-1000000,'Проигрыш в казино','91.193.128.40',22),(36,900000,'Выигрыш в казино','5.153.180.2',22),(1,-1000000,'Проигрыш в казино','91.193.128.40',22),(36,900000,'Выигрыш в казино','5.153.180.2',22),(36,-1,'/pay','5.153.180.2',22),(1,1,'/pay','91.193.128.40',22),(36,-1,'/pay','5.153.180.2',22),(1,1,'/pay','91.193.128.40',22),(36,-1,'/pay','5.153.180.2',22),(1,1,'/pay','91.193.128.40',22),(36,-1,'/pay','5.153.180.2',22),(1,1,'/pay','91.193.128.40',22),(36,-1,'/pay','5.153.180.2',22),(1,1,'/pay','91.193.128.40',22),(36,-1,'/pay','5.153.180.2',22),(1,1,'/pay','91.193.128.40',22),(1,-500000,'Проигрыш в казино','91.193.128.40',22),(36,450000,'Выигрыш в казино','5.153.180.2',22),(1,900000,'Выигрыш в казино','91.193.128.40',22),(36,-1000000,'Проигрыш в казино','5.153.180.2',22),(1,-10000000,'Проигрыш в казино','91.193.128.40',22),(36,9000000,'Выигрыш в казино','5.153.180.2',22),(36,-200,'Попал в больницу','5.153.180.2',22),(36,-200,'Попал в больницу','5.153.180.2',22),(36,-200,'Попал в больницу','5.153.180.2',22),(36,-200,'Попал в больницу','5.153.180.2',22),(36,-200,'Попал в больницу','5.153.180.2',22),(36,-200,'Попал в больницу','5.153.180.2',22),(40,-200,'Попал в больницу','95.153.130.13',22),(36,-200,'Попал в больницу','5.153.180.2',22),(40,-200,'Попал в больницу','95.153.130.13',22),(40,-200,'Попал в больницу','95.153.130.13',22),(1,1000,'/givemoney','91.193.128.40',22),(1,10000,'/givemoney','91.193.128.40',22),(1,-123,'Положил деньги в банкомате','91.193.128.40',22),(1,-123,'Положил деньги в банкомате','91.193.128.40',22),(1,123,'Снятие денег в банкомате','91.193.128.40',22),(1,-123,'Положил деньги в банкомате','91.193.128.40',22),(1,-3840,'Оплата всех штрафов','91.193.128.40',22),(1,-2000,'Аренда квартиры','91.193.128.40',22),(1,-2000,'Аренда квартиры','91.193.128.40',22),(1,-2000,'Покупка телефона','91.193.128.40',22),(1,-200,'Покупка сим-карты','91.193.128.40',22),(1,-200,'Покупка сим-карты','91.193.128.40',22),(1,2000,'/givemoney','91.193.128.40',23),(1,-2400,'Оплата штрафа','91.193.128.40',23),(1,81000,'/givemoney','91.193.128.40',23),(1,6,'/givemoney','91.193.128.40',23),(1,-81120,'Оплата всех штрафов','91.193.128.40',23),(1,2000,'/givemoney','91.193.128.40',23),(1,-2000,'Аренда квартиры','91.193.128.40',23),(23,-5000,'Âõîä â áèçíåññ','91.193.128.40',23),(40,-2000,'Ïîêóïêà òåëåôîíà','95.153.130.30',23),(40,-200,'Ïîêóïêà ñèì-êàðòû','95.153.130.30',23),(40,-222222,'Ïîëîæèë äåíüãè â áàíêîìàòå','95.153.130.30',23),(40,2222,'Ñíÿòèå äåíåã â áàíêîìàòå','95.153.130.30',23),(33,1426100,'Снятие денег в банкомате','91.193.128.40',24),(33,-200,'Попал в больницу','91.193.128.40',24),(1,1,'/givemoney','91.193.128.40',25),(1,-1,'Оплата всех штрафов','91.193.128.40',25),(1,10000,'/givemoney','91.193.128.40',25),(1,-5000,'Покупка наркотиков в порту','91.193.128.40',25),(1,-200,'Покупка металла','91.193.128.40',25),(1,500000,'/givemoney','91.193.128.40',25),(1,-500000,'/givemoney','91.193.128.40',25),(1,1,'Снятие денег с банковского счета','91.193.128.40',25),(1,-1,'Положил(-а) деньги на банковский счет','91.193.128.40',25),(1,500000,'/givemoney','91.193.128.40',25),(1,-500000,'Создание семьи','91.193.128.40',25),(40,2,'Снял деньги с баланса бизнеса','95.153.130.151',25),(40,4000000,'Продажа бизнеса','95.153.130.151',25),(1,-200,'Попал в больницу','91.193.128.40',25),(40,500,'Нейтрализовал преступника','95.153.130.151',25),(40,-200,'Попал в больницу','95.153.130.151',25),(40,-200,'Попал в больницу','95.153.130.151',25),(44,-400,'Reset Money','95.153.132.147',3),(44,222222,'/givemoney','95.153.132.147',3),(44,2222222,'/givemoney','95.153.132.147',3),(44,22222222,'/givemoney','95.153.132.147',3),(44,222222222,'/givemoney','95.153.132.147',3),(44,-2000,'Аренда квартиры','95.153.132.147',3),(44,-150000,'Покупка автомобиля в автосалоне','95.153.132.147',3),(44,-800,'Аренда фуры','95.153.132.147',3),(1,-4500,'Аренда фуры','91.193.128.40',3),(1,2000,'/givemoney','91.193.128.40',4),(1,-50,'Покупка пива','91.193.128.40',4),(1,-30,'Покупка сигарет','91.193.128.40',4),(1,-40,'Покупка чипс','91.193.128.40',4),(1,-10,'Покупка зажигалки','91.193.128.40',4),(1,-500,'Покупка дров','91.193.128.40',4),(1,-50,'Покупка пепси','91.193.128.40',4),(1,-500,'Покупка фотоапарата','91.193.128.40',4),(1,-50,'Покупка пива','91.193.128.40',4),(1,-30,'Покупка сигарет','91.193.128.40',4),(1,-40,'Покупка чипс','91.193.128.40',4),(1,-50,'Покупка пива','91.193.128.40',4),(1,-50,'Покупка пива','91.193.128.40',4),(1,-30,'Покупка сигарет','91.193.128.40',4),(1,-30,'Покупка сигарет','91.193.128.40',4),(1,-40,'Покупка чипс','91.193.128.40',4),(1,-40,'Покупка чипс','91.193.128.40',4),(1,-10,'Покупка зажигалки','91.193.128.40',4),(1,-10,'Покупка зажигалки','91.193.128.40',4),(1,-10,'Покупка зажигалки','91.193.128.40',4),(1,-50,'Покупка пепси','91.193.128.40',4),(1,-50,'Покупка пепси','91.193.128.40',4),(1,-50,'Покупка пепси','91.193.128.40',4),(1,6000,'/givemoney','91.193.128.40',4),(1,-5280,'Оплата всех штрафов','91.193.128.40',4),(1,-200,'Попал в больницу','91.193.128.40',4),(1,4000,'/givemoney','91.193.128.40',5),(1,-4000,'Покупка металла для армии','91.193.128.40',5),(0,10000000,'/givemoney','37.147.120.172',5),(0,10000000,'/givemoney','37.147.120.172',5),(0,2000000,'/givemoney','37.147.120.172',5),(0,20000000,'/givemoney','37.147.120.172',5),(0,200000000,'/givemoney','37.147.120.172',5),(1,200000000,'/givemoney','91.193.128.40',5),(1,4000000,'Ïðîäàæà áèçíåñà','91.193.128.40',5),(1,-20000000,'Ïîêóïêà áèçíåññà!','91.193.128.40',5),(0,4000000,'Ïðîäàæà áèçíåñà','37.147.120.172',5),(0,-1,'Ïîêóïêà áèçíåñà ó èãðîêà','37.147.120.172',5),(1,1,'Ïðîäàæà áèçíåñà èãðîêó','91.193.128.40',5),(0,4000000,'Ïðîäàæà áèçíåñà','37.147.120.172',5),(0,-200,'Àðåíäà óáîðî÷íîé ìàøèíû!','37.147.120.172',5),(1,-30000000,'Ïîêóïêà áèçíåññà!','91.193.128.40',5),(0,-1,'Ïîêóïêà áèçíåñà ó èãðîêà','37.147.120.172',5),(1,1,'Ïðîäàæà áèçíåñà èãðîêó','91.193.128.40',5),(0,4000000,'Ïðîäàæà áèçíåñà','37.147.120.172',5),(0,-1000000,'Ïîêóïêà áèçíåññà!','37.147.120.172',5),(1,-1,'Ïîêóïêà áèçíåñà ó èãðîêà','91.193.128.40',5),(0,1,'Ïðîäàæà áèçíåñà èãðîêó','37.147.120.172',5),(0,-10000,'Ïîêóïêà äîìà','37.147.120.172',5),(45,-1000,'Покупка бизнеса у игрока','37.147.120.172',5),(1,1000,'Продажа бизнеса игроку','91.193.128.40',5),(1,-154001001,'Reset Money','91.193.128.40',5),(45,-200,'Попал в больницу','37.147.120.172',5),(45,-200,'Попал в больницу','37.147.120.172',5),(45,-5000,'Ñäà÷à ýêçàìåíà','37.147.120.172',5),(0,10000000,'/givemoney','91.193.128.40',5),(0,-1000000,'Покупка дома','91.193.128.40',5),(0,-1300000,'Покупка автомобиля в автосалоне','91.193.128.40',5),(47,800000,'Продажа дома в Госс','91.193.128.40',5),(47,-2000,'Àðåíäà êâàðòèðû','91.193.128.40',5),(45,-6500,'Сдача экзамена','37.147.120.172',5),(45,-2500000,'Покупка автомобиля в автосалоне','37.147.120.172',5),(45,50,'Зарплата грузчика','37.147.120.172',5),(45,-200,'Аренда уборочной машины!','37.147.120.172',5),(48,0,'Зарплата грузчика','91.193.128.40',5),(48,1000000,'/givemoney','91.193.128.40',6),(48,-1000000,'Покупка дома','91.193.128.40',6),(48,800000,'Продажа дома в Госс','91.193.128.40',6),(48,-2000,'Аренда квартиры','91.193.128.40',6),(48,-2000,'Аренда квартиры','91.193.128.40',6),(48,500000,'/givemoney','91.193.128.40',6),(48,500000,'/givemoney','91.193.128.40',6),(48,-1300000,'Покупка автомобиля в автосалоне','91.193.128.40',6),(48,-200,'Попал в больницу','91.193.128.40',6),(48,-200,'Попал в больницу','91.193.128.40',6),(30,-200,'Попал в больницу','62.221.85.2',6),(30,-200,'Попал в больницу','62.221.85.2',6),(30,-200,'Попал в больницу','62.221.85.2',6),(30,-200,'Попал в больницу','62.221.85.2',6),(48,-500,'Покупка маски в аптеке','91.193.128.40',6),(30,-200,'Попал в больницу','62.221.85.2',6),(48,-200,'Попал в больницу','91.193.128.40',6),(49,25000,'Через донат','91.193.128.40',6),(49,-2500,'Покупка наркотиков в порту','91.193.128.40',6),(49,100000,'Через донат','91.193.128.40',6),(49,200000,'Через донат','91.193.128.40',6),(49,65000,'Через донат','91.193.128.40',6),(49,200000,'/givemoney','91.193.128.40',6),(49,-500000,'Создание семьи','91.193.128.40',6),(30,-200,'Попал в больницу','62.221.85.2',6),(49,-25000,'Покупка наркотиков в порту','91.193.128.40',6),(30,-200,'Попал в больницу','62.221.85.2',6),(30,-200,'Попал в больницу','62.221.85.2',6),(30,-200,'Попал в больницу','62.221.85.2',6),(30,-200,'Попал в больницу','62.221.85.2',6),(36,500,'×åðåç äîíàò','5.153.180.162',9),(36,500,'×åðåç äîíàò','5.153.180.162',9),(49,-200,'Аренда машины таксиста','91.193.128.40',9),(49,0,'Проезд в маршрутке','91.193.128.40',9),(36,0,'Проезд в маршрутке','5.153.180.162',9),(36,-124,'Проезд в такси','5.153.180.162',9),(49,124,'Работа таксиста','91.193.128.40',9),(36,-124,'Проезд в такси','5.153.180.162',9),(49,124,'Работа таксиста','91.193.128.40',9),(36,-200,'Аренда машина автомеханика','5.153.180.162',9),(36,-200,'Аренда машина автомеханика','5.153.180.162',9),(49,-100,'Починка транспорта','91.193.128.40',9),(36,100,'Починка транспорта','5.153.180.162',9),(36,0,'Проезд в маршрутке','5.153.180.162',9),(49,0,'Проезд в маршрутке','91.193.128.40',9),(36,-500,'Покупка абонемента в баню','5.153.180.162',9),(36,-200,'Аренда автобуса','5.153.180.162',9),(49,-2000,'Аренда квартиры','91.193.128.40',9),(49,1600000,'/givemoney','91.193.128.40',9),(49,1600000,'/givemoney','91.193.128.40',9),(49,1600000,'/givemoney','91.193.128.40',9),(49,1600000,'/givemoney','91.193.128.40',9),(49,1600000,'/givemoney','91.193.128.40',9),(49,1600000,'/givemoney','91.193.128.40',9),(49,1600000,'/givemoney','91.193.128.40',9),(49,1600000,'/givemoney','91.193.128.40',9),(49,1600000,'/givemoney','91.193.128.40',9),(49,1600000,'/givemoney','91.193.128.40',9),(49,-16000000,'Покупка автомобиля в автосалоне','91.193.128.40',9),(36,-500000,'Создание семьи','5.153.180.162',9),(40,-200,'Покупка куриного супа в столовой','95.153.133.114',9),(40,-100,'Покупка макарон с катлетами в столовой','95.153.133.114',9),(49,4000,'Нейтрализовал преступника','91.193.128.40',9),(49,-1000,'Покупка аптечки в аптеке','91.193.128.40',9),(49,-1000,'Покупка аптечки в аптеке','91.193.128.40',9),(49,-500,'Покупка маски в аптеке','91.193.128.40',9),(40,-200,'Попал в больницу','95.153.133.114',9),(40,-200,'Попал в больницу','95.153.133.114',9),(40,500,'Нейтрализовал преступника','95.153.133.114',9),(40,-200,'Попал в больницу','95.153.133.114',9),(40,-200,'Попал в больницу','95.153.133.114',9),(49,-200,'Попал в больницу','91.193.128.40',9),(49,-5580,'Оплата всех штрафов','91.193.128.40',9),(49,2000,'Выигрыш в казино','91.193.128.40',9),(40,-2222,'Проигрыш в казино','95.153.133.114',9),(49,-2222,'Проигрыш в казино','91.193.128.40',9),(40,2000,'Выигрыш в казино','95.153.133.114',9),(49,9000,'Выигрыш в казино','91.193.128.40',9),(40,-10000,'Проигрыш в казино','95.153.133.114',9),(49,2000,'Выигрыш в казино','91.193.128.40',9),(40,-2222,'Проигрыш в казино','95.153.133.114',9),(49,2000,'Выигрыш в казино','91.193.128.40',9),(40,-2222,'Проигрыш в казино','95.153.133.114',9),(49,2000,'Выигрыш в казино','91.193.128.40',9),(40,-2222,'Проигрыш в казино','95.153.133.114',9),(49,-2222,'Проигрыш в казино','91.193.128.40',9),(40,2000,'Выигрыш в казино','95.153.133.114',9),(49,500,'Посадил преступника','91.193.128.40',9),(49,-200,'Попал в больницу','91.193.128.40',9),(49,-2000,'Покупка телефона','91.193.128.40',10),(49,20000000,'/givemoney','91.193.128.40',10),(49,-20000000,'Ïîêóïêà áèçíåññà!','91.193.128.40',10),(49,-2000,'Ïîêóïêà ðþêçàêà','91.193.128.40',10),(49,15000,'Снятие денег в банкомате','91.193.128.40',10),(49,-80000,'Покупка автомобиля в автосалоне','91.193.128.40',10),(49,12839500,'Снятие денег с банковского счета','91.193.128.40',10),(49,-108000,'Оплата бизнеса','91.193.128.40',10),(49,-5000,'Покупка услуги СТО','91.193.128.40',10),(49,-1000,'Перекраска авто в СТО','91.193.128.40',10),(49,-1000,'Ремонт авто в СТО!','91.193.128.40',10),(49,-3000000,'Покупка дома','91.193.128.40',10),(49,-200,'Покупка сим-карты','91.193.128.40',10),(49,10,'Редактирование сообщения(/edit)','91.193.128.40',10),(40,-200,'Попал в больницу','95.153.133.114',10),(49,-200,'Попал в больницу','91.193.128.40',10),(49,500,'Нейтрализовал преступника','91.193.128.40',10),(49,-9725024,'Reset Money','91.193.128.40',10),(40,-7743036,'Reset Money','95.153.133.114',10),(49,402,'Зарплата шахтёра','91.193.128.40',10),(40,207,'Зарплата шахтёра','95.153.133.114',10),(49,-200,'Аренда автобуса','91.193.128.40',10),(40,0,'Зарплата водолаза','95.153.133.114',10),(40,0,'Зарплата водолаза','95.153.133.114',10),(49,200,'Проезд в маршрутке','91.193.128.40',10),(40,-200,'Проезд в маршрутке','95.153.133.114',10),(40,200,'/givemoney','95.153.133.114',10),(40,-200,'Аренда автобуса','95.153.133.114',10),(40,200,'/givemoney','95.153.133.114',10),(40,-200,'Аренда автобуса','95.153.133.114',10),(40,-200,'Попал в больницу','95.153.133.114',10),(40,-200,'Попал в больницу','95.153.133.114',10),(40,-200,'Попал в больницу','95.153.133.114',10),(49,100000,'/givemoney','91.193.128.40',11),(49,-100000,'Покупка рецепта на оружие','91.193.128.40',11),(35,-500000,'Ñîçäàíèå ñåìüè','91.193.128.40',11),(35,84,'Çàðïëàòà øàõò¸ðà','91.193.128.40',11),(35,-200,'Àðåíäà óáîðî÷íîé ìàøèíû!','91.193.128.40',11),(35,-800,'Àðåíäà ôóðû','91.193.128.40',11),(35,1000,'Çàðïëàòà äàëüíîáîéùèêà!','91.193.128.40',11),(35,-200,'Àðåíäà àâòîáóñà','91.193.128.40',11),(35,-200,'Àðåíäà ìàøèíû òàêñèñòà','91.193.128.40',11),(35,-200,'Àðåíäà ìàøèíà àâòîìåõàíèêà','91.193.128.40',11),(54,2000,'/givemoney','91.193.128.40',12),(54,-2000,'Аренда квартиры','91.193.128.40',12),(54,-200,'Аренда уборочной машины!','91.193.128.40',12),(36,-4500,'Аренда фуры','5.153.180.162',12),(36,4000,'Зарплата дальнобойщика!','5.153.180.162',12),(36,-2000,'Аренда квартиры','5.153.180.162',12),(36,-4000,'Покупка металла для армии','5.153.180.162',12),(36,-2000,'Покупка металла','5.153.180.162',12),(36,-34640796,'Reset Money','5.153.180.162',12),(36,3084,'Зарплата шахтёра','5.153.180.162',12),(49,2400000,'Ïðîäàæà äîìà â Ãîññ','91.193.128.40',14),(49,600000,'/givemoney','91.193.128.40',14),(49,-3000000,'Ïîêóïêà äîìà','91.193.128.40',14),(49,1000000,'/givemoney','91.193.128.40',14),(49,-1000000,'Ïîêóïêà àâòîìîáèëÿ â àâòîñàëîíå','91.193.128.40',14),(49,1000000,'/givemoney','91.193.128.40',14),(49,-5000,'Ïîêóïêà óñëóãè ÑÒÎ','91.193.128.40',14),(49,-4000,'Ïîêóïêà óñëóãè ÑÒÎ','91.193.128.40',14),(49,-1000,'Ïåðåêðàñêà àâòî â ÑÒÎ','91.193.128.40',14),(49,-1500,'Ïîêóïêà óñëóãè ÑÒÎ','91.193.128.40',14),(49,-1000,'Ðåìîíò àâòî â ÑÒÎ!','91.193.128.40',14),(49,-1000,'Ïåðåêðàñêà àâòî â ÑÒÎ','91.193.128.40',14),(49,-200,'Ïîïàë â áîëüíèöó','91.193.128.40',14),(49,-200,'Ïîïàë â áîëüíèöó','91.193.128.40',14),(49,-1000,'Ðåìîíò àâòî â ÑÒÎ!','91.193.128.40',14),(30,-200,'Ïîïàë â áîëüíèöó','95.153.114.83',14),(49,-200,'Ïîïàë â áîëüíèöó','91.193.128.40',14),(49,-200,'Ïîïàë â áîëüíèöó','91.193.128.40',14),(30,-200,'Ïîïàë â áîëüíèöó','95.153.114.83',14),(49,-200,'Ïîïàë â áîëüíèöó','91.193.128.40',14),(49,-200,'Ïîïàë â áîëüíèöó','91.193.128.40',14),(49,-200,'Ïîïàë â áîëüíèöó','91.193.128.40',14),(49,-200,'Ïîïàë â áîëüíèöó','91.193.128.40',14),(30,-200,'Ïîïàë â áîëüíèöó','95.153.114.83',14),(49,-1000,'Ðåìîíò àâòî â ÑÒÎ!','91.193.128.40',14),(30,-1000,'Ðåìîíò àâòî â ÑÒÎ!','95.153.114.83',14),(49,-200,'Ïîïàë â áîëüíèöó','91.193.128.40',14),(49,-50,'Покупка пива','91.193.128.40',15),(49,-50,'Покупка пива','91.193.128.40',15),(49,-50,'Покупка пива','91.193.128.40',15),(49,-50,'Покупка пива','91.193.128.40',15),(49,-50,'Покупка пива','91.193.128.40',15),(49,-3120,'Оплата всех штрафов','91.193.128.40',15),(30,-200,'Попал в больницу','95.153.114.83',15),(30,1000,'Нейтрализовал преступника','95.153.114.83',15),(49,-200,'Попал в больницу','91.193.128.40',15),(49,-200,'Попал в больницу','91.193.128.40',15),(49,-200,'Попал в больницу','91.193.128.40',15),(49,-200,'Попал в больницу','91.193.128.40',15),(49,-200,'Попал в больницу','91.193.128.40',15),(49,-200,'Попал в больницу','91.193.128.40',15),(49,-200,'Попал в больницу','91.193.128.40',15),(49,-200,'Попал в больницу','91.193.128.40',15),(49,-200,'Попал в больницу','91.193.128.40',15),(49,-200,'Попал в больницу','91.193.128.40',15),(30,-200,'Попал в больницу','95.153.114.83',15),(49,-200,'Попал в больницу','91.193.128.40',15),(49,1000,'Нейтрализовал преступника','91.193.128.40',15),(30,-200,'Попал в больницу','95.153.114.83',15),(30,-200,'Попал в больницу','95.153.114.83',15),(30,500,'Нейтрализовал преступника','95.153.114.83',15),(49,0,'Çàðïëàòà ãðóç÷èêà','91.193.128.40',17),(49,0,'Çàðïëàòà øàõò¸ðà','91.193.128.40',17);
/*!40000 ALTER TABLE `givemoney` ENABLE KEYS */;
UNLOCK TABLES;

--
-- Table structure for table `houses`
--

DROP TABLE IF EXISTS `houses`;
/*!40101 SET @saved_cs_client     = @@character_set_client */;
/*!50503 SET character_set_client = utf8mb4 */;
CREATE TABLE `houses` (
  `hID` int NOT NULL AUTO_INCREMENT,
  `hExitX` float NOT NULL DEFAULT '0',
  `hExitY` float NOT NULL DEFAULT '0',
  `hExitZ` float NOT NULL DEFAULT '0',
  `hOwned` int NOT NULL DEFAULT '0',
  `hOwner` varchar(32) NOT NULL DEFAULT 'None',
  `hPrice` int NOT NULL DEFAULT '1000',
  `hType` int NOT NULL DEFAULT '1',
  `hDays` int NOT NULL DEFAULT '3',
  `hLock` int NOT NULL DEFAULT '0',
  `car_pos_x` float NOT NULL DEFAULT '0',
  `car_pos_y` float NOT NULL DEFAULT '0',
  `car_pos_z` float NOT NULL DEFAULT '0',
  `car_pos_a` float NOT NULL DEFAULT '0',
  `hPatron` int NOT NULL DEFAULT '0',
  `hDrugs` int NOT NULL DEFAULT '0',
  `hMetall` int NOT NULL DEFAULT '0',
  PRIMARY KEY (`hID`)
) ENGINE=InnoDB AUTO_INCREMENT=145 DEFAULT CHARSET=utf8;
/*!40101 SET character_set_client = @saved_cs_client */;

--
-- Dumping data for table `houses`
--

LOCK TABLES `houses` WRITE;
/*!40000 ALTER TABLE `houses` DISABLE KEYS */;
INSERT INTO `houses` VALUES (2,1945.14,1845.31,15.4186,0,'None',1000000,1,3,0,1959.55,1848.77,15.1496,179.869,122,12,13),(3,1985.88,1831.93,16.111,0,'None',1000000,2,3,0,1969.59,1831.2,15.1707,2.157,0,0,0),(4,1989.36,1794.01,15.7392,1,'Roman_Dobbikov',3000000,2,28,0,1968.85,1796.49,15.642,359.002,1,0,0),(5,2019.77,1548.22,20.3344,0,'None',25000000,3,3,0,2008.14,1540.62,15.5741,359.083,0,0,0),(6,2315.17,-652.117,12.8844,0,'None',2500000,3,3,0,2336.63,-625.555,11.8262,92.6023,0,0,0),(7,2330.92,-648.346,12.8844,0,'None',2500000,3,3,0,2335.94,-635.291,11.8266,91.4916,0,0,0),(8,2331.29,-610.099,12.8844,0,'None',2500000,3,3,0,2335.41,-596.824,11.8275,91.5989,0,0,0),(9,2315.15,-613.758,12.8844,0,'None',2500000,3,3,0,2335.35,-586.964,11.8265,91.1067,0,0,0),(10,2283.55,-583.117,12.1163,0,'None',250000,1,3,0,2280.31,-590.618,11.8134,0.697713,0,0,0),(11,2266.73,-586.741,12.1163,0,'None',250000,1,3,0,2270.4,-581.243,11.8029,179.963,0,0,0),(12,2266.46,-603.345,12.1163,0,'None',250000,1,3,0,2270.69,-595.339,11.8103,179.411,0,0,0),(13,2266.46,-620.14,12.1163,0,'None',250000,1,3,0,2270.88,-615.037,11.8165,178.469,0,0,0),(14,2266.46,-636.495,12.1163,0,'None',250000,1,3,0,2270.83,-630.852,11.8154,179.515,0,0,0),(15,2283.52,-632.549,12.1163,0,'None',250000,1,3,0,2280.67,-637.384,11.8039,1.04902,0,0,0),(16,2283.52,-648.929,12.1163,0,'None',250000,1,3,0,2280.83,-653.376,11.8025,358.997,0,0,0),(17,2266.6,-652.635,12.0013,0,'None',250000,1,3,0,2270.68,-646.952,11.8094,179.475,0,0,0),(18,1862.46,2844.57,11.5851,0,'None',2500000,3,3,0,1873.24,2848.42,11.817,180.48,0,0,0),(19,1919.05,2851.64,11.576,0,'None',2000000,3,3,0,1922.05,2840.75,11.8167,91.2991,0,0,0),(20,1918.82,2902.73,12.6844,0,'None',2000000,3,3,0,1923.11,2886.1,11.8166,90.51,0,0,0),(21,1883.79,2870.64,13.0663,0,'None',2000000,3,3,0,1879.07,2889.58,11.8094,269.672,0,0,0),(22,1854.19,2894.51,12.2272,0,'None',2500000,3,3,0,1843.24,2890.39,11.8159,0.558431,0,0,0),(23,1820.62,2897.93,12.7464,0,'None',500000,1,3,0,1816.36,2907.16,11.8058,90.0912,0,0,0),(24,1814.68,2870.86,12.6234,0,'None',750000,2,3,0,1804.18,2865.73,11.7996,359.215,0,0,0),(25,1808.68,2848.77,13.2409,0,'None',750000,2,3,0,1816.83,2831.92,11.8208,90.0262,0,0,0),(26,1830.93,2840.93,12.3021,0,'None',250000,2,3,0,1836.19,2832.33,11.8026,89.1164,0,0,0),(27,-2361.61,2557.23,42.1259,0,'None',500000,2,3,0,-2361.73,2562.47,41.655,1.4412,0,0,0),(28,-2344.81,2556.12,41.723,0,'None',500000,2,3,0,-2345.8,2550.41,41.5087,87.1666,0,0,0),(29,-2356.1,2585.93,42.1866,0,'None',500000,2,3,0,-2359.31,2577.96,41.5887,269.096,0,0,0),(30,-2342.41,2593.46,42.5947,0,'None',500000,2,3,0,-2346.02,2586,41.7819,91.1793,0,0,0),(31,-2358.09,2608.51,42.2245,0,'None',500000,2,3,0,-2348.8,2606.15,41.6292,90.725,0,0,0),(32,-2812.1,-670.524,8.90296,0,'None',15000000,3,3,0,0,0,0,0,0,0,0),(33,465.385,-1249.56,42.0225,0,'None',5000000,2,3,0,460.718,-1246.21,40.5078,339.942,0,0,0),(34,530.987,-1275.54,41.1651,0,'None',5000000,2,3,0,539.706,-1268.34,40.5075,343.298,0,0,0),(35,525.175,-1304.83,41.0904,0,'None',5000000,2,3,0,535.386,-1304.57,40.4595,348.555,0,0,0),(36,589.45,-1290.21,41.9406,0,'None',5000000,2,3,0,593.314,-1291.65,40.5068,339.095,0,0,0),(37,622.38,-1250.21,42.1248,0,'None',5000000,2,3,0,628.314,-1254.21,40.5076,159.892,0,0,0),(38,641.926,-1266.17,41.8311,0,'None',5000000,2,3,0,635.022,-1265.99,40.5073,161.248,0,0,0),(39,628.966,-1320.49,41.458,0,'None',5000000,2,3,0,626.223,-1305.26,40.5066,338.439,0,0,0),(40,720.158,-1351.03,41.008,0,'None',5000000,2,3,0,737.433,-1344.68,40.4833,341.721,0,0,0),(41,2042.94,-1100.24,2.24381,0,'None',2500000,3,3,0,2029.76,-1109.08,1.77801,14.84,0,0,0),(42,2014.11,-1073.97,3.04745,0,'None',2500000,3,3,0,2014.6,-1047.48,1.77641,269.692,0,0,0),(43,2019.74,-982.738,1.61873,0,'None',2500000,3,3,0,2014.71,-1009.2,1.77674,271.147,0,0,0),(44,2052.47,-997.768,3.50006,0,'None',2500000,3,3,0,2052.73,-975.264,1.78051,91.2492,0,0,0),(45,2079.67,-1103.3,3.11537,0,'None',10000000,3,3,0,2103.02,-1098.47,1.77654,9.57407,0,0,0),(46,2150.53,-1070.27,2.16289,0,'None',10000000,3,3,0,2122.77,-1081.58,1.77622,11.3104,0,0,0),(47,2172.72,-1026.47,2.97357,0,'None',2500000,3,3,0,2174.63,-1010.48,1.77658,90.98,0,0,0),(48,2167.58,-998.754,2.32538,0,'None',2500000,3,3,0,2172.21,-976.313,1.78405,91.4775,0,0,0),(49,2172.6,-933.842,2.8314,0,'None',2500000,3,3,0,2174,-957.833,1.78023,90.0288,0,0,0),(50,2122,-1011.95,6.63892,0,'None',15000000,3,3,0,2118.73,-1003.63,1.7768,90.4083,0,0,0),(51,2251.26,-1071.41,2.33273,0,'None',2500000,3,3,0,2223.65,-1074.79,1.77624,0.717867,0,0,0),(52,2305.54,-1086.67,7.02819,0,'None',15000000,3,3,0,2287.35,-1111.05,1.77624,270.56,0,0,0),(53,2459.66,-1016.31,6.45937,1,'Zhenya_Morgan',15000000,3,28,0,2437.49,-1046.62,1.63923,1.58801,276,1490,300),(54,2550.05,-1002.51,2.28831,0,'None',5000000,3,3,0,2572.34,-1006.57,1.77659,2.202,0,0,0),(55,2685.68,-231.282,3.64645,0,'None',250000,1,3,0,2697.35,-228.6,3.77112,2.31478,0,0,0),(56,2627.93,-232.619,3.81796,0,'None',250000,1,3,0,2624.28,-231.483,3.75451,0.708006,0,0,0),(57,2608.14,-200.979,7.21709,0,'None',500000,1,3,0,2603.8,-194.021,6.2682,181.366,0,0,0),(58,2590.42,-230.766,3.79362,0,'None',250000,1,3,0,2594.23,-231.05,3.75657,358.781,0,0,0),(59,2573.58,-230.414,3.36857,0,'None',250000,1,3,0,2578.66,-230.528,3.54964,0.400851,0,0,0),(60,2524.49,-199.004,3.54687,0,'None',250000,1,3,0,2528.74,-200.802,2.89187,180.702,0,0,0),(61,2422.26,-206.304,2.25555,0,'None',250000,1,3,0,2432.85,-204.242,1.91423,181.156,0,0,0),(62,2414.98,-230.587,2.07125,0,'None',250000,1,3,0,2412.01,-231.434,1.83909,359.334,0,0,0),(63,2381.72,-202.434,2.46262,0,'None',250000,1,3,0,2378.34,-204.706,1.91355,181.672,0,0,0),(64,2329.99,-205.192,2.59115,0,'None',750000,2,3,0,2316.17,-207.326,1.94414,180.695,0,0,0),(65,2240.67,-197.006,2.04104,0,'None',1000000,2,3,0,2218.01,-196.217,1.94238,179.05,0,0,0),(66,2204.72,-231.147,1.90042,0,'None',250000,1,3,0,2209.02,-233.531,1.77975,1.84264,0,0,0),(67,2491.49,-955.343,2.75437,1,'Sasha_Morgan',2500000,3,21,0,2519.29,-956.071,1.77779,180.339,0,0,0),(68,2470.87,-962.752,2.04813,1,'Shon_Morgan',2500000,3,28,0,2442.32,-956.784,1.77629,181.376,0,0,0),(69,2394.5,-955.496,2.79437,0,'None',2500000,3,3,0,2417.53,-956.945,1.77769,179.655,0,0,0),(70,2395.51,-1031.88,2.68438,0,'None',2500000,3,3,0,2392.81,-1011.08,1.69002,89.9675,0,0,0),(71,2366.11,-1034.71,2.01,1,'Maus_Kotikov',750000,2,24,0,2361.75,-1019.67,1.78652,268.527,0,0,0),(72,2364.91,-990.407,2.01,0,'None',750000,2,3,0,2362.41,-1004.35,1.78626,268.834,0,0,0),(73,2340.69,-1075.08,2.68438,0,'None',2500000,3,3,0,2359.11,-1073.51,1.77636,1.08674,0,0,0),(74,2330.01,-1046.29,2.06813,0,'None',750000,2,3,0,2304,-1030.26,1.77612,180.198,0,0,0),(75,2272.39,-1033.58,2.68438,0,'None',2500000,3,3,0,2246.83,-1034.45,1.77645,180.17,0,0,0),(76,2202.3,-1037.41,2.06813,0,'None',2500000,3,3,0,2223.77,-1032.71,1.78321,177.837,0,0,0),(77,2053.26,-1027.72,1.54862,0,'None',2000000,3,3,0,2057.47,-1046.92,1.77636,91.513,0,0,0),(78,2838.47,-1725.67,3.78437,0,'None',5000000,3,3,0,2838.62,-1714.59,2.70628,90.2968,0,0,0),(79,2838.68,-1691.65,3.78437,0,'None',5000000,3,3,0,2836.3,-1681.12,2.70657,90.2263,0,0,0),(80,2838.34,-1657.96,3.78437,0,'None',5000000,3,3,0,2837.84,-1647.04,2.70658,91.5948,0,0,0),(81,2838.48,-1624.87,3.78437,0,'None',5000000,3,3,0,2837.74,-1613.72,2.70657,90.7422,0,0,0),(82,2839.29,-1591.26,3.78437,0,'None',5000000,3,3,0,2837.8,-1580.1,2.70632,91.0536,0,0,0),(83,2358.45,-644.908,12.002,0,'None',250000,1,3,0,2361.17,-652.549,11.7759,92.4332,0,0,0),(84,2358.79,-626.171,12.002,0,'None',250000,1,3,0,2361.11,-631.503,11.7782,89.9687,0,0,0),(85,2358.35,-606.894,12.002,0,'None',250000,1,3,0,2361.38,-611.916,11.7782,88.5311,0,0,0),(86,2358.9,-586.98,12.0042,0,'None',250000,1,3,0,2360.06,-591.912,11.7785,90.3966,0,0,0),(87,2283.35,-599.51,12.0013,0,'None',250000,1,3,0,2280.42,-605.285,11.8094,0.496524,0,0,0),(88,2283.52,-616.483,12.1163,0,'None',250000,1,3,0,2280.53,-620.529,11.8055,0.08178,0,0,0),(89,2233.45,-583.073,12.2569,0,'None',250000,1,3,0,2229.71,-588.911,11.811,1.41868,0,0,0),(90,2215.88,-586.716,12.2484,0,'None',250000,1,3,0,2219.89,-581.699,11.8059,180.026,0,0,0),(91,2233.52,-599.488,12.1163,0,'None',250000,1,3,0,2229.71,-604.485,11.8108,358.153,0,0,0),(92,2215.93,-603.535,12.1163,0,'None',250000,1,3,0,2219.77,-597.414,11.8042,179.19,0,0,0),(93,2215.96,-619.993,12.1163,0,'None',250000,1,3,0,2219.8,-610.624,11.8053,179.566,0,0,0),(94,2233.52,-615.945,12.1163,0,'None',250000,1,3,0,2229.88,-621.594,11.805,0.494726,0,0,0),(95,2233.73,-632.39,12.2569,0,'None',250000,1,3,0,2229.92,-637.779,11.8047,359.006,0,0,0),(96,2216.16,-636.234,12.0013,0,'None',250000,1,3,0,2220.29,-626.531,11.8205,181.87,0,0,0),(97,2233.43,-648.708,12.1163,0,'None',250000,1,3,0,2229.78,-653.012,11.8084,359.621,0,0,0),(98,2216.02,-652.359,12.1163,0,'None',250000,1,3,0,2220.4,-646.867,11.8294,177.902,0,0,0),(99,1749.92,2188.96,15.8666,0,'None',1500000,2,3,0,1766.67,2190.52,15.817,181.57,0,0,0),(100,1864.82,1419.32,10.2651,0,'None',250000,1,3,0,1872.45,1427.41,9.5372,178.36,0,0,0),(101,1866.02,1439.87,10.1865,0,'None',750000,2,3,0,1872.36,1449.63,9.53206,178.119,0,0,0),(102,1859.47,1405.15,9.75565,0,'None',250000,1,3,0,1871.56,1400.99,9.49119,176.969,0,0,0),(103,1865.32,1358.45,10.0435,0,'None',250000,1,3,0,1872.01,1365.81,9.51558,179.595,0,0,0),(104,1865.97,1337.13,10.3209,0,'None',250000,1,3,0,1871.95,1341.15,9.51083,182.862,0,0,0),(105,1813.16,1333.64,10.5398,0,'None',500000,2,3,0,1817.8,1326.64,9.50139,89.123,0,0,0),(106,1800.52,1337.78,10.2236,0,'None',500000,2,3,0,1800.79,1325.65,9.63481,88.9572,0,0,0),(108,1763.85,1334.23,10.1264,0,'None',500000,2,3,0,1766.51,1326.61,9.50257,92.8979,0,0,0),(109,2038.97,1340.12,26.7362,0,'None',750000,2,3,0,2029.9,1325.46,26.0165,88.1995,0,0,0),(110,2060.38,1340.02,26.635,0,'None',750000,2,3,0,2055.56,1325.09,26.0348,89.2908,0,0,0),(111,1943.52,1752.95,15.357,0,'None',1000000,2,3,0,1959.88,1754.69,15.3082,179.534,0,0,0),(112,1995,1746.37,15.6921,0,'None',1000000,2,3,0,1969.7,1742.38,15.3268,2.47123,0,0,0),(113,1943.61,1806.85,15.7021,0,'None',1000000,2,3,0,1959.82,1799.99,15.3084,180.159,0,0,0),(114,1749.3,2076.2,16.575,0,'None',1500000,2,3,0,1765.97,2070.13,15.8205,179.242,0,0,0),(115,1745.79,2115.17,15.9475,0,'None',1500000,2,3,0,1765.79,2110.58,15.8212,181.535,0,0,0),(116,1747.09,2155.03,16.7052,0,'None',1500000,2,3,0,1765.9,2152.17,15.8188,179.311,0,0,0),(128,2379.72,-647.893,11.9928,0,'None',250000,1,3,0,2378.96,-639.972,11.7781,92.0288,0,0,0),(129,2379.74,-628.951,12.002,0,'None',250000,1,3,0,2378.3,-621.392,11.7782,92.1488,0,0,0),(130,2379.72,-609.882,12.002,0,'None',250000,1,3,0,2377.54,-601.698,11.7787,92.5009,0,0,0),(131,2379.72,-589.926,12.002,0,'None',250000,1,3,0,2378.36,-581.59,11.7787,92.3658,0,0,0),(132,2513.67,-230.501,2.56719,0,'None',250000,1,3,0,2508.92,-232.863,2.29269,358.318,0,0,0),(133,2487.49,-252.702,1.85739,0,'None',250000,1,3,0,2486.17,-248.168,1.76659,273.645,0,0,0),(134,2552.58,-967.056,2.01,0,'None',1500000,2,3,0,2565.22,-967.36,1.79029,180.396,0,0,0),(135,2134.76,-938.192,2.06813,0,'None',2500000,3,3,0,0,0,0,0,0,0,0),(136,1784.12,2838.43,12.5381,0,'None',250000,1,3,0,1794.11,2844.85,11.7956,180.675,0,0,0),(137,1783.89,2865.6,12.5381,0,'None',250000,1,3,0,1793.98,2870.17,11.7995,180.017,0,0,0),(138,1783.87,2891.98,12.5381,0,'None',250000,1,3,0,1794.36,2897.09,11.7986,178.9,0,0,0),(139,1762.61,2898,12.3931,0,'None',250000,1,3,0,1757.82,2907.17,11.8068,89.2469,0,0,0),(140,1749.46,2875.31,12.3931,0,'None',250000,1,3,0,1745.4,2875.53,11.8394,1.26452,0,0,0),(141,1752.2,2842.21,12.3931,0,'None',250000,1,3,0,1758.56,2831.96,11.816,89.2539,0,0,0),(142,1721.2,2842.25,12.3931,1,'Kudasai_Volkov',250000,1,2,0,1722.85,2831.91,11.8088,271.755,0,0,0),(143,1718.56,2875.32,12.3931,0,'None',250000,1,3,0,1714.26,2865.53,11.8412,177.165,0,0,0),(144,1731.61,2897.93,12.3931,0,'None',250000,1,3,0,1729.12,2906.72,11.8015,269.574,0,0,0);
/*!40000 ALTER TABLE `houses` ENABLE KEYS */;
UNLOCK TABLES;

--
-- Table structure for table `kvart`
--

DROP TABLE IF EXISTS `kvart`;
/*!40101 SET @saved_cs_client     = @@character_set_client */;
/*!50503 SET character_set_client = utf8mb4 */;
CREATE TABLE `kvart` (
  `kvart_id` int NOT NULL AUTO_INCREMENT,
  `kvart_days` int NOT NULL DEFAULT '3',
  `kvart_type` int NOT NULL DEFAULT '0',
  `kvart_pod_id` int NOT NULL DEFAULT '0',
  `kvart_Owned` int NOT NULL DEFAULT '0',
  `kvart_Owner` varchar(32) NOT NULL DEFAULT 'None',
  PRIMARY KEY (`kvart_id`)
) ENGINE=InnoDB AUTO_INCREMENT=825 DEFAULT CHARSET=utf8;
/*!40101 SET character_set_client = @saved_cs_client */;

--
-- Dumping data for table `kvart`
--

LOCK TABLES `kvart` WRITE;
/*!40000 ALTER TABLE `kvart` DISABLE KEYS */;
INSERT INTO `kvart` VALUES (1,21,0,2,1,'Bruno_Buccelati'),(2,25,1,2,1,'Anton_Panikaxi'),(3,3,2,2,0,'None'),(4,3,3,2,0,'None'),(5,3,4,2,0,'None'),(6,3,5,2,0,'None'),(7,3,6,2,0,'None'),(8,3,7,2,0,'None'),(9,3,0,3,0,'None'),(10,3,1,3,0,'None'),(11,3,2,3,0,'None'),(12,3,3,3,0,'None'),(13,3,4,3,0,'None'),(14,3,5,3,0,'None'),(15,3,6,3,0,'None'),(16,3,7,3,0,'None'),(17,3,0,4,0,'None'),(18,3,1,4,0,'None'),(19,3,2,4,0,'None'),(20,3,3,4,0,'None'),(21,3,4,4,0,'None'),(22,3,5,4,0,'None'),(23,3,6,4,0,'None'),(24,3,7,4,0,'None'),(25,3,0,5,0,'None'),(26,3,1,5,0,'None'),(27,3,2,5,0,'None'),(28,3,3,5,0,'None'),(29,3,4,5,0,'None'),(30,3,5,5,0,'None'),(31,3,6,5,0,'None'),(32,3,7,5,0,'None'),(33,3,0,5,0,'None'),(34,3,1,5,0,'None'),(35,3,2,5,0,'None'),(36,3,3,5,0,'None'),(37,3,4,5,0,'None'),(38,3,5,5,0,'None'),(39,3,6,5,0,'None'),(40,3,7,5,0,'None'),(41,3,0,6,0,'None'),(42,3,1,6,0,'None'),(43,3,2,6,0,'None'),(44,3,3,6,0,'None'),(45,3,4,6,0,'None'),(46,3,5,6,0,'None'),(47,3,6,6,0,'None'),(48,3,7,6,0,'None'),(49,3,0,7,0,'None'),(50,3,1,7,0,'None'),(51,3,2,7,0,'None'),(52,3,3,7,0,'None'),(53,3,4,7,0,'None'),(54,3,5,7,0,'None'),(55,3,6,7,0,'None'),(56,3,7,7,0,'None'),(57,3,0,8,0,'None'),(58,3,1,8,0,'None'),(59,3,2,8,0,'None'),(60,3,3,8,0,'None'),(61,3,4,8,0,'None'),(62,3,5,8,0,'None'),(63,3,6,8,0,'None'),(64,3,7,8,0,'None'),(65,3,0,9,0,'None'),(66,3,1,9,0,'None'),(67,3,2,9,0,'None'),(68,3,3,9,0,'None'),(69,3,4,9,0,'None'),(70,3,5,9,0,'None'),(71,3,6,9,0,'None'),(72,3,7,9,0,'None'),(73,3,0,10,0,'None'),(74,3,1,10,0,'None'),(75,3,2,10,0,'None'),(76,3,3,10,0,'None'),(77,3,4,10,0,'None'),(78,3,5,10,0,'None'),(79,3,6,10,0,'None'),(80,3,7,10,0,'None'),(81,3,0,11,0,'None'),(82,3,1,11,0,'None'),(83,3,2,11,0,'None'),(84,3,3,11,0,'None'),(85,3,4,11,0,'None'),(86,3,5,11,0,'None'),(87,3,6,11,0,'None'),(88,3,7,11,0,'None'),(89,3,0,12,0,'None'),(90,3,1,12,0,'None'),(91,3,2,12,0,'None'),(92,3,3,12,0,'None'),(93,3,4,12,0,'None'),(94,3,5,12,0,'None'),(95,3,6,12,0,'None'),(96,3,7,12,0,'None'),(97,3,0,13,0,'None'),(98,3,1,13,0,'None'),(99,3,2,13,0,'None'),(100,3,3,13,0,'None'),(101,3,4,13,0,'None'),(102,3,5,13,0,'None'),(103,3,6,13,0,'None'),(104,3,7,13,0,'None'),(105,3,0,14,0,'None'),(106,3,1,14,0,'None'),(107,3,2,14,0,'None'),(108,3,3,14,0,'None'),(109,3,4,14,0,'None'),(110,3,5,14,0,'None'),(111,3,6,14,0,'None'),(112,3,7,14,0,'None'),(113,3,0,15,0,'None'),(114,3,1,15,0,'None'),(115,3,2,15,0,'None'),(116,3,3,15,0,'None'),(117,3,4,15,0,'None'),(118,3,5,15,0,'None'),(119,3,6,15,0,'None'),(120,3,7,15,0,'None'),(121,3,0,16,0,'None'),(122,3,1,16,0,'None'),(123,3,2,16,0,'None'),(124,3,3,16,0,'None'),(125,3,4,16,0,'None'),(126,3,5,16,0,'None'),(127,3,6,16,0,'None'),(128,3,7,16,0,'None'),(129,3,0,17,0,'None'),(130,3,1,17,0,'None'),(131,3,2,17,0,'None'),(132,3,3,17,0,'None'),(133,3,4,17,0,'None'),(134,3,5,17,0,'None'),(135,3,6,17,0,'None'),(136,3,7,17,0,'None'),(137,3,0,18,0,'None'),(138,3,1,18,0,'None'),(139,3,2,18,0,'None'),(140,3,3,18,0,'None'),(141,3,4,18,0,'None'),(142,3,5,18,0,'None'),(143,3,6,18,0,'None'),(144,3,7,18,0,'None'),(145,3,0,19,0,'None'),(146,3,1,19,0,'None'),(147,3,2,19,0,'None'),(148,3,3,19,0,'None'),(149,3,4,19,0,'None'),(150,3,5,19,0,'None'),(151,3,6,19,0,'None'),(152,3,7,19,0,'None'),(153,3,0,20,0,'None'),(154,3,1,20,0,'None'),(155,3,2,20,0,'None'),(156,3,3,20,0,'None'),(157,3,4,20,0,'None'),(158,3,5,20,0,'None'),(159,3,6,20,0,'None'),(160,3,7,20,0,'None'),(161,3,0,21,0,'None'),(162,3,1,21,0,'None'),(163,3,2,21,0,'None'),(164,3,3,21,0,'None'),(165,3,4,21,0,'None'),(166,3,5,21,0,'None'),(167,3,6,21,0,'None'),(168,3,7,21,0,'None'),(169,3,0,22,0,'None'),(170,3,1,22,0,'None'),(171,3,2,22,0,'None'),(172,3,3,22,0,'None'),(173,3,4,22,0,'None'),(174,3,5,22,0,'None'),(175,3,6,22,0,'None'),(176,3,7,22,0,'None'),(177,3,0,23,0,'None'),(178,3,1,23,0,'None'),(179,3,2,23,0,'None'),(180,3,3,23,0,'None'),(181,3,4,23,0,'None'),(182,3,5,23,0,'None'),(183,3,6,23,0,'None'),(184,3,7,23,0,'None'),(185,3,0,24,0,'None'),(186,3,1,24,0,'None'),(187,3,2,24,0,'None'),(188,3,3,24,0,'None'),(189,3,4,24,0,'None'),(190,3,5,24,0,'None'),(191,3,6,24,0,'None'),(192,3,7,24,0,'None'),(193,3,0,25,0,'None'),(194,3,1,25,0,'None'),(195,3,2,25,0,'None'),(196,3,3,25,0,'None'),(197,3,4,25,0,'None'),(198,3,5,25,0,'None'),(199,3,6,25,0,'None'),(200,3,7,25,0,'None'),(201,3,0,26,0,'None'),(202,3,1,26,0,'None'),(203,3,2,26,0,'None'),(204,3,3,26,0,'None'),(205,3,4,26,0,'None'),(206,3,5,26,0,'None'),(207,3,6,26,0,'None'),(208,3,7,26,0,'None'),(209,3,0,27,0,'None'),(210,3,1,27,0,'None'),(211,3,2,27,0,'None'),(212,3,3,27,0,'None'),(213,3,4,27,0,'None'),(214,3,5,27,0,'None'),(215,3,6,27,0,'None'),(216,3,7,27,0,'None'),(217,3,0,28,0,'None'),(218,3,1,28,0,'None'),(219,3,2,28,0,'None'),(220,3,3,28,0,'None'),(221,3,4,28,0,'None'),(222,3,5,28,0,'None'),(223,3,6,28,0,'None'),(224,3,7,28,0,'None'),(225,3,0,29,0,'None'),(226,3,1,29,0,'None'),(227,3,2,29,0,'None'),(228,3,3,29,0,'None'),(229,3,4,29,0,'None'),(230,3,5,29,0,'None'),(231,3,6,29,0,'None'),(232,3,7,29,0,'None'),(233,3,0,30,0,'None'),(234,3,1,30,0,'None'),(235,3,2,30,0,'None'),(236,3,3,30,0,'None'),(237,3,4,30,0,'None'),(238,3,5,30,0,'None'),(239,3,6,30,0,'None'),(240,3,7,30,0,'None'),(241,3,0,31,0,'None'),(242,3,1,31,0,'None'),(243,3,2,31,0,'None'),(244,3,3,31,0,'None'),(245,3,4,31,0,'None'),(246,3,5,31,0,'None'),(247,3,6,31,0,'None'),(248,3,7,31,0,'None'),(249,3,0,32,0,'None'),(250,3,1,32,0,'None'),(251,3,2,32,0,'None'),(252,3,3,32,0,'None'),(253,3,4,32,0,'None'),(254,3,5,32,0,'None'),(255,3,6,32,0,'None'),(256,3,7,32,0,'None'),(257,3,0,33,0,'None'),(258,3,1,33,0,'None'),(259,3,2,33,0,'None'),(260,3,3,33,0,'None'),(261,3,4,33,0,'None'),(262,3,5,33,0,'None'),(263,3,6,33,0,'None'),(264,3,7,33,0,'None'),(265,3,0,34,0,'None'),(266,3,1,34,0,'None'),(267,3,2,34,0,'None'),(268,3,3,34,0,'None'),(269,3,4,34,0,'None'),(270,3,5,34,0,'None'),(271,3,6,34,0,'None'),(272,3,7,34,0,'None'),(273,3,0,35,0,'None'),(274,3,1,35,0,'None'),(275,3,2,35,0,'None'),(276,3,3,35,0,'None'),(277,3,4,35,0,'None'),(278,3,5,35,0,'None'),(279,3,6,35,0,'None'),(280,3,7,35,0,'None'),(281,3,0,36,0,'None'),(282,3,1,36,0,'None'),(283,3,2,36,0,'None'),(284,3,3,36,0,'None'),(285,3,4,36,0,'None'),(286,3,5,36,0,'None'),(287,3,6,36,0,'None'),(288,3,7,36,0,'None'),(289,3,0,37,0,'None'),(290,3,1,37,0,'None'),(291,3,2,37,0,'None'),(292,3,3,37,0,'None'),(293,3,4,37,0,'None'),(294,3,5,37,0,'None'),(295,3,6,37,0,'None'),(296,3,7,37,0,'None'),(297,3,0,38,0,'None'),(298,3,1,38,0,'None'),(299,3,2,38,0,'None'),(300,3,3,38,0,'None'),(301,3,4,38,0,'None'),(302,3,5,38,0,'None'),(303,3,6,38,0,'None'),(304,3,7,38,0,'None'),(305,3,0,39,0,'None'),(306,3,1,39,0,'None'),(307,3,2,39,0,'None'),(308,3,3,39,0,'None'),(309,3,4,39,0,'None'),(310,3,5,39,0,'None'),(311,3,6,39,0,'None'),(312,3,7,39,0,'None'),(313,3,0,40,0,'None'),(314,3,1,40,0,'None'),(315,3,2,40,0,'None'),(316,3,3,40,0,'None'),(317,3,4,40,0,'None'),(318,3,5,40,0,'None'),(319,3,6,40,0,'None'),(320,3,7,40,0,'None'),(321,3,0,41,0,'None'),(322,3,1,41,0,'None'),(323,3,2,41,0,'None'),(324,3,3,41,0,'None'),(325,3,4,41,0,'None'),(326,3,5,41,0,'None'),(327,3,6,41,0,'None'),(328,3,7,41,0,'None'),(337,3,0,43,0,'None'),(338,3,1,43,0,'None'),(339,3,2,43,0,'None'),(340,3,3,43,0,'None'),(341,3,4,43,0,'None'),(342,3,5,43,0,'None'),(343,3,6,43,0,'None'),(344,3,7,43,0,'None'),(345,3,0,44,0,'None'),(346,3,1,44,0,'None'),(347,3,2,44,0,'None'),(348,3,3,44,0,'None'),(349,3,4,44,0,'None'),(350,3,5,44,0,'None'),(351,3,6,44,0,'None'),(352,3,7,44,0,'None'),(353,3,0,45,0,'None'),(354,3,1,45,0,'None'),(355,3,2,45,0,'None'),(356,3,3,45,0,'None'),(357,3,4,45,0,'None'),(358,3,5,45,0,'None'),(359,3,6,45,0,'None'),(360,3,7,45,0,'None'),(361,3,0,46,0,'None'),(362,3,1,46,0,'None'),(363,3,2,46,0,'None'),(364,3,3,46,0,'None'),(365,3,4,46,0,'None'),(366,3,5,46,0,'None'),(367,3,6,46,0,'None'),(368,3,7,46,0,'None'),(369,3,0,47,0,'None'),(370,3,1,47,0,'None'),(371,3,2,47,0,'None'),(372,3,3,47,0,'None'),(373,3,4,47,0,'None'),(374,3,5,47,0,'None'),(375,3,6,47,0,'None'),(376,3,7,47,0,'None'),(385,3,0,49,0,'None'),(386,3,1,49,0,'None'),(387,3,2,49,0,'None'),(388,3,3,49,0,'None'),(389,3,4,49,0,'None'),(390,3,5,49,0,'None'),(391,3,6,49,0,'None'),(392,3,7,49,0,'None'),(393,3,0,50,0,'None'),(394,3,1,50,0,'None'),(395,3,2,50,0,'None'),(396,3,3,50,0,'None'),(397,3,4,50,0,'None'),(398,3,5,50,0,'None'),(399,3,6,50,0,'None'),(400,3,7,50,0,'None'),(401,3,0,51,0,'None'),(402,3,1,51,0,'None'),(403,3,2,51,0,'None'),(404,3,3,51,0,'None'),(405,3,4,51,0,'None'),(406,3,5,51,0,'None'),(407,3,6,51,0,'None'),(408,3,7,51,0,'None'),(409,3,0,52,0,'None'),(410,3,1,52,0,'None'),(411,3,2,52,0,'None'),(412,3,3,52,0,'None'),(413,3,4,52,0,'None'),(414,3,5,52,0,'None'),(415,3,6,52,0,'None'),(416,3,7,52,0,'None'),(417,3,0,53,0,'None'),(418,3,1,53,0,'None'),(419,3,2,53,0,'None'),(420,3,3,53,0,'None'),(421,3,4,53,0,'None'),(422,3,5,53,0,'None'),(423,3,6,53,0,'None'),(424,3,7,53,0,'None'),(425,3,0,54,0,'None'),(426,3,1,54,0,'None'),(427,3,2,54,0,'None'),(428,3,3,54,0,'None'),(429,3,4,54,0,'None'),(430,3,5,54,0,'None'),(431,3,6,54,0,'None'),(432,3,7,54,0,'None'),(433,3,0,55,0,'None'),(434,3,1,55,0,'None'),(435,3,2,55,0,'None'),(436,3,3,55,0,'None'),(437,3,4,55,0,'None'),(438,3,5,55,0,'None'),(439,3,6,55,0,'None'),(440,3,7,55,0,'None'),(441,3,0,56,0,'None'),(442,3,1,56,0,'None'),(443,3,2,56,0,'None'),(444,3,3,56,0,'None'),(445,3,4,56,0,'None'),(446,3,5,56,0,'None'),(447,3,6,56,0,'None'),(448,3,7,56,0,'None'),(449,3,0,57,0,'None'),(450,3,1,57,0,'None'),(451,3,2,57,0,'None'),(452,3,3,57,0,'None'),(453,3,4,57,0,'None'),(454,3,5,57,0,'None'),(455,3,6,57,0,'None'),(456,3,7,57,0,'None'),(457,3,0,58,0,'None'),(458,3,1,58,0,'None'),(459,3,2,58,0,'None'),(460,3,3,58,0,'None'),(461,3,4,58,0,'None'),(462,3,5,58,0,'None'),(463,3,6,58,0,'None'),(464,3,7,58,0,'None'),(465,3,0,59,0,'None'),(466,3,1,59,0,'None'),(467,3,2,59,0,'None'),(468,3,3,59,0,'None'),(469,3,4,59,0,'None'),(470,3,5,59,0,'None'),(471,3,6,59,0,'None'),(472,3,7,59,0,'None'),(473,3,0,60,0,'None'),(474,3,1,60,0,'None'),(475,3,2,60,0,'None'),(476,3,3,60,0,'None'),(477,3,4,60,0,'None'),(478,3,5,60,0,'None'),(479,3,6,60,0,'None'),(480,3,7,60,0,'None'),(481,3,0,61,0,'None'),(482,3,1,61,0,'None'),(483,3,2,61,0,'None'),(484,3,3,61,0,'None'),(485,3,4,61,0,'None'),(486,3,5,61,0,'None'),(487,3,6,61,0,'None'),(488,3,7,61,0,'None'),(489,3,0,62,0,'None'),(490,3,1,62,0,'None'),(491,3,2,62,0,'None'),(492,3,3,62,0,'None'),(493,3,4,62,0,'None'),(494,3,5,62,0,'None'),(495,3,6,62,0,'None'),(496,3,7,62,0,'None'),(497,3,0,63,0,'None'),(498,3,1,63,0,'None'),(499,3,2,63,0,'None'),(500,3,3,63,0,'None'),(501,3,4,63,0,'None'),(502,3,5,63,0,'None'),(503,3,6,63,0,'None'),(504,3,7,63,0,'None'),(505,3,0,64,0,'None'),(506,3,1,64,0,'None'),(507,3,2,64,0,'None'),(508,3,3,64,0,'None'),(509,3,4,64,0,'None'),(510,3,5,64,0,'None'),(511,3,6,64,0,'None'),(512,3,7,64,0,'None'),(513,3,0,65,0,'None'),(514,3,1,65,0,'None'),(515,3,2,65,0,'None'),(516,3,3,65,0,'None'),(517,3,4,65,0,'None'),(518,3,5,65,0,'None'),(519,3,6,65,0,'None'),(520,3,7,65,0,'None'),(521,3,0,66,0,'None'),(522,3,1,66,0,'None'),(523,3,2,66,0,'None'),(524,3,3,66,0,'None'),(525,3,4,66,0,'None'),(526,3,5,66,0,'None'),(527,3,6,66,0,'None'),(528,3,7,66,0,'None'),(529,3,0,67,0,'None'),(530,3,1,67,0,'None'),(531,3,2,67,0,'None'),(532,3,3,67,0,'None'),(533,3,4,67,0,'None'),(534,3,5,67,0,'None'),(535,3,6,67,0,'None'),(536,3,7,67,0,'None'),(537,3,0,68,0,'None'),(538,3,1,68,0,'None'),(539,3,2,68,0,'None'),(540,3,3,68,0,'None'),(541,3,4,68,0,'None'),(542,3,5,68,0,'None'),(543,3,6,68,0,'None'),(544,3,7,68,0,'None'),(545,3,0,69,0,'None'),(546,3,1,69,0,'None'),(547,3,2,69,0,'None'),(548,3,3,69,0,'None'),(549,3,4,69,0,'None'),(550,3,5,69,0,'None'),(551,3,6,69,0,'None'),(552,3,7,69,0,'None'),(553,3,0,70,0,'None'),(554,3,1,70,0,'None'),(555,3,2,70,0,'None'),(556,3,3,70,0,'None'),(557,3,4,70,0,'None'),(558,3,5,70,0,'None'),(559,3,6,70,0,'None'),(560,3,7,70,0,'None'),(561,3,0,71,0,'None'),(562,3,1,71,0,'None'),(563,3,2,71,0,'None'),(564,3,3,71,0,'None'),(565,3,4,71,0,'None'),(566,3,5,71,0,'None'),(567,3,6,71,0,'None'),(568,3,7,71,0,'None'),(569,3,0,72,0,'None'),(570,3,1,72,0,'None'),(571,3,2,72,0,'None'),(572,3,3,72,0,'None'),(573,3,4,72,0,'None'),(574,3,5,72,0,'None'),(575,3,6,72,0,'None'),(576,3,7,72,0,'None'),(577,3,0,73,0,'None'),(578,3,1,73,0,'None'),(579,3,2,73,0,'None'),(580,3,3,73,0,'None'),(581,3,4,73,0,'None'),(582,3,5,73,0,'None'),(583,3,6,73,0,'None'),(584,3,7,73,0,'None'),(585,3,0,74,0,'None'),(586,3,1,74,0,'None'),(587,3,2,74,0,'None'),(588,3,3,74,0,'None'),(589,3,4,74,0,'None'),(590,3,5,74,0,'None'),(591,3,6,74,0,'None'),(592,3,7,74,0,'None'),(593,3,0,75,0,'None'),(594,3,1,75,0,'None'),(595,3,2,75,0,'None'),(596,3,3,75,0,'None'),(597,3,4,75,0,'None'),(598,3,5,75,0,'None'),(599,3,6,75,0,'None'),(600,3,7,75,0,'None'),(601,3,0,76,0,'None'),(602,3,1,76,0,'None'),(603,3,2,76,0,'None'),(604,3,3,76,0,'None'),(605,3,4,76,0,'None'),(606,3,5,76,0,'None'),(607,3,6,76,0,'None'),(608,3,7,76,0,'None'),(609,3,0,77,0,'None'),(610,3,1,77,0,'None'),(611,3,2,77,0,'None'),(612,3,3,77,0,'None'),(613,3,4,77,0,'None'),(614,3,5,77,0,'None'),(615,3,6,77,0,'None'),(616,3,7,77,0,'None'),(617,3,0,78,0,'None'),(618,3,1,78,0,'None'),(619,3,2,78,0,'None'),(620,3,3,78,0,'None'),(621,3,4,78,0,'None'),(622,3,5,78,0,'None'),(623,3,6,78,0,'None'),(624,3,7,78,0,'None'),(625,3,0,79,0,'None'),(626,3,1,79,0,'None'),(627,3,2,79,0,'None'),(628,3,3,79,0,'None'),(629,3,4,79,0,'None'),(630,3,5,79,0,'None'),(631,3,6,79,0,'None'),(632,3,7,79,0,'None'),(633,3,0,80,0,'None'),(634,3,1,80,0,'None'),(635,3,2,80,0,'None'),(636,3,3,80,0,'None'),(637,3,4,80,0,'None'),(638,3,5,80,0,'None'),(639,3,6,80,0,'None'),(640,3,7,80,0,'None'),(641,3,0,81,0,'None'),(642,3,1,81,0,'None'),(643,3,2,81,0,'None'),(644,3,3,81,0,'None'),(645,3,4,81,0,'None'),(646,3,5,81,0,'None'),(647,3,6,81,0,'None'),(648,3,7,81,0,'None'),(649,3,0,82,0,'None'),(650,3,1,82,0,'None'),(651,3,2,82,0,'None'),(652,3,3,82,0,'None'),(653,3,4,82,0,'None'),(654,3,5,82,0,'None'),(655,3,6,82,0,'None'),(656,3,7,82,0,'None'),(657,3,0,83,0,'None'),(658,3,1,83,0,'None'),(659,3,2,83,0,'None'),(660,3,3,83,0,'None'),(661,3,4,83,0,'None'),(662,3,5,83,0,'None'),(663,3,6,83,0,'None'),(664,3,7,83,0,'None'),(665,3,0,84,0,'None'),(666,3,1,84,0,'None'),(667,3,2,84,0,'None'),(668,3,3,84,0,'None'),(669,3,4,84,0,'None'),(670,3,5,84,0,'None'),(671,3,6,84,0,'None'),(672,3,7,84,0,'None'),(673,3,0,85,0,'None'),(674,3,1,85,0,'None'),(675,3,2,85,0,'None'),(676,3,3,85,0,'None'),(677,3,4,85,0,'None'),(678,3,5,85,0,'None'),(679,3,6,85,0,'None'),(680,3,7,85,0,'None'),(681,3,0,86,0,'None'),(682,3,1,86,0,'None'),(683,3,2,86,0,'None'),(684,3,3,86,0,'None'),(685,3,4,86,0,'None'),(686,3,5,86,0,'None'),(687,3,6,86,0,'None'),(688,3,7,86,0,'None'),(689,3,0,87,0,'None'),(690,3,1,87,0,'None'),(691,3,2,87,0,'None'),(692,3,3,87,0,'None'),(693,3,4,87,0,'None'),(694,3,5,87,0,'None'),(695,3,6,87,0,'None'),(696,3,7,87,0,'None'),(697,3,0,88,0,'None'),(698,3,1,88,0,'None'),(699,3,2,88,0,'None'),(700,3,3,88,0,'None'),(701,3,4,88,0,'None'),(702,3,5,88,0,'None'),(703,3,6,88,0,'None'),(704,3,7,88,0,'None'),(705,3,0,89,0,'None'),(706,3,1,89,0,'None'),(707,3,2,89,0,'None'),(708,3,3,89,0,'None'),(709,3,4,89,0,'None'),(710,3,5,89,0,'None'),(711,3,6,89,0,'None'),(712,3,7,89,0,'None'),(713,3,0,90,0,'None'),(714,3,1,90,0,'None'),(715,3,2,90,0,'None'),(716,3,3,90,0,'None'),(717,3,4,90,0,'None'),(718,3,5,90,0,'None'),(719,3,6,90,0,'None'),(720,3,7,90,0,'None'),(721,3,0,91,0,'None'),(722,3,1,91,0,'None'),(723,3,2,91,0,'None'),(724,3,3,91,0,'None'),(725,3,4,91,0,'None'),(726,3,5,91,0,'None'),(727,3,6,91,0,'None'),(728,3,7,91,0,'None'),(729,3,0,92,0,'None'),(730,3,1,92,0,'None'),(731,3,2,92,0,'None'),(732,3,3,92,0,'None'),(733,3,4,92,0,'None'),(734,3,5,92,0,'None'),(735,3,6,92,0,'None'),(736,3,7,92,0,'None'),(737,3,0,93,0,'None'),(738,3,1,93,0,'None'),(739,3,2,93,0,'None'),(740,3,3,93,0,'None'),(741,3,4,93,0,'None'),(742,3,5,93,0,'None'),(743,3,6,93,0,'None'),(744,3,7,93,0,'None'),(745,3,0,94,0,'None'),(746,3,1,94,0,'None'),(747,3,2,94,0,'None'),(748,3,3,94,0,'None'),(749,3,4,94,0,'None'),(750,3,5,94,0,'None'),(751,3,6,94,0,'None'),(752,3,7,94,0,'None'),(753,3,0,95,0,'None'),(754,3,1,95,0,'None'),(755,3,2,95,0,'None'),(756,3,3,95,0,'None'),(757,3,4,95,0,'None'),(758,3,5,95,0,'None'),(759,3,6,95,0,'None'),(760,3,7,95,0,'None'),(761,3,0,96,0,'None'),(762,3,1,96,0,'None'),(763,3,2,96,0,'None'),(764,3,3,96,0,'None'),(765,3,4,96,0,'None'),(766,3,5,96,0,'None'),(767,3,6,96,0,'None'),(768,3,7,96,0,'None'),(769,3,0,97,0,'None'),(770,3,1,97,0,'None'),(771,3,2,97,0,'None'),(772,3,3,97,0,'None'),(773,3,4,97,0,'None'),(774,3,5,97,0,'None'),(775,3,6,97,0,'None'),(776,3,7,97,0,'None'),(777,3,0,98,0,'None'),(778,3,1,98,0,'None'),(779,3,2,98,0,'None'),(780,3,3,98,0,'None'),(781,3,4,98,0,'None'),(782,3,5,98,0,'None'),(783,3,6,98,0,'None'),(784,3,7,98,0,'None'),(785,3,0,99,0,'None'),(786,3,1,99,0,'None'),(787,3,2,99,0,'None'),(788,3,3,99,0,'None'),(789,3,4,99,0,'None'),(790,3,5,99,0,'None'),(791,3,6,99,0,'None'),(792,3,7,99,0,'None'),(793,3,0,100,0,'None'),(794,3,1,100,0,'None'),(795,3,2,100,0,'None'),(796,3,3,100,0,'None'),(797,3,4,100,0,'None'),(798,3,5,100,0,'None'),(799,3,6,100,0,'None'),(800,3,7,100,0,'None'),(801,3,0,101,0,'None'),(802,3,1,101,0,'None'),(803,3,2,101,0,'None'),(804,3,3,101,0,'None'),(805,3,4,101,0,'None'),(806,3,5,101,0,'None'),(807,3,6,101,0,'None'),(808,3,7,101,0,'None'),(809,3,0,102,0,'None'),(810,3,1,102,0,'None'),(811,3,2,102,0,'None'),(812,3,3,102,0,'None'),(813,3,4,102,0,'None'),(814,3,5,102,0,'None'),(815,3,6,102,0,'None'),(816,3,7,102,0,'None'),(817,3,0,103,0,'None'),(818,3,1,103,0,'None'),(819,3,2,103,0,'None'),(820,3,3,103,0,'None'),(821,3,4,103,0,'None'),(822,3,5,103,0,'None'),(823,3,6,103,0,'None'),(824,3,7,103,0,'None');
/*!40000 ALTER TABLE `kvart` ENABLE KEYS */;
UNLOCK TABLES;

--
-- Table structure for table `nakazania`
--

DROP TABLE IF EXISTS `nakazania`;
/*!40101 SET @saved_cs_client     = @@character_set_client */;
/*!50503 SET character_set_client = utf8mb4 */;
CREATE TABLE `nakazania` (
  `id` int NOT NULL PRIMARY KEY AUTO_INCREMENT,
  `AdminName` varchar(24) NOT NULL,
  `Name` varchar(24) NOT NULL,
  `AdminId` int NOT NULL,
  `AccountId` int NOT NULL,
  `Date` varchar(24) NOT NULL,
  `Time` int NOT NULL,
  `Reason` varchar(256) NOT NULL,
  `Type` varchar(24) NOT NULL
) ENGINE=InnoDB DEFAULT CHARSET=utf8mb4 COLLATE=utf8mb4_general_ci;
/*!40101 SET character_set_client = @saved_cs_client */;

--
-- Dumping data for table `nakazania`
--

--
-- Table structure for table `name_log`
--

DROP TABLE IF EXISTS `name_log`;
/*!40101 SET @saved_cs_client     = @@character_set_client */;
/*!50503 SET character_set_client = utf8mb4 */;
CREATE TABLE `name_log` (
  `nID` int NOT NULL AUTO_INCREMENT,
  `nAccountId` int NOT NULL,
  `nOldName` varchar(26) NOT NULL,
  `nNewName` varchar(26) NOT NULL,
  `nDate` date NOT NULL,
  PRIMARY KEY (`nID`)
) ENGINE=InnoDB AUTO_INCREMENT=10 DEFAULT CHARSET=utf8;
/*!40101 SET character_set_client = @saved_cs_client */;

--
-- Dumping data for table `name_log`
--

--
-- Table structure for table `org_history`
--

DROP TABLE IF EXISTS `org_history`;
/*!40101 SET @saved_cs_client     = @@character_set_client */;
/*!50503 SET character_set_client = utf8mb4 */;
CREATE TABLE `org_history` (
  `id` bigint NOT NULL AUTO_INCREMENT,
  `date` bigint NOT NULL DEFAULT '0',
  `account_id` int NOT NULL DEFAULT '0',
  `org_id` smallint NOT NULL DEFAULT '0',
  `action_type` int NOT NULL DEFAULT '0',
  `data` varchar(144) NOT NULL,
  PRIMARY KEY (`id`)
) ENGINE=InnoDB AUTO_INCREMENT=138 DEFAULT CHARSET=utf8mb4 COLLATE=utf8mb4_general_ci;
/*!40101 SET character_set_client = @saved_cs_client */;

--
-- Dumping data for table `org_history`
--

LOCK TABLES `org_history` WRITE;
/*!40000 ALTER TABLE `org_history` DISABLE KEYS */;
INSERT INTO `org_history` VALUES (11,1641319353,71,2,2,'1'),(12,1641319543,49,1,2,'ëîç'),(13,1641319640,49,1,2,'ãåé'),(14,1641319697,49,0,5,'1'),(15,1641319700,49,0,5,'1'),(16,1641319752,49,0,5,'1'),(17,1641319752,49,0,2,'ñèñòåìíîå óâîëüíåíèå (òðè âûãîâîðà)'),(18,1641319775,49,1,5,'1'),(19,1641319776,49,1,5,'1'),(20,1641319966,49,1,6,' '),(21,1641319973,49,1,5,'1'),(22,1641319974,49,1,5,'1'),(23,1641319976,49,1,6,' '),(24,1641319986,49,1,5,'1'),(25,1641319987,49,1,5,'1'),(26,1641319987,49,1,2,'ñèñòåìíîå óâîëüíåíèå (òðè âûãîâîðà)'),(27,1641320020,49,1,1,' '),(28,1641320053,71,1,2,'èãðîâîå ïðåäóïðåæäåíèå'),(29,1641320308,54,1,5,'âûãîâîð îôôëàéí'),(30,1641320309,54,1,5,'âûãîâîð îôôëàéí'),(31,1641320310,54,1,5,'âûãîâîð îôôëàéí'),(32,1641320310,54,1,2,'ñèñòåìíîå óâîëüíåíèå èç-çà òðåõ âûãîâîðîâ(îôôëàéí)'),(33,1641320331,54,1,2,'Õàé'),(34,1641320383,49,8,1,' '),(35,1641320390,49,8,3,'2'),(36,1641320391,49,8,3,'3'),(37,1641320392,49,8,3,'4'),(38,1641320393,49,8,3,'5'),(39,1641320394,49,8,3,'6'),(40,1641320395,49,8,3,'7'),(41,1641320396,49,8,3,'8'),(42,1641320397,49,8,3,'9'),(43,1641321965,71,8,1,' '),(44,1641322200,71,8,1,' '),(45,1641322204,71,8,2,'ïî ñîáñòâåííîìó æåëàíèþ'),(46,1641322245,71,1,2,'ïî ñîáñòâåííîìó æåëàíèþ'),(47,1641322272,71,1,2,'ïî ñîáñòâåííîìó æåëàíèþ'),(48,1641322360,71,8,1,' '),(49,1641322368,71,8,3,'2'),(50,1641322371,71,8,4,'1'),(51,1641322379,71,8,3,'2'),(52,1641322380,71,8,3,'3'),(53,1641322381,71,8,3,'4'),(54,1641322382,71,8,3,'5'),(55,1641322385,71,8,4,'4'),(56,1641322386,71,8,3,'5'),(57,1641322387,71,8,3,'6'),(58,1641322388,71,8,3,'7'),(59,1641322390,71,8,4,'6'),(60,1641322391,71,8,3,'7'),(61,1641322392,71,8,3,'8'),(62,1641322394,71,8,4,'7'),(63,1641322396,71,8,3,'8'),(64,1641322413,71,8,4,'7'),(65,1641322421,71,8,3,'8'),(66,1641322423,71,8,3,'9'),(67,1641322427,71,8,4,'8'),(68,1641322428,71,8,3,'9'),(69,1641322614,71,1,1,' '),(70,1641322628,71,1,2,'ïî ñîáñòâåííîìó æåëàíèþ'),(71,1641398217,49,3,1,' '),(72,1641398249,49,3,2,'ïèäîð'),(73,1641416391,71,8,2,'1'),(74,1641416410,71,8,1,' '),(75,1641416419,71,8,3,'2'),(76,1641416420,71,8,3,'3'),(77,1641416421,71,8,3,'4'),(78,1641416422,71,8,3,'5'),(79,1641416425,71,8,4,'4'),(80,1641416427,71,8,3,'5'),(81,1641416428,71,8,3,'6'),(82,1641416432,71,8,3,'7'),(83,1641416433,71,8,4,'6'),(84,1641416435,71,8,3,'7'),(85,1641416436,71,8,3,'8'),(86,1641416437,71,8,3,'9'),(87,1641416439,71,8,4,'8'),(88,1641416440,71,8,4,'7'),(89,1641416442,71,8,3,'8'),(90,1641416444,71,8,3,'9'),(91,1641416475,49,2,1,' '),(92,1641416476,49,2,3,'2'),(93,1641416477,49,2,3,'3'),(94,1641416478,49,2,3,'4'),(95,1641416479,49,2,3,'5'),(96,1641416480,49,2,3,'6'),(97,1641416481,49,2,3,'7'),(98,1641416482,49,2,3,'8'),(99,1641416483,49,2,3,'9'),(100,1641416491,49,2,4,'8'),(101,1641416491,71,2,2,'1'),(102,1641416616,71,8,2,'1'),(103,1641485890,76,8,1,' '),(104,1641485929,76,8,3,'2'),(105,1641485931,76,8,3,'3'),(106,1641485932,76,8,3,'4'),(107,1641485933,76,8,3,'5'),(108,1641485934,76,8,3,'6'),(109,1641485935,76,8,3,'7'),(110,1641485936,76,8,3,'8'),(111,1641485940,76,8,3,'9'),(112,1641489744,76,8,4,'8'),(113,1641489748,76,8,3,'9'),(114,1641495064,78,5,1,' '),(115,1641495148,78,5,3,'2'),(116,1641495149,78,5,3,'3'),(117,1641495150,78,5,3,'4'),(118,1641495151,78,5,3,'5'),(119,1641495153,78,5,3,'6'),(120,1641495156,78,5,3,'7'),(121,1641496105,71,8,1,' '),(122,1641496124,71,8,3,'2'),(123,1641496126,71,8,3,'3'),(124,1641496127,71,8,3,'4'),(125,1641496128,71,8,3,'5'),(126,1641496129,71,8,3,'6'),(127,1641496130,71,8,3,'7'),(128,1641496131,71,8,3,'8'),(129,1641508485,81,3,1,' '),(130,1641508495,81,3,3,'2'),(131,1641508496,81,3,3,'3'),(132,1641508497,81,3,3,'4'),(133,1641508498,81,3,3,'5'),(134,1641508499,81,3,3,'6'),(135,1641508500,81,3,3,'7'),(136,1641508503,81,3,3,'8'),(137,1641512068,49,5,1,' ');
/*!40000 ALTER TABLE `org_history` ENABLE KEYS */;
UNLOCK TABLES;

--
-- Table structure for table `other`
--

DROP TABLE IF EXISTS `other`;
/*!40101 SET @saved_cs_client     = @@character_set_client */;
/*!50503 SET character_set_client = utf8mb4 */;
CREATE TABLE `other` (
  `miner_zp` int NOT NULL,
  `loader_zp` int NOT NULL,
  `diver_zp` int NOT NULL,
  `XDay` int NOT NULL,
  `SpeedHack_AC` int NOT NULL,
  `server_pass_status` int NOT NULL,
  `server_pass` varchar(24) NOT NULL DEFAULT 'None',
  `dm` int NOT NULL DEFAULT '1',
  `db` int NOT NULL DEFAULT '1',
  `mg` int NOT NULL DEFAULT '1',
  `epp` int NOT NULL DEFAULT '1',
  `nonrp` int NOT NULL DEFAULT '1',
  `drive` int NOT NULL DEFAULT '1',
  `caps` int NOT NULL DEFAULT '1',
  `flood` int NOT NULL DEFAULT '1',
  `offtop` int NOT NULL DEFAULT '1',
  `smiMoney` int NOT NULL DEFAULT '0',
  `next_contraband_time` int NOT NULL DEFAULT '0'
) ENGINE=InnoDB DEFAULT CHARSET=utf8mb4 COLLATE=utf8mb4_general_ci;
/*!40101 SET character_set_client = @saved_cs_client */;

--
-- Dumping data for table `other`
--

LOCK TABLES `other` WRITE;
/*!40000 ALTER TABLE `other` DISABLE KEYS */;
INSERT INTO `other` VALUES (4,50,100,1,0,0,'None',10,10,10,10,10,10,10,15,10,760,1641753893);
/*!40000 ALTER TABLE `other` ENABLE KEYS */;
UNLOCK TABLES;

--
-- Table structure for table `ownable_cars`
--

DROP TABLE IF EXISTS `ownable_cars`;
/*!40101 SET @saved_cs_client     = @@character_set_client */;
/*!50503 SET character_set_client = utf8mb4 */;
CREATE TABLE `ownable_cars` (
  `id` int NOT NULL AUTO_INCREMENT,
  `owner_id` int NOT NULL DEFAULT '0',
  `model_id` int NOT NULL DEFAULT '400',
  `color` varchar(10) NOT NULL DEFAULT '0, 0',
  `number` varchar(32) NOT NULL DEFAULT 'None',
  `mileage` float NOT NULL DEFAULT '0',
  `lock` int NOT NULL DEFAULT '0',
  `fuel` float NOT NULL DEFAULT '80',
  `health` float NOT NULL DEFAULT '1000',
  `weels` int NOT NULL DEFAULT '0',
  `nitro` int NOT NULL DEFAULT '0',
  `cost_car` int NOT NULL DEFAULT '100',
  PRIMARY KEY (`id`)
) ENGINE=InnoDB AUTO_INCREMENT=161 DEFAULT CHARSET=utf8;
/*!40101 SET character_set_client = @saved_cs_client */;

--
-- Dumping data for table `ownable_cars`
--

LOCK TABLES `ownable_cars` WRITE;
/*!40000 ALTER TABLE `ownable_cars` DISABLE KEYS */;
INSERT INTO `ownable_cars` VALUES (35,71,426,'6,0','ADMIN',5.48314,0,67,1000,0,0,8000000),(51,49,558,'0,0','ÔÑÁ',52.9197,0,56,964.928,0,1010,2000),(53,71,534,'0,0','MORGAN',0.019184,0,68,1000,0,0,500000),(54,49,463,'0,0','KING',9.2091,0,34,870.646,0,1010,1000),(101,71,463,'3,0','A666D',14.2922,0,68,709.817,0,0,1),(110,71,494,'6,1','K666K',40.1212,0,45,730,0,1010,1),(112,71,489,'0,0','O111O',0.438757,0,79,1000,0,0,1),(113,49,502,'1,0','Elon_Musk',25.4141,0,41,846.393,0,1010,1),(118,71,491,'0,0','A222MR',0.156975,0,73,1000,0,0,1),(119,71,587,'0,1','E111KX',65.3453,0,23,398,0,0,1),(122,54,400,'1, 0','None',0,0,80,1000,0,0,1000000),(123,54,522,'0,0','None',0.647867,0,77,964.621,0,0,0),(124,54,400,'1, 0','None',0,0,80,1000,0,0,1000000),(126,75,503,'6,1','X000XX',17.9194,0,58,1000,0,1010,-10000000),(129,49,503,'0,0','null',338.232,0,56,719.834,0,1010,1),(131,78,492,'1,0','None',0.367053,0,78,1000,0,0,130000),(132,76,541,'0,0','À228ÓÅ',16.3508,0,67,724.769,0,0,3000000),(135,79,558,'0, 0','None',0,0,80,1000,0,0,1),(136,71,555,'0, 0','None',0,0,80,1000,0,0,1),(137,71,558,'0,0','None',0.000193,0,0,1000,0,0,1),(138,75,558,'0, 0','None',0,0,80,1000,0,0,1),(139,64,400,'1,0','None',0,0,80,1000,0,0,1000000),(150,64,511,'0, 0','None',0,0,80,1000,0,0,1);
/*!40000 ALTER TABLE `ownable_cars` ENABLE KEYS */;
UNLOCK TABLES;

--
-- Table structure for table `podezd`
--

DROP TABLE IF EXISTS `podezd`;
/*!40101 SET @saved_cs_client     = @@character_set_client */;
/*!50503 SET character_set_client = utf8mb4 */;
CREATE TABLE `podezd` (
  `pod_id` int NOT NULL AUTO_INCREMENT,
  `pod_x` float NOT NULL DEFAULT '0',
  `pod_y` float NOT NULL DEFAULT '0',
  `pod_z` float NOT NULL DEFAULT '0',
  `a_car_pos_x` float NOT NULL DEFAULT '0',
  `a_car_pos_y` float NOT NULL DEFAULT '0',
  `a_car_pos_z` float NOT NULL DEFAULT '0',
  `a_car_pos_a` float NOT NULL DEFAULT '0',
  PRIMARY KEY (`pod_id`)
) ENGINE=InnoDB AUTO_INCREMENT=104 DEFAULT CHARSET=utf8;
/*!40101 SET character_set_client = @saved_cs_client */;

--
-- Dumping data for table `podezd`
--

LOCK TABLES `podezd` WRITE;
/*!40000 ALTER TABLE `podezd` DISABLE KEYS */;
INSERT INTO `podezd` VALUES (2,2128.25,1860.09,12.1697,2124.17,1854.71,12.2165,89.7724),(3,2128.25,1841.51,12.1697,2124.08,1836.35,12.2121,89.5963),(4,2128.25,1822.9,12.1697,2124.11,1819.06,11.8662,90.2771),(5,1751.54,2419.84,15.3593,1756.88,2418.21,15.1358,214.258),(6,1748.59,2409.31,15.3593,1753.88,2408.65,15.1359,303.341),(7,1758.03,2394.92,15.3501,1763.82,2395.37,15.0973,304.272),(8,1767.16,2381.44,15.299,1774.09,2380.18,15.0438,303.947),(9,1793.38,2400.6,15.3096,1790.16,2393.92,15.0505,125.179),(10,1787.68,2409.32,15.3177,1785.44,2403.25,15.0471,125.831),(11,1806.49,2372.31,15.3593,1793.69,2359.47,15.1357,213.666),(12,1825.51,2343.83,15.3514,1817.26,2338.03,15.1358,303.266),(13,1834.29,2330.36,15.3553,1826.11,2325.01,15.128,301.74),(14,1840.33,2302.29,15.2572,1836.38,2306.28,15.0901,117.167),(15,1845.23,2294.07,15.2572,1843.73,2298.85,15.038,207.56),(16,1847.36,2290.31,15.2572,1850.79,2287.17,15.0651,34.8544),(17,1857.77,2297.62,15.2572,1858.48,2292.05,15.0214,29.5882),(18,1852.68,2305.81,15.2572,1853.19,2300.64,15.0339,32.4901),(19,1850.5,2309.49,15.2572,1849.7,2314.19,15.1054,118.879),(20,1859.76,2198.57,15.9369,1843.36,2195.32,15.4362,181.335),(21,1859.48,2164.48,15.9369,1855.05,2169.29,15.6706,358.512),(22,1859.68,2148.44,15.9983,1854.68,2153.83,15.7131,358.637),(23,1814.33,2165.3,15.5891,1808.74,2159.29,15.38,1.87961),(24,1814.38,2181.77,15.5886,1809.17,2174.64,15.3977,0.342204),(25,1790.17,2179.4,16.0557,1794.7,2173.8,15.7186,0.750369),(26,1790.43,2163.29,15.9916,1794.92,2157.81,15.7129,0.78484),(27,2560.44,-1794.94,22.0497,2565.32,-1791.34,21.6967,268.612),(28,2560.45,-1813.49,22.0497,2565.18,-1809.9,21.6963,270.109),(29,2560.45,-1831.96,22.0497,2565.19,-1828.09,21.6966,272.258),(30,2560.45,-1850.59,22.0497,2565.73,-1847.31,21.6961,270.899),(31,2416.84,-1913.97,22.0043,2435.9,-1906.58,21.7806,90.3612),(32,2416.75,-1926.12,22.0043,2436.78,-1912.81,21.7807,93.0404),(33,2416.73,-1938.08,22.0043,2441.5,-1942.18,21.7807,2.75286),(34,2426.81,-1945.62,22.0043,2437.1,-1942.33,21.78,2.40759),(35,2414.96,-1966.91,22.0043,0,0,0,0),(36,2401.25,-2027.64,22.101,2409.87,-2027.27,21.6461,1.1898),(37,2401.04,-2046.23,22.101,2410.1,-2045.87,21.6473,1.04333),(38,2401.25,-2064.81,22.101,2409.67,-2064.61,21.6465,1.03249),(39,2401.22,-2083.29,22.101,2409.95,-2083.81,21.6447,0.60381),(40,2443.09,-2115.74,22.1197,2436.83,-2100.66,21.5586,89.5474),(41,2436.45,-2131.89,22.1197,2436.32,-2106.88,21.5587,90.0911),(43,2407.95,-2131.7,22.1197,2435.94,-2113.01,21.5588,91.5727),(44,2335.92,-2083.15,22.101,2344.68,-2083.27,21.6462,3.49786),(45,2335.93,-2064.68,22.101,2344.8,-2064.61,21.6467,0.94223),(46,2335.97,-2046.12,22.101,2344.61,-2046.03,21.6471,0.869102),(47,2335.97,-2027.63,22.101,2344.5,-2027.17,21.6463,0.527253),(49,2148.08,-2309.31,21.95,2152.65,-2315.05,21.7266,183.312),(50,2162.56,-2309.32,21.95,2167.61,-2315.03,21.7265,182.834),(51,2177.62,-2309.32,21.95,2181.31,-2314.59,21.7267,182.365),(52,2096.92,-2364.34,22.4377,2102.28,-2368.11,21.7263,180.209),(53,2111.78,-2364.35,22.4377,2116.62,-2368.44,21.7266,179.839),(54,2126.89,-2364.34,22.4377,2131.9,-2368.87,21.7266,181.248),(55,2155.42,-2392.05,22.0402,2155.7,-2384.92,21.6117,269.802),(56,2142.21,-2364.34,22.4377,2148.25,-2368.84,21.7262,179.816),(57,2168.37,-2362.07,22.4377,2163.44,-2366.56,21.7264,180.649),(58,2178.64,-2392.24,22.0557,2178.11,-2385.23,21.6161,268.343),(59,2183.32,-2362.07,22.4377,2179.65,-2365.62,21.7268,180.301),(60,2211.15,-2392.24,22.0557,2210.46,-2385.04,21.6136,270.648),(61,2198.54,-2362.08,22.4377,2193.6,-2365.71,21.7267,179.674),(62,2234.04,-2392.14,22.0478,2231.58,-2383.98,21.6112,295.535),(63,2213.53,-2362.07,22.4377,2209.62,-2365.54,21.7362,180.846),(64,2640.68,-2411.81,22.5529,2651.48,-2412.32,21.6443,358.23),(65,2640.4,-2396,22.5452,2651.53,-2395.79,21.6431,0.697415),(66,2640.4,-2380.06,22.5452,2650.99,-2379.75,21.6413,1.70998),(67,2640.34,-2214.21,22.5529,2651.63,-2214.55,21.6456,359.089),(68,2640.4,-2364,22.5529,2651.07,-2363.71,21.6465,357.484),(69,2640.33,-2230.15,22.5452,2651.56,-2230.82,21.6447,0.314242),(70,2640.4,-2337.21,22.5452,2651.69,-2337.3,21.6472,359.357),(71,2640.41,-2321.1,22.5452,2651.53,-2321.4,21.6409,4.1458),(72,2640.31,-2245.94,22.5452,2651.3,-2245.66,21.6442,2.9082),(73,2640.18,-2262.03,22.5452,2651.7,-2263.33,21.6452,0.935017),(74,2640.17,-2289.22,22.5529,2651.69,-2289.96,21.6468,1.1275),(75,2640.4,-2305.25,22.5452,2651.59,-2305.28,21.6429,2.37504),(76,1740.29,-2324.87,11.4047,1726.45,-2335.91,10.5821,269.238),(77,1740.3,-2348.75,11.4047,1726.55,-2349.43,10.5822,270.574),(78,1740.29,-2372.68,11.4047,1726.12,-2373.29,10.582,268.679),(79,1780.13,-2416.07,11.4047,1766.24,-2424.38,10.5823,270.219),(80,1780.22,-2440.13,11.4047,1766.33,-2441.25,10.582,268.307),(81,1780.17,-2464.27,11.4047,1766.63,-2465.13,10.5823,269.449),(82,1819.69,-2508.41,11.4047,1815.27,-2516.76,10.6739,0.322953),(83,1819.69,-2532.01,11.4047,1815.78,-2537.57,10.6738,1.64577),(84,1819.68,-2556.43,11.4047,1815.64,-2563.48,10.6741,0.018819),(85,2128.25,1804.37,12.1697,2123.48,1799.75,11.8661,91.0701),(86,2128.18,1779.39,12.1697,2124.39,1774.62,11.8663,92.045),(87,2128.18,1760.82,12.1697,2122.83,1756.7,11.8666,89.1389),(88,2128.18,1742.25,12.1697,2122.84,1737.41,11.8665,91.6907),(89,2128.18,1723.63,12.1697,2122.6,1718.84,11.8666,90.9108),(90,2127.24,1708.71,12.2034,2121.08,1713.22,11.8667,89.1908),(91,2127.24,1690.72,12.2034,2123.37,1687.61,11.8661,92.849),(92,2127.24,1669.96,12.2034,2122.01,1673.41,11.8765,89.2723),(93,2096.96,1669.86,12.2034,2101.47,1674.18,11.8756,269.728),(94,2096.96,1687.7,12.2034,2101.92,1691.43,11.8666,270.556),(95,2096.95,1708.4,12.2034,2102.81,1712.82,11.8666,269.494),(96,2095.99,1723.5,12.1697,2100.93,1718.65,11.8663,269.63),(97,2095.99,1742.07,12.1697,2101.87,1736.58,11.8666,269.619),(98,2095.99,1760.65,12.1697,2101.38,1755.32,11.8663,268.898),(99,2095.99,1779.22,12.1697,2101.34,1773.73,11.8662,269.644),(100,2095.91,1804.15,12.1697,2101.78,1798.66,11.8667,268.307),(101,2095.9,1822.78,12.1697,2101.54,1817.47,11.8665,268.778),(102,2095.9,1841.31,12.1697,2101.03,1836.03,11.8667,267.99),(103,2095.9,1859.97,12.1697,2100.71,1854.61,11.8662,270.256);
/*!40000 ALTER TABLE `podezd` ENABLE KEYS */;
UNLOCK TABLES;

--
-- Table structure for table `radars`
--

DROP TABLE IF EXISTS `radars`;
/*!40101 SET @saved_cs_client     = @@character_set_client */;
/*!50503 SET character_set_client = utf8mb4 */;
CREATE TABLE `radars` (
  `radar_id` int NOT NULL AUTO_INCREMENT,
  `radar_set` varchar(32) NOT NULL DEFAULT 'Unigva RolePlay',
  `radar_type` int NOT NULL DEFAULT '1',
  `radar_speed` int NOT NULL DEFAULT '60',
  `radar_x` float NOT NULL,
  `radar_y` float NOT NULL,
  `radar_z` float NOT NULL,
  `radar_a` float NOT NULL,
  PRIMARY KEY (`radar_id`)
) ENGINE=InnoDB AUTO_INCREMENT=8 DEFAULT CHARSET=utf8;
/*!40101 SET character_set_client = @saved_cs_client */;

--
-- Dumping data for table `radars`
--

LOCK TABLES `radars` WRITE;
/*!40000 ALTER TABLE `radars` DISABLE KEYS */;
INSERT INTO `radars` VALUES (2,'Eduard_Dobbikov',2,60,1972.67,1898.3,14.49,-176.7),(3,'Eduard_Dobbikov',2,60,2757.23,-1382.47,22.3077,177.8),(4,'Eduard_Dobbikov',2,60,2736.75,-1383.26,22.1959,0),(6,'Kudasai_Volkov',1,20,1553.69,2959.95,10.88,0),(7,'Kudasai_Volkov',1,20,1524.51,2959.98,10.92,0);
/*!40000 ALTER TABLE `radars` ENABLE KEYS */;
UNLOCK TABLES;

--
-- Table structure for table `referals`
--

DROP TABLE IF EXISTS `referals`;
/*!40101 SET @saved_cs_client     = @@character_set_client */;
/*!50503 SET character_set_client = utf8mb4 */;
CREATE TABLE `referals` (
  `login` varchar(24) NOT NULL,
  `login_invited` varchar(24) NOT NULL
) ENGINE=InnoDB DEFAULT CHARSET=utf8mb4 COLLATE=utf8mb4_general_ci;
/*!40101 SET character_set_client = @saved_cs_client */;

--
-- Dumping data for table `referals`
--

LOCK TABLES `referals` WRITE;
/*!40000 ALTER TABLE `referals` DISABLE KEYS */;
INSERT INTO `referals` VALUES ('Eduard_Dobbikov','Otto_Ototot');
/*!40000 ALTER TABLE `referals` ENABLE KEYS */;
UNLOCK TABLES;

--
-- Table structure for table `repositories`
--

DROP TABLE IF EXISTS `repositories`;
/*!40101 SET @saved_cs_client     = @@character_set_client */;
/*!50503 SET character_set_client = utf8mb4 */;
CREATE TABLE `repositories` (
  `army_met` int NOT NULL DEFAULT '0',
  `army_patr` int NOT NULL DEFAULT '0',
  `OPG_O_METALL` int NOT NULL DEFAULT '0',
  `OPG_O_PATRON` int NOT NULL DEFAULT '0',
  `OPG_O_DRUGS` int NOT NULL DEFAULT '0',
  `OPG_O_STATUS` int NOT NULL DEFAULT '0',
  `OPG_S_METALL` int NOT NULL DEFAULT '0',
  `OPG_S_PATRON` int NOT NULL DEFAULT '0',
  `OPG_S_DRUGS` int NOT NULL DEFAULT '0',
  `OPG_S_STATUS` int NOT NULL DEFAULT '0',
  `OPG_O_MONEY` int NOT NULL DEFAULT '0',
  `OPG_S_MONEY` int NOT NULL DEFAULT '0',
  `ALL_NARKO` int NOT NULL
) ENGINE=InnoDB DEFAULT CHARSET=utf8mb4 COLLATE=utf8mb4_general_ci;
/*!40101 SET character_set_client = @saved_cs_client */;

--
-- Dumping data for table `repositories`
--

LOCK TABLES `repositories` WRITE;
/*!40000 ALTER TABLE `repositories` DISABLE KEYS */;
INSERT INTO `repositories` VALUES (5015,9591,5000,5000,5500,0,5000,5000,5000,1,120000,18526,0);
/*!40000 ALTER TABLE `repositories` ENABLE KEYS */;
UNLOCK TABLES;

--
-- Table structure for table `toilets`
--

DROP TABLE IF EXISTS `toilets`;
/*!40101 SET @saved_cs_client     = @@character_set_client */;
/*!50503 SET character_set_client = utf8mb4 */;
CREATE TABLE `toilets` (
  `tID` int NOT NULL AUTO_INCREMENT,
  `tEnterX` float NOT NULL,
  `tEnterY` float NOT NULL,
  `tEnterZ` float NOT NULL,
  PRIMARY KEY (`tID`)
) ENGINE=InnoDB AUTO_INCREMENT=18 DEFAULT CHARSET=utf8;
/*!40101 SET character_set_client = @saved_cs_client */;

--
-- Dumping data for table `toilets`
--

LOCK TABLES `toilets` WRITE;
/*!40000 ALTER TABLE `toilets` DISABLE KEYS */;
INSERT INTO `toilets` VALUES (1,1840.18,2511.91,15.6639),(2,1840.95,2510.7,15.6639),(3,1841.72,2509.56,15.6639),(4,1899.24,1701.68,15.8325),(5,1899.24,1703.14,15.8325),(6,1779.56,2245.96,15.7828),(7,1778.03,2245.95,15.8113),(8,1776.54,2245.95,15.8389),(9,2013.45,1953.54,15.51),(10,2015.04,1953.54,15.51),(11,2016.62,1953.54,15.51),(12,2339.42,2024.9,15.99),(13,2340.89,2025.15,15.99),(14,2342.24,2025.38,15.99),(15,2812.04,-1386.53,2.91506),(16,2086.75,1796.31,12.09),(17,2086.76,1794.94,12.09);
/*!40000 ALTER TABLE `toilets` ENABLE KEYS */;
UNLOCK TABLES;

--
-- Table structure for table `unwarn`
--

DROP TABLE IF EXISTS `unwarn`;
/*!40101 SET @saved_cs_client     = @@character_set_client */;
/*!50503 SET character_set_client = utf8mb4 */;
CREATE TABLE `unwarn` (
  `UnWarnDate` int NOT NULL,
  `Nick` varchar(32) NOT NULL
) ENGINE=InnoDB DEFAULT CHARSET=utf8mb4 COLLATE=utf8mb4_general_ci;
/*!40101 SET character_set_client = @saved_cs_client */;

--
-- Dumping data for table `unwarn`
--

LOCK TABLES `unwarn` WRITE;
/*!40000 ALTER TABLE `unwarn` DISABLE KEYS */;
INSERT INTO `unwarn` VALUES (1588689899,'Elliot_Dobbikov');
/*!40000 ALTER TABLE `unwarn` ENABLE KEYS */;
UNLOCK TABLES;
/*!40103 SET TIME_ZONE=@OLD_TIME_ZONE */;

/*!40101 SET SQL_MODE=@OLD_SQL_MODE */;
/*!40014 SET FOREIGN_KEY_CHECKS=@OLD_FOREIGN_KEY_CHECKS */;
/*!40014 SET UNIQUE_CHECKS=@OLD_UNIQUE_CHECKS */;
/*!40101 SET CHARACTER_SET_CLIENT=@OLD_CHARACTER_SET_CLIENT */;
/*!40101 SET CHARACTER_SET_RESULTS=@OLD_CHARACTER_SET_RESULTS */;
/*!40101 SET COLLATION_CONNECTION=@OLD_COLLATION_CONNECTION */;
/*!40111 SET SQL_NOTES=@OLD_SQL_NOTES */;

-- Dump completed on 2022-01-08 15:59:29
