-- phpMyAdmin SQL Dump
-- version 3.5.1
-- http://www.phpmyadmin.net
--
-- Хост: 127.0.0.1
-- Время создания: Янв 14 2021 г., 16:15
-- Версия сервера: 5.5.25
-- Версия PHP: 5.3.13

SET SQL_MODE="NO_AUTO_VALUE_ON_ZERO";
SET time_zone = "+00:00";


/*!40101 SET @OLD_CHARACTER_SET_CLIENT=@@CHARACTER_SET_CLIENT */;
/*!40101 SET @OLD_CHARACTER_SET_RESULTS=@@CHARACTER_SET_RESULTS */;
/*!40101 SET @OLD_COLLATION_CONNECTION=@@COLLATION_CONNECTION */;
/*!40101 SET NAMES utf8 */;

--
-- База данных: `fixunigvacrmpbase`
--

-- --------------------------------------------------------

--
-- Структура таблицы `accounts`
--

CREATE TABLE IF NOT EXISTS `accounts` (
  `pID` int(11) NOT NULL AUTO_INCREMENT,
  `pName` varchar(26) NOT NULL DEFAULT 'None',
  `pKey` varchar(128) NOT NULL DEFAULT '0',
  `pPinCode` int(8) NOT NULL DEFAULT '0',
  `pSex` int(1) NOT NULL DEFAULT '1',
  `pChar` int(3) NOT NULL DEFAULT '14',
  `pCash` int(20) NOT NULL DEFAULT '0',
  `pBCash` int(11) NOT NULL DEFAULT '0',
  `pEmail` varchar(42) NOT NULL DEFAULT 'null',
  `pDateReg` date NOT NULL,
  `pRegIP` varchar(20) NOT NULL DEFAULT '127.0.0.1',
  `pLVL` int(4) NOT NULL DEFAULT '1',
  `pReferal` varchar(26) NOT NULL DEFAULT 'None',
  `pMember` int(2) NOT NULL DEFAULT '0',
  `pModel` int(3) NOT NULL DEFAULT '14',
  `pRang` int(2) NOT NULL DEFAULT '0',
  `pWarnF` int(1) NOT NULL DEFAULT '0',
  `pWarnA` int(1) NOT NULL DEFAULT '0',
  `bAdmin` int(2) NOT NULL DEFAULT '0',
  `pJob` int(2) NOT NULL DEFAULT '0',
  `pVIP` int(11) NOT NULL DEFAULT '0',
  `pExp` int(4) NOT NULL DEFAULT '0',
  `bJail` int(5) NOT NULL DEFAULT '0',
  `bMute` int(5) NOT NULL DEFAULT '0',
  `pJail` int(5) NOT NULL DEFAULT '-1',
  `pMute` int(5) NOT NULL DEFAULT '-1',
  `pLastX` float NOT NULL DEFAULT '0',
  `pLastY` float NOT NULL DEFAULT '0',
  `pLastZ` float NOT NULL DEFAULT '0',
  `bOffJail` int(5) NOT NULL DEFAULT '0',
  `bOffMute` int(5) NOT NULL DEFAULT '0',
  `bBan` int(5) NOT NULL DEFAULT '0',
  `bWarn` int(5) NOT NULL DEFAULT '0',
  `bOffBan` int(5) NOT NULL DEFAULT '0',
  `bOffWarn` int(5) NOT NULL DEFAULT '0',
  `pJailOffMess` varchar(256) NOT NULL DEFAULT 'None',
  `pMuteOffMess` varchar(256) NOT NULL DEFAULT 'None',
  `pBizOffMess` varchar(144) NOT NULL DEFAULT 'None',
  `pHouseOffMess` varchar(144) NOT NULL DEFAULT 'None',
  `pKvartOffMess` varchar(144) DEFAULT 'None',
  `pWarn` int(1) NOT NULL DEFAULT '0',
  `bUnBan` int(9) NOT NULL DEFAULT '0',
  `bUnWarn` int(9) NOT NULL DEFAULT '0',
  `pFSkin` int(3) NOT NULL DEFAULT '1',
  `bYoutube` int(1) NOT NULL DEFAULT '0',
  `pHP` float NOT NULL DEFAULT '100',
  `pARM` float NOT NULL DEFAULT '0',
  `pTruckLVL` int(11) NOT NULL DEFAULT '0',
  `pTruckEXP` int(11) NOT NULL DEFAULT '0',
  `pLastIP` varchar(50) NOT NULL DEFAULT '127.0.0.1',
  `pLastConnect` varchar(50) NOT NULL DEFAULT '23.12.2005 -- 00:00:00',
  `pLicA` int(1) NOT NULL DEFAULT '0',
  `pLicB` int(1) NOT NULL DEFAULT '0',
  `pLicC` int(1) NOT NULL DEFAULT '0',
  `pLicD` int(1) NOT NULL DEFAULT '0',
  `pZakon` int(3) NOT NULL DEFAULT '0',
  `pOffUninviteMess` varchar(144) NOT NULL DEFAULT 'None',
  `pLogo` int(1) NOT NULL DEFAULT '0',
  `pGun` varchar(56) NOT NULL DEFAULT '0,0,0,0,0,0,0,0,0,0,0,0,0',
  `pAmmo` varchar(56) NOT NULL DEFAULT '0,0,0,0,0,0,0,0,0,0,0,0,0',
  `pTipster` int(3) NOT NULL DEFAULT '0',
  `pJobTipster` int(3) NOT NULL DEFAULT '0',
  `pPhoneNumber` int(6) NOT NULL DEFAULT '0',
  `pPhone` int(2) NOT NULL DEFAULT '0',
  `pPhoneCash` int(11) NOT NULL DEFAULT '0',
  `pKPZ` int(6) NOT NULL DEFAULT '-1',
  `pWANTED` int(2) NOT NULL DEFAULT '0',
  `pJP` int(2) NOT NULL DEFAULT '0',
  `pHOSPITAL` int(2) NOT NULL DEFAULT '0',
  `pMetall` int(4) NOT NULL DEFAULT '0',
  `pPatr` int(4) NOT NULL DEFAULT '0',
  `pDrugs` int(4) NOT NULL DEFAULT '0',
  `pLicBiz` int(2) NOT NULL DEFAULT '0',
  `pLicFly` int(2) NOT NULL DEFAULT '0',
  `pLicGun` int(2) NOT NULL DEFAULT '0',
  `pVoen` int(2) NOT NULL DEFAULT '0',
  `pVoenEXP` int(2) NOT NULL DEFAULT '0',
  `R_9MM` int(2) NOT NULL DEFAULT '0',
  `R_USP` int(2) NOT NULL DEFAULT '0',
  `R_DEAGLE` int(2) NOT NULL DEFAULT '0',
  `R_TEK9` int(2) NOT NULL DEFAULT '0',
  `R_USI` int(2) NOT NULL DEFAULT '0',
  `R_MP5` int(2) NOT NULL DEFAULT '0',
  `R_SHOTGUN` int(2) NOT NULL DEFAULT '0',
  `R_SAWED_OF` int(2) NOT NULL DEFAULT '0',
  `R_FIGHT_SHOTGUN` int(2) NOT NULL DEFAULT '0',
  `R_AK47` int(2) NOT NULL DEFAULT '0',
  `R_M4` int(2) NOT NULL DEFAULT '0',
  `R_COUNTRY_RIFLE` int(2) NOT NULL DEFAULT '0',
  `R_SNIPER_RIFLE` int(2) NOT NULL DEFAULT '0',
  `R_SMOKE` int(2) NOT NULL DEFAULT '0',
  `R_GRENADE` int(2) NOT NULL DEFAULT '0',
  `R_MOLOTOV` int(2) NOT NULL DEFAULT '0',
  `pLomka` int(11) NOT NULL DEFAULT '0',
  `pBizID` int(11) NOT NULL DEFAULT '-1',
  `pCarID` int(4) NOT NULL DEFAULT '-1',
  `pHomeID` int(4) NOT NULL DEFAULT '-1',
  `pPodID` int(4) NOT NULL DEFAULT '-1',
  `pKvartID` int(4) NOT NULL DEFAULT '-1',
  `pNeeds` varchar(30) NOT NULL DEFAULT '100,100,100,100',
  `pMask` int(2) NOT NULL DEFAULT '0',
  `pHeal` int(2) NOT NULL DEFAULT '0',
  `pPepsi` int(2) NOT NULL DEFAULT '0',
  `pBackPack` int(2) NOT NULL DEFAULT '0',
  `pSmoke` int(2) NOT NULL DEFAULT '0',
  `pBeer` int(2) NOT NULL DEFAULT '0',
  `pLighter` int(2) NOT NULL DEFAULT '0',
  `pChips` int(2) NOT NULL DEFAULT '0',
  `pFines` int(3) NOT NULL DEFAULT '1',
  `pSumFines` int(6) NOT NULL DEFAULT '10',
  `pFamID` int(4) NOT NULL DEFAULT '-1',
  `pFamRang` int(2) NOT NULL DEFAULT '0',
  `pFAMoffuninvite` varchar(144) NOT NULL DEFAULT 'None',
  `pTelegramId` int(50) NOT NULL DEFAULT '0',
  `pDonate` int(20) NOT NULL DEFAULT '0',
  `pSkills` varchar(144) NOT NULL DEFAULT '0,0,0,0,0,0',
  PRIMARY KEY (`pID`)
) ENGINE=InnoDB  DEFAULT CHARSET=utf8 AUTO_INCREMENT=57 ;

--
-- Дамп данных таблицы `accounts`
--

INSERT INTO `accounts` (`pID`, `pName`, `pKey`, `pPinCode`, `pSex`, `pChar`, `pCash`, `pBCash`, `pEmail`, `pDateReg`, `pRegIP`, `pLVL`, `pReferal`, `pMember`, `pModel`, `pRang`, `pWarnF`, `pWarnA`, `bAdmin`, `pJob`, `pVIP`, `pExp`, `bJail`, `bMute`, `pJail`, `pMute`, `pLastX`, `pLastY`, `pLastZ`, `bOffJail`, `bOffMute`, `bBan`, `bWarn`, `bOffBan`, `bOffWarn`, `pJailOffMess`, `pMuteOffMess`, `pBizOffMess`, `pHouseOffMess`, `pKvartOffMess`, `pWarn`, `bUnBan`, `bUnWarn`, `pFSkin`, `bYoutube`, `pHP`, `pARM`, `pTruckLVL`, `pTruckEXP`, `pLastIP`, `pLastConnect`, `pLicA`, `pLicB`, `pLicC`, `pLicD`, `pZakon`, `pOffUninviteMess`, `pLogo`, `pGun`, `pAmmo`, `pTipster`, `pJobTipster`, `pPhoneNumber`, `pPhone`, `pPhoneCash`, `pKPZ`, `pWANTED`, `pJP`, `pHOSPITAL`, `pMetall`, `pPatr`, `pDrugs`, `pLicBiz`, `pLicFly`, `pLicGun`, `pVoen`, `pVoenEXP`, `R_9MM`, `R_USP`, `R_DEAGLE`, `R_TEK9`, `R_USI`, `R_MP5`, `R_SHOTGUN`, `R_SAWED_OF`, `R_FIGHT_SHOTGUN`, `R_AK47`, `R_M4`, `R_COUNTRY_RIFLE`, `R_SNIPER_RIFLE`, `R_SMOKE`, `R_GRENADE`, `R_MOLOTOV`, `pLomka`, `pBizID`, `pCarID`, `pHomeID`, `pPodID`, `pKvartID`, `pNeeds`, `pMask`, `pHeal`, `pPepsi`, `pBackPack`, `pSmoke`, `pBeer`, `pLighter`, `pChips`, `pFines`, `pSumFines`, `pFamID`, `pFamRang`, `pFAMoffuninvite`, `pTelegramId`, `pDonate`, `pSkills`) VALUES
(2, 'Huy_Pizdy', 'e10adc3949ba59abbe56e057f20f883e', 0, 1, 79, 400, 0, '', '2020-03-17', '91.193.128.40', 1, 'None', 0, 0, 0, 0, 0, 0, 0, 0, 0, 0, 0, -1, -1, 0, 0, 0, 0, 0, 0, 0, 0, 0, '', '', 'None', 'None', 'None', 0, 0, 0, 0, 0, 100, 0, 0, 0, '', '', 0, 0, 0, 0, 0, 'None', 0, '0,0,0,0,0,0,0,0,0,0,0,0,0', '0,0,0,0,0,0,0,0,0,0,0,0,0', 0, 0, 0, 0, 0, -1, 0, 0, 0, 0, 0, 0, 0, 0, 0, 0, 0, 0, 0, 0, 0, 0, 0, 0, 0, 0, 0, 0, 0, 0, 0, 0, 0, 0, -1, -1, -1, -1, -1, '100,100,100,100', 0, 0, 0, 0, 0, 0, 0, 0, 1, 10, -1, 0, 'None', 0, 0, '0, 0, 0, 0, 0, 0'),
(3, 'Zalupa_Moshonki', 'e10adc3949ba59abbe56e057f20f883e', 0, 1, 134, 400, 0, '', '2020-03-17', '91.193.128.40', 1, 'None', 0, 0, 0, 0, 0, 0, 0, 0, 0, 0, 0, -1, -1, 0, 0, 0, 0, 0, 0, 0, 0, 0, '', '', 'None', 'None', 'None', 0, 0, 0, 0, 0, 100, 0, 0, 0, '', '', 0, 0, 0, 0, 0, 'None', 0, '0,0,0,0,0,0,0,0,0,0,0,0,0', '0,0,0,0,0,0,0,0,0,0,0,0,0', 0, 0, 0, 0, 0, -1, 0, 0, 0, 0, 0, 0, 0, 0, 0, 0, 0, 0, 0, 0, 0, 0, 0, 0, 0, 0, 0, 0, 0, 0, 0, 0, 0, 0, -1, -1, -1, -1, -1, '100,100,100,100', 0, 0, 0, 0, 0, 0, 0, 0, 1, 10, -1, 0, 'None', 0, 0, '0, 0, 0, 0, 0, 0'),
(4, 'Zalupa_Moshonk', 'e10adc3949ba59abbe56e057f20f883e', 0, 1, 79, 400, 0, '', '2020-03-17', '91.193.128.40', 1, 'None', 0, 0, 0, 0, 0, 0, 0, 0, 0, 0, 0, -1, -1, 0, 0, 0, 0, 0, 0, 0, 0, 0, '', '', 'None', 'None', 'None', 0, 0, 0, 0, 0, 100, 0, 0, 0, '', '', 0, 0, 0, 0, 0, 'None', 0, '0,0,0,0,0,0,0,0,0,0,0,0,0', '0,0,0,0,0,0,0,0,0,0,0,0,0', 0, 0, 0, 0, 0, -1, 0, 0, 0, 0, 0, 0, 0, 0, 0, 0, 0, 0, 0, 0, 0, 0, 0, 0, 0, 0, 0, 0, 0, 0, 0, 0, 0, 0, -1, -1, -1, -1, -1, '100,100,100,100', 0, 0, 0, 0, 0, 0, 0, 0, 1, 10, -1, 0, 'None', 0, 0, '0, 0, 0, 0, 0, 0'),
(5, 'Lox_Ebala', 'e10adc3949ba59abbe56e057f20f883e', 0, 1, 137, 10400, 0, '', '2020-03-17', '91.193.128.40', 1, 'None', 0, 0, 0, 0, 0, 0, 0, 0, 0, 0, 0, -1, -1, 0, 0, 0, 0, 0, 0, 0, 0, 0, '', '', 'None', 'None', 'None', 0, 0, 0, 0, 0, 100, 0, 0, 0, '', '', 0, 0, 0, 0, 0, 'None', 0, '0,0,0,0,0,0,0,0,0,0,0,0,0', '0,0,0,0,0,0,0,0,0,0,0,0,0', 0, 0, 0, 0, 0, -1, 0, 0, 0, 0, 0, 0, 0, 0, 0, 0, 0, 0, 0, 0, 0, 0, 0, 0, 0, 0, 0, 0, 0, 0, 0, 0, 0, 0, -1, -1, -1, -1, -1, '100,100,100,100', 0, 0, 0, 0, 0, 0, 0, 0, 1, 10, -1, 0, 'None', 0, 0, '0, 0, 0, 0, 0, 0'),
(6, 'Dimon_Dobbikov', '6e714fab040b72a2853118454edda21a', 0, 1, 137, 991007269, 1365000, '', '2020-03-17', '91.193.128.40', 5, 'None', 6, 0, 10, 0, 0, 0, 0, 0, 13, 0, 0, -1, -1, 143.853, 759.885, 11.9223, 0, 0, 0, 0, 0, 0, 'None', 'None', 'None', 'None', 'None', 0, 0, 0, 122, 0, 93, 0, 0, 0, '193.176.251.183', '12.05.2020 -- 18:47:42', 1, 1, 1, 1, 10, 'None', 1, '0,0,24,0,0,31,0,0,0,0,0,0,0', '0,0,2000,0,0,1000,0,0,0,0,0,0,0', 0, 0, 0, 0, 0, -1, 0, 0, 0, 12, 45, 0, 1, 1, 1, 0, 0, 0, 0, 0, 0, 0, 0, 0, 0, 0, 0, 0, 0, 0, 0, 0, 0, 0, -1, 506, 4, -1, -1, '74,48,61,87', 0, 0, 0, 0, 1, 5, 1, 3, 1, 10, -1, 0, 'None', 0, 0, '0, 0, 0, 0, 0, 0'),
(7, 'Eduard_Dobbikovv', '8eae23a69c5b98d912dbcd386d139611', 0, 2, 201, 400, 0, '', '2020-03-18', '91.193.128.40', 1, 'None', 0, 0, 0, 0, 0, 0, 0, 0, 0, 0, 0, -1, -1, 0, 0, 0, 0, 0, 0, 0, 0, 0, '', '', 'None', 'None', 'None', 0, 0, 0, 0, 0, 100, 0, 0, 0, '', '', 0, 0, 0, 0, 0, 'None', 0, '0,0,0,0,0,0,0,0,0,0,0,0,0', '0,0,0,0,0,0,0,0,0,0,0,0,0', 0, 0, 0, 0, 0, -1, 0, 0, 0, 0, 0, 0, 0, 0, 0, 0, 0, 0, 0, 0, 0, 0, 0, 0, 0, 0, 0, 0, 0, 0, 0, 0, 0, 0, -1, -1, -1, -1, -1, '100,100,100,100', 0, 0, 0, 0, 0, 0, 0, 0, 1, 10, -1, 0, 'None', 0, 0, '0, 0, 0, 0, 0, 0'),
(8, 'Otto_Otto', 'e10adc3949ba59abbe56e057f20f883e', 0, 1, 79, 0, 0, '', '2020-03-19', '193.176.251.183', 0, 'None', 0, 0, 0, 0, 0, 0, 0, 0, 0, 0, 0, -1, -1, 1823.56, 2528.69, 15.6825, 0, 0, 0, 0, 1, 0, 'None', 'None', 'None', 'None', 'None', 0, 0, 0, 0, 0, 100, 0, 0, 0, '', '', 0, 0, 0, 0, 0, 'None', 0, '0,0,0,0,0,0,0,0,0,0,0,0,0', '0,0,0,0,0,0,0,0,0,0,0,0,0', 0, 0, 0, 0, 0, -1, 0, 0, 0, 0, 0, 0, 0, 0, 0, 0, 0, 0, 0, 0, 0, 0, 0, 0, 0, 0, 0, 0, 0, 0, 0, 0, 0, 0, -1, -1, -1, -1, -1, '100,100,100,100', 0, 0, 0, 0, 0, 0, 0, 0, 1, 10, 1, 3, 'None', 0, 0, '0, 0, 0, 0, 0, 0'),
(9, 'Otto_Oto', 'e10adc3949ba59abbe56e057f20f883e', 0, 1, 137, 400, 0, '', '2020-03-19', '193.176.251.183', 1, 'None', 0, 0, 0, 0, 0, 0, 0, 0, 0, 0, 0, -1, -1, 0, 0, 0, 0, 0, 0, 0, 0, 0, '', '', 'None', 'None', 'None', 0, 0, 0, 0, 0, 100, 0, 0, 0, '', '', 0, 0, 0, 0, 0, 'None', 0, '0,0,0,0,0,0,0,0,0,0,0,0,0', '0,0,0,0,0,0,0,0,0,0,0,0,0', 0, 0, 0, 0, 0, -1, 0, 0, 0, 0, 0, 0, 0, 0, 0, 0, 0, 0, 0, 0, 0, 0, 0, 0, 0, 0, 0, 0, 0, 0, 0, 0, 0, 0, -1, -1, -1, -1, -1, '100,100,100,100', 0, 0, 0, 0, 0, 0, 0, 0, 1, 10, -1, 0, 'None', 0, 0, '0, 0, 0, 0, 0, 0'),
(10, 'Otto_Otot', 'e10adc3949ba59abbe56e057f20f883e', 0, 1, 239, 400, 0, '', '2020-03-19', '193.176.251.183', 1, 'None', 0, 0, 0, 0, 0, 0, 0, 0, 0, 0, 0, -1, -1, 0, 0, 0, 0, 0, 0, 0, 0, 0, '', '', 'None', 'None', 'None', 0, 0, 0, 0, 0, 100, 0, 0, 0, '', '', 0, 0, 0, 0, 0, 'None', 0, '0,0,0,0,0,0,0,0,0,0,0,0,0', '0,0,0,0,0,0,0,0,0,0,0,0,0', 0, 0, 0, 0, 0, -1, 0, 0, 0, 0, 0, 0, 0, 0, 0, 0, 0, 0, 0, 0, 0, 0, 0, 0, 0, 0, 0, 0, 0, 0, 0, 0, 0, 0, -1, -1, -1, -1, -1, '100,100,100,100', 0, 0, 0, 0, 0, 0, 0, 0, 1, 10, -1, 0, 'None', 0, 0, '0, 0, 0, 0, 0, 0'),
(11, 'Otto_Ototo', 'e10adc3949ba59abbe56e057f20f883e', 0, 1, 134, 400, 0, '', '2020-03-19', '193.176.251.183', 1, 'None', 0, 0, 0, 0, 0, 0, 0, 0, 0, 0, 0, -1, -1, 0, 0, 0, 0, 0, 0, 0, 0, 0, '', '', 'None', 'None', 'None', 0, 0, 0, 0, 0, 100, 0, 0, 0, '', '', 0, 0, 0, 0, 0, 'None', 0, '0,0,0,0,0,0,0,0,0,0,0,0,0', '0,0,0,0,0,0,0,0,0,0,0,0,0', 0, 0, 0, 0, 0, -1, 0, 0, 0, 0, 0, 0, 0, 0, 0, 0, 0, 0, 0, 0, 0, 0, 0, 0, 0, 0, 0, 0, 0, 0, 0, 0, 0, 0, -1, -1, -1, -1, -1, '100,100,100,100', 0, 0, 0, 0, 0, 0, 0, 0, 1, 10, -1, 0, 'None', 0, 0, '0, 0, 0, 0, 0, 0'),
(12, 'Otto_Ototot', 'e10adc3949ba59abbe56e057f20f883e', 0, 1, 239, 6400, 0, '', '2020-03-19', '193.176.251.183', 7, 'Eduard_Dobbikov', 0, 0, 0, 0, 0, 0, 0, 0, 0, 0, 0, -1, -1, 0, 0, 0, 0, 0, 0, 0, 0, 0, '', '', 'None', 'None', 'None', 0, 0, 0, 0, 0, 100, 0, 0, 0, '', '', 0, 0, 0, 0, 0, 'None', 0, '0,0,0,0,0,0,0,0,0,0,0,0,0', '0,0,0,0,0,0,0,0,0,0,0,0,0', 0, 0, 0, 0, 0, -1, 0, 0, 0, 0, 0, 0, 0, 0, 0, 0, 0, 0, 0, 0, 0, 0, 0, 0, 0, 0, 0, 0, 0, 0, 0, 0, 0, 0, -1, -1, -1, -1, -1, '100,100,100,100', 0, 0, 0, 0, 0, 0, 0, 0, 1, 10, -1, 0, 'None', 0, 0, '0, 0, 0, 0, 0, 0'),
(13, 'Zalupa_Dimy', 'e10adc3949ba59abbe56e057f20f883e', 0, 1, 134, 400, 0, '', '2020-03-23', '91.193.128.40', 1, 'None', 0, 0, 0, 0, 0, 0, 0, 0, 0, 0, 0, -1, -1, 0, 0, 0, 0, 0, 0, 0, 0, 0, '', '', 'None', 'None', 'None', 0, 0, 0, 0, 0, 100, 0, 0, 0, '', '', 0, 0, 0, 0, 0, 'None', 0, '0,0,0,0,0,0,0,0,0,0,0,0,0', '0,0,0,0,0,0,0,0,0,0,0,0,0', 0, 0, 0, 0, 0, -1, 0, 0, 0, 0, 0, 0, 0, 0, 0, 0, 0, 0, 0, 0, 0, 0, 0, 0, 0, 0, 0, 0, 0, 0, 0, 0, 0, 0, -1, -1, -1, -1, -1, '100,100,100,100', 0, 0, 0, 0, 0, 0, 0, 0, 1, 10, -1, 0, 'None', 0, 0, '0, 0, 0, 0, 0, 0'),
(14, 'A_a', 'e10adc3949ba59abbe56e057f20f883e', 0, 0, 137, 0, 0, '', '2020-03-25', '91.193.128.40', 1, 'None', 0, 0, 0, 0, 0, 0, 0, 0, 2, 0, 0, -1, 0, 1814.93, 2519.66, 15.6639, 0, 0, 0, 0, 0, 0, 'None', 'None', 'None', 'None', 'None', 0, 0, 0, -1, 0, 100, 0, 0, 0, '80.93.123.53', '9.04.2020 -- 0:35:46', 0, 0, 0, 0, 0, 'Мэр Eduard_Dobbikov уволил вас из организации Администрация Посёлка offline. Причина: 3 Выговора', 0, '0,0,0,0,0,0,0,0,0,0,0,0,0', '0,0,0,0,0,0,0,0,0,0,0,0,0', 0, 0, 0, 0, 0, -1, 0, 0, 0, 0, 0, 0, 0, 0, 0, 0, 0, 0, 0, 0, 0, 0, 0, 0, 0, 0, 0, 0, 0, 0, 0, 0, 0, 0, -1, -1, -1, -1, -1, '100,100,100,100', 0, 0, 0, 0, 0, 0, 0, 0, 1, 10, -1, 0, 'None', 0, 0, '0, 0, 0, 0, 0, 0'),
(16, 'Moshonka_Dimy', 'e10adc3949ba59abbe56e057f20f883e', 0, 1, 134, 400, 0, '', '2020-03-27', '80.93.123.53', 1, 'Eduard_Dobbikov', 0, 0, 0, 0, 0, 0, 0, 0, 0, 0, 3, -1, -1, 1798.71, 2498.3, 18.6472, 3, 3, 0, 0, 0, 0, 'None', 'None', 'None', 'None', 'None', 0, 0, 0, 0, 0, 100, 0, 0, 0, '', '', 0, 0, 0, 0, 0, 'None', 0, '0,0,0,0,0,0,0,0,0,0,0,0,0', '0,0,0,0,0,0,0,0,0,0,0,0,0', 0, 0, 0, 0, 0, -1, 0, 0, 0, 0, 0, 0, 0, 0, 0, 0, 0, 0, 0, 0, 0, 0, 0, 0, 0, 0, 0, 0, 0, 0, 0, 0, 0, 0, -1, -1, -1, -1, -1, '100,100,100,100', 0, 0, 0, 0, 0, 0, 0, 0, 1, 10, -1, 0, 'None', 0, 0, '0, 0, 0, 0, 0, 0'),
(17, 'Aleksei_Naumov', 'd7ef3364a49eed6d959aff211282ceb1', 0, 1, 79, 640, 0, '', '2020-03-30', '217.19.211.110', 1, 'None', 0, 0, 0, 0, 0, 0, 0, 0, 0, 0, 1, 0, 5614, 1827.09, -656.953, 12.0009, 0, 0, 0, 0, 0, 0, 'None', 'None', 'None', 'None', 'None', 0, 0, 0, 0, 0, 100, 0, 0, 0, '', '', 0, 0, 0, 0, 0, 'None', 0, '0,0,0,0,0,0,0,0,0,0,0,0,0', '0,0,0,0,0,0,0,0,0,0,0,0,0', 0, 0, 0, 0, 0, -1, 0, 0, 0, 0, 0, 0, 0, 0, 0, 0, 0, 0, 0, 0, 0, 0, 0, 0, 0, 0, 0, 0, 0, 0, 0, 0, 0, 0, -1, -1, -1, -1, -1, '100,100,100,100', 0, 0, 0, 0, 0, 0, 0, 0, 1, 10, -1, 0, 'None', 0, 0, '0, 0, 0, 0, 0, 0'),
(18, 'Bin_Coops', '4297f44b13955235245b2497399d7a93', 0, 1, 21, 400, 0, '', '2020-04-04', '194.190.80.10', 1, 'None', 0, 0, 0, 0, 0, 0, 0, 0, 0, 0, 0, -1, -1, 0, 0, 2.00502, 0, 0, 0, 0, 0, 0, 'None', 'None', 'None', 'None', 'None', 0, 0, 0, 0, 0, 100, 0, 0, 0, '194.190.80.10', '4.04.2020 -- 14:10:37', 0, 0, 0, 0, 0, 'None', 0, '0,0,0,0,0,0,0,0,0,0,0,0,0', '0,0,0,0,0,0,0,0,0,0,0,0,0', 0, 0, 0, 0, 0, -1, 0, 0, 0, 0, 0, 0, 0, 0, 0, 0, 0, 0, 0, 0, 0, 0, 0, 0, 0, 0, 0, 0, 0, 0, 0, 0, 0, 0, -1, -1, -1, -1, -1, '100,100,100,100', 0, 0, 0, 0, 0, 0, 0, 0, 1, 10, -1, 0, 'None', 0, 0, '0, 0, 0, 0, 0, 0'),
(19, 'Bin_Benson', '8ca66bb49b9b327069fe134e9978d6fd', 0, 1, 21, 1100, 35000, '', '2020-04-04', '194.190.80.10', 10, 'None', 0, 0, 0, 0, 0, 0, 3, 0, 2, 0, 0, -1, -1, 1967.94, 1942.36, 15.576, 0, 0, 0, 0, 0, 0, 'None', 'None', 'None', 'None', 'None', 0, 0, 0, 0, 0, 93, 0, 0, 0, '194.190.80.10', '4.04.2020 -- 16:04:22', 1, 1, 1, 0, 0, 'None', 0, '0,0,0,0,0,0,0,0,0,0,0,0,0', '0,0,0,0,0,0,0,0,0,0,0,0,0', 0, 0, 0, 0, 0, -1, 0, 0, 0, 0, 0, 0, 0, 0, 0, 0, 0, 0, 0, 0, 0, 0, 0, 0, 0, 0, 0, 0, 0, 0, 0, 0, 0, 0, -1, -1, -1, -1, -1, '100,100,100,100', 0, 0, 0, 0, 0, 0, 0, 0, 1, 10, -1, 0, 'None', 0, 0, '0, 0, 0, 0, 0, 0'),
(20, 'Matt_Berkutov', '43ce7e01a3d676c362faefbbb40f3b18', 0, 1, 14, 44200, 83000, '', '2020-04-11', '45.151.239.3', 7, 'None', 0, 0, 0, 0, 0, 0, 0, 0, 4, 0, 0, -1, -1, 2782.17, 1820.69, 14.7068, 0, 0, 0, 0, 0, 0, 'None', 'None', 'None', 'None', 'None', 0, 0, 0, -1, 1, 98, 0, 0, 0, '45.151.239.3', '11.04.2020 -- 17:01:43', 1, 1, 1, 0, 17, 'None', 0, '0,0,24,0,0,0,0,0,0,0,0,0,0', '0,0,3852,0,0,0,0,0,0,0,0,0,0', 0, 0, 0, 0, 0, -1, 0, 0, 0, 0, 0, 0, 0, 0, 0, 0, 0, 0, 0, 0, 0, 0, 0, 0, 0, 0, 0, 0, 0, 0, 0, 0, 0, 0, -1, -1, -1, -1, -1, '100,100,100,100', 0, 0, 0, 0, 0, 0, 0, 0, 1, 10, -1, 0, 'None', 0, 0, '0, 0, 0, 0, 0, 0'),
(21, 'Vlad_Tolstyh', 'f5bb0c8de146c67b44babbf4e6584cc0', 0, 1, 294, 9856300, 296220, '', '2020-04-12', '31.132.178.134', 10, 'Eduard_Dobbikov', 5, 0, 10, 0, 0, 0, 0, 0, 16, 0, 1, -1, -1, 2500.14, -967.278, 2.94762, 0, 0, 0, 0, 0, 0, 'None', 'None', 'None', 'None', 'None', 0, 0, 0, 122, 1, 95, 0, 0, 1, '31.132.178.134', '25.04.2020 -- 0:03:48', 1, 1, 1, 1, 9, '', 1, '0,0,0,0,0,0,0,0,0,0,0,0,0', '0,0,0,0,0,0,0,0,0,0,0,0,0', 0, 0, 0, 0, 0, -1, 0, 0, 0, 0, 48, 0, 1, 1, 1, 0, 0, 1, 1, 0, 0, 0, 0, 0, 0, 0, 0, 0, 0, 0, 0, 0, 0, 0, -1, -1, -1, -1, -1, '100,100,100,100', 0, 0, 0, 0, 0, 0, 0, 0, 1, 10, -1, 0, 'None', 0, 0, '0, 0, 0, 0, 0, 0'),
(22, 'Ya_Pizda', 'e10adc3949ba59abbe56e057f20f883e', 0, 1, 21, 400, 1263500, '', '2020-04-13', '80.93.123.53', 1, 'Eduard_Dobbikov', 0, 0, 0, 0, 0, 0, 0, 0, 1, 1, 0, -1, -1, 1808.18, 2488.7, 15.6639, 1, 0, 0, 0, 0, 0, 'None', 'None', 'None', 'None', 'None', 0, 0, 0, 122, 0, 100, 0, 10, 1, '91.193.128.40', '26.04.2020 -- 17:23:05', 0, 1, 1, 1, 0, 'None', 1, '0,0,0,0,0,0,0,0,0,0,0,0,0', '0,0,0,0,0,0,0,0,0,0,0,0,0', 0, 0, 0, 0, 0, -1, 1, 0, 0, 0, 0, 0, 0, 0, 0, 0, 0, 0, 0, 0, 0, 0, 0, 0, 0, 0, 0, 0, 0, 0, 0, 0, 0, 0, -1, -1, -1, -1, -1, '100,100,100,100', 0, 0, 0, 0, 0, 0, 0, 0, 1, 10, -1, 0, 'None', 0, 0, '0, 0, 0, 0, 0, 0'),
(23, 'Sam_Esmail', 'e1372a05c263352b05b0b162ffa79eab', 0, 1, 14, 3000, 276633, '', '2020-04-14', '91.193.128.40', 6, 'None', 5, 0, 10, 0, 0, 0, 0, 0, 13, 2, 7, -1, -1, 2212.04, -658.519, 11.6104, 1, 0, 0, 0, 1, 0, 'None', 'None', 'None', 'None', 'None', 0, 0, 0, 122, 1, 95, 0, 0, 2, '91.193.128.40', '23.05.2020 -- 15:52:06', 1, 1, 1, 1, 10, 'None', 1, '0,0,23,0,0,0,0,0,0,0,0,0,0', '0,0,-2624,0,0,0,0,0,0,0,0,0,0', 0, 0, 0, 0, 0, 0, 2, 0, 0, 0, 46, 2, 0, 0, 0, 0, 4, 0, 0, 0, 0, 0, 0, 0, 0, 0, 0, 0, 0, 0, 0, 0, 0, 0, -1, -1, -1, -1, -1, '94,88,91,97', 0, 0, 0, 0, 0, 0, 0, 0, 0, 0, -1, 0, 'None', 0, 0, '0, 0, 0, 0, 0, 0'),
(24, 'Stanislav_Youtuber', '126e9b0c60dd805c5a0fc2374552eb0a', 0, 1, 21, 1000400, 0, '', '2020-04-14', '5.16.117.50', 1, 'None', 4, 0, 10, 0, 0, 0, 0, 0, 1, 0, 0, -1, -1, 2199.8, -1763.82, 21.9619, 0, 0, 0, 0, 0, 0, 'None', 'None', 'None', 'None', 'None', 0, 0, 0, 276, 0, 60, 0, 0, 0, '5.16.117.50', '14.04.2020 -- 18:23:33', 0, 0, 0, 0, 1, '', 0, '0,0,0,0,0,0,0,0,0,0,0,0,0', '0,0,0,0,0,0,0,0,0,0,0,0,0', 0, 0, 0, 0, 0, 0, 0, 0, 0, 0, 0, 0, 0, 0, 0, 0, 0, 0, 0, 0, 0, 0, 0, 0, 0, 0, 0, 0, 0, 0, 0, 0, 0, 0, -1, -1, -1, -1, -1, '100,100,100,100', 0, 0, 0, 0, 0, 0, 0, 0, 1, 10, -1, 0, 'None', 0, 0, '0, 0, 0, 0, 0, 0'),
(25, 'Robert_Flin', '25f8331ffaf7500f812a734ea96bd55a', 0, 1, 294, 10000200, 35000, '', '2020-04-14', '178.90.248.129', 1, 'None', 0, 0, 0, 0, 0, 0, 0, 0, 2, 1, 0, -1, -1, -807.851, 1900.2, 702.02, 0, 0, 0, 0, 0, 0, 'None', 'None', 'None', 'None', 'None', 0, 0, 0, -1, 0, 232, 0, 0, 0, '178.90.249.71', '22.04.2020 -- 13:54:36', 1, 1, 1, 1, 2, '', 0, '0,0,0,0,29,0,0,0,0,0,0,0,0', '0,0,0,0,948,0,0,0,0,0,0,0,0', 0, 0, 0, 0, 0, 0, 0, 0, 0, 0, 0, 0, 0, 0, 0, 0, 0, 0, 0, 0, 0, 0, 0, 0, 0, 0, 0, 0, 0, 0, 0, 0, 0, 0, -1, -1, -1, -1, -1, '100,100,100,100', 0, 0, 0, 0, 0, 0, 0, 0, 1, 10, -1, 0, 'None', 0, 0, '0, 0, 0, 0, 0, 0'),
(26, 'Oleg_Dobbikov', 'bfa4a4c37d3b2e5a3cf9675fc5944142', 0, 0, 0, 0, 0, '', '2020-04-16', '91.193.128.40', 0, 'Eduard_Dobbikov', 0, 0, 0, 0, 0, 0, 0, 0, 0, 0, 0, 0, 0, 0, 0, 0, 0, 0, 0, 0, 0, 0, 'None', 'None', 'None', 'None', 'None', 0, 0, 0, 0, 0, 100, 0, 0, 0, '', '24.05.2020 -- 18:23:00', 0, 0, 0, 0, 0, 'None', 0, '0,0,0,0,0,0,0,0,0,0,0,0,0', '0,0,0,0,0,0,0,0,0,0,0,0,0', 0, 0, 0, 0, 0, 0, 0, 0, 0, 0, 0, 0, 0, 0, 0, 0, 0, 0, 0, 0, 0, 0, 0, 0, 0, 0, 0, 0, 0, 0, 0, 0, 0, 0, 0, -1, -1, -1, -1, '100,100,100,100', 1, 1, 1, 1, 1, 1, 1, 1, 0, 0, -1, 0, 'None', 0, 0, '0, 0, 0, 0, 0, 0'),
(27, 'James_Dobbikov', '188b4a68c7f5dd5ba6e61fbd8b35ba0a', 0, 1, 102, 8006, 36200, '', '2020-04-16', '91.193.128.40', 1, 'Eduard_Dobbikov', 5, 0, 1, 0, 0, 0, 0, 0, 2, 0, 0, -1, -1, 0, 0, 0.5, 0, 0, 0, 0, 0, 0, 'None', 'None', 'None', 'None', 'None', 0, 0, 0, 287, 0, 95, 0, 0, 0, '91.193.128.40', '27.04.2020 -- 14:06:28', 0, 1, 1, 0, 1, '', 0, '0,0,24,0,0,30,0,0,0,0,0,0,0', '0,0,990,0,0,131,0,0,0,0,0,0,0', 0, 0, 0, 0, 0, -1, 0, 0, 0, 0, 52, 0, 0, 0, 0, 0, 0, 0, 0, 0, 0, 0, 0, 0, 0, 0, 0, 0, 0, 0, 0, 0, 0, 0, -1, -1, -1, -1, -1, '100,100,100,100', 0, 0, 0, 0, 0, 0, 0, 0, 1, 10, -1, 0, 'None', 0, 0, '0, 0, 0, 0, 0, 0'),
(28, 'Cheats_Cheats', 'e10adc3949ba59abbe56e057f20f883e', 0, 1, 21, 400, 444000, '', '2020-04-17', '91.193.128.40', 1, 'None', 0, 0, 0, 0, 0, 0, 0, 0, 0, 17, 2, -1, -1, 1823.56, 2528.69, 15.6825, 1, 0, 0, 0, 1, 0, 'None', 'None', 'None', 'None', 'None', 0, 0, 0, 122, 0, 100, 0, 10, 1, '91.193.128.40', '17.04.2020 -- 15:29:53', 1, 1, 1, 1, 0, 'None', 1, '0,3,24,0,0,0,0,0,0,0,0,0,0', '0,72,11838,0,0,0,0,0,0,0,0,0,0', 0, 0, 0, 0, 0, -1, 0, 0, 0, 1, 173, 0, 0, 0, 0, 0, 0, 0, 0, 0, 0, 0, 0, 0, 0, 0, 0, 0, 0, 0, 0, 0, 0, 0, -1, -1, -1, -1, -1, '100,100,100,100', 0, 0, 0, 0, 0, 0, 0, 0, 1, 10, -1, 0, 'None', 0, 0, '0, 0, 0, 0, 0, 0'),
(29, 'Stanislav_Youtube', '7ec9d4d2ea29e5ffbb5e7f4e373113c8', 0, 1, 14, 1000420, 52500, '', '2020-04-19', '5.16.117.50', 1, 'None', 2, 0, 10, 0, 0, 0, 0, 0, 3, 0, 0, 60, 60, 1772.51, 2250.81, 15.8666, 0, 0, 0, 0, 0, 0, 'Администратор Eduard_Dobbikov посадил вас Offline в деморган на 1 минут. Прчина: Так нужно', 'Администратор Eduard_Dobbikov поставил вам затычку Offline на 1 минут. Прчина: Так нужно', 'None', 'None', 'None', 0, 0, 0, 1, 0, 95, 0, 0, 0, '5.16.117.50', '21.04.2020 -- 12:17:06', 0, 0, 0, 0, 3, '', 0, '0,0,0,0,0,0,0,0,0,0,0,0,0', '0,0,0,0,0,0,0,0,0,0,0,0,0', 0, 0, 0, 0, 0, 0, 0, 0, 0, 0, 0, 0, 0, 0, 0, 0, 0, 0, 0, 0, 0, 0, 0, 0, 0, 0, 0, 0, 0, 0, 0, 0, 0, 0, -1, -1, -1, -1, -1, '100,100,100,100', 0, 0, 0, 0, 0, 0, 0, 0, 1, 10, -1, 0, 'None', 0, 0, '0, 0, 0, 0, 0, 0'),
(30, 'Egor_Dobbikov', '40de0658e3e67cfe8379a4850c293bdf', 0, 1, 21, 7100, 1845926, '', '2020-04-20', '217.19.216.242', 13, 'None', 3, 0, 10, 0, 0, 0, 0, 0, 12, 0, 1, -1, -1, 1798.57, 2478.28, 15.7025, 0, 0, 1, 0, 0, 0, 'None', 'None', 'None', 'None', 'None', 0, 0, 0, 1, 0, 97, 0, 0, 0, '95.153.114.83', '16.09.2020 -- 17:55:53', 1, 1, 1, 1, 44, 'None', 1, '0,0,0,0,29,0,0,0,0,0,0,0,0', '0,0,0,0,1963,0,0,0,0,0,0,0,0', 0, 0, 0, 1, 20000, -1, 0, 0, 0, 10, 67, 0, 1, 1, 1, 1, 0, 0, 0, 0, 0, 0, 0, 0, 0, 0, 0, 0, 0, 0, 0, 0, 0, 0, -1, -1, -1, -1, -1, '44,0,0,65', 0, 0, 0, 0, 0, 0, 0, 0, 0, 0, -1, 0, 'None', 0, 0, '0,0,0,102,0,0'),
(31, 'Egor_Fermer', '25d55ad283aa400af464c76d713c07ad', 0, 1, 21, 400, 0, '', '2020-04-23', '217.19.208.99', 1, 'None', 0, 0, 0, 0, 0, 0, 0, 0, 0, 0, 0, -1, -1, 1804.84, 2511.29, 15.6716, 0, 0, 0, 0, 0, 0, 'None', 'None', 'None', 'None', 'None', 0, 0, 0, 0, 0, 100, 0, 0, 0, '217.19.208.99', '23.04.2020 -- 9:59:58', 0, 0, 0, 0, 0, '', 0, '0,0,0,0,0,0,0,0,0,0,0,0,0', '0,0,0,0,0,0,0,0,0,0,0,0,0', 0, 0, 0, 0, 0, 0, 0, 0, 0, 0, 0, 0, 0, 0, 0, 0, 0, 0, 0, 0, 0, 0, 0, 0, 0, 0, 0, 0, 0, 0, 0, 0, 0, 0, -1, -1, -1, -1, -1, '100,100,100,100', 0, 0, 0, 0, 0, 0, 0, 0, 1, 10, -1, 0, 'None', 0, 0, '0, 0, 0, 0, 0, 0'),
(32, 'Billie_Eilish', '4badaee57fed5610012a296273158f5f', 0, 1, 21, 400, 1737026, '', '2020-04-25', '217.132.253.159', 1, 'None', 0, 0, 0, 0, 0, 0, 0, 0, 0, 0, 1, -1, -1, 1823.56, 2528.69, 15.6825, 0, 0, 0, 0, 0, 0, 'None', 'None', 'None', 'None', 'None', 0, 0, 0, 125, 0, 100, 0, 0, 0, '217.132.253.159', '25.04.2020 -- 18:02:58', 1, 1, 1, 1, 0, '', 1, '0,0,0,0,0,0,0,0,0,0,0,0,0', '0,0,0,0,0,0,0,0,0,0,0,0,0', 0, 0, 0, 0, 0, 0, 0, 0, 0, 10, 0, 0, 1, 1, 1, 1, 0, 0, 0, 0, 0, 0, 0, 0, 0, 0, 0, 0, 0, 0, 0, 0, 0, 0, -1, -1, -1, -1, -1, '100,100,100,100', 0, 0, 0, 0, 0, 0, 0, 0, 1, 10, -1, 0, 'None', 0, 0, '0, 0, 0, 0, 0, 0'),
(33, 'Oleh_Dobbikov', '188b4a68c7f5dd5ba6e61fbd8b35ba0a', 0, 0, 113, 1453350, 0, '', '2020-04-27', '91.193.128.40', 11, 'None', 0, 0, 0, 0, 0, 0, 0, 0, 16, 10, 6, -1, -1, 2238.3, 1400.09, 11.57, 0, 0, 0, 0, 0, 0, 'None', 'None', 'None', 'None', 'None', 0, 0, 0, -1, 0, 232, 0, 0, 3, '91.193.128.40', '24.05.2020 -- 18:33:16', 1, 1, 1, 1, 52, 'None', 1, '0,0,24,27,0,30,0,0,0,0,0,0,0', '0,0,500,494,0,492,0,0,0,0,0,0,0', 0, 0, 123321, 1, 0, -1, 0, 0, 0, 0, 38, 0, 1, 1, 1, 1, 0, 0, 0, 0, 0, 0, 0, 0, 0, 0, 0, 0, 0, 0, 0, 0, 0, 0, 4, -1, -1, -1, -1, '84,50,57,94', 0, 2, 5, 1, 5, 5, 5, 5, 0, 0, -1, 0, 'None', 0, 0, '0, 0, 0, 0, 0, 0'),
(34, 'Nikita_Devero', 'c8837b23ff8aaa8a2dde915473ce0991', 0, 1, 21, 400, 0, '', '2020-05-01', '45.132.95.104', 1, 'None', 0, 0, 0, 0, 0, 0, 0, 0, 0, 0, 0, -1, -1, 0, 0, 0, 0, 0, 0, 0, 0, 0, 'None', 'None', 'None', 'None', 'None', 0, 0, 0, 0, 0, 100, 0, 0, 0, '127.0.0.1', '23.12.2005 -- 00:00:00', 0, 0, 0, 0, 0, 'None', 0, '0,0,0,0,0,0,0,0,0,0,0,0,0', '0,0,0,0,0,0,0,0,0,0,0,0,0', 0, 0, 0, 0, 0, -1, 0, 0, 0, 0, 0, 0, 0, 0, 0, 0, 0, 0, 0, 0, 0, 0, 0, 0, 0, 0, 0, 0, 0, 0, 0, 0, 0, 0, -1, -1, -1, -1, -1, '100,100,100,100', 0, 0, 0, 0, 0, 0, 0, 0, 1, 10, -1, 0, 'None', 0, 0, '0, 0, 0, 0, 0, 0'),
(36, 'Markus_Kotov', '1aaa5da4e495012d370261ecc0a8f2cb', 0, 1, 21, 3084, 5007064, '', '2020-05-03', '5.153.180.2', 6, 'None', 3, 0, 10, 0, 0, 7, 0, 1631199645, 12, 1, 0, -1, -1, 1799.73, 2476.66, 15.6988, 0, 0, 0, 0, 0, 0, 'None', 'None', 'None', 'None', 'None', 0, 0, 0, 288, 1, 40, 0, 15, 1, '5.153.180.162', '17.09.2020 -- 21:22:21', 1, 1, 1, 1, 10, 'None', 1, '0,0,24,0,0,0,0,0,0,0,0,0,0', '0,0,1295,0,0,0,0,0,0,0,0,0,0', 0, 0, 777666, 1, 19940, -1, 0, 0, 0, 100, 152, 998, 1, 1, 1, 1, 0, 0, 0, 0, 0, 0, 0, 0, 0, 0, 0, 0, 0, 0, 0, 0, 0, 0, 8, -1, -1, 3, 9, '48,0,0,74', 0, 0, 1, 0, 0, 0, 0, 0, 0, 0, 6, 3, 'None', 924745956, 0, '0,0,0,0,0,0'),
(37, 'Roberto_Flores', 'e10adc3949ba59abbe56e057f20f883e', 0, 0, 0, 0, 0, '', '2020-05-03', '91.193.128.40', 0, 'Eduard_Dobbikov', 0, 0, 0, 0, 0, 0, 0, 0, 0, 0, 0, -1, -1, 1784.55, 2510, 24.9822, 0, 0, 0, 0, 0, 0, 'None', 'None', 'None', 'None', 'None', 0, 0, 0, 0, 0, 100, 0, 0, 0, '91.193.128.40', '3.05.2020 -- 17:11:24', 0, 0, 0, 0, 0, 'None', 0, '0,0,0,0,0,0,0,0,0,0,0,0,0', '0,0,0,0,0,0,0,0,0,0,0,0,0', 0, 0, 0, 0, 0, -1, 0, 0, 0, 0, 0, 0, 0, 0, 0, 0, 0, 0, 0, 0, 0, 0, 0, 0, 0, 0, 0, 0, 0, 0, 0, 0, 0, 0, 0, -1, -1, -1, -1, '100,100,100,100', 0, 0, 0, 0, 0, 0, 0, 0, 1, 10, -1, 0, 'None', 0, 0, '0, 0, 0, 0, 0, 0'),
(38, 'Denis_Dobbikov', '7f572bba0a80615b91807b2dc65355c2', 0, 1, 21, 2365, 130338, '', '2020-05-12', '91.193.128.40', 5, 'None', 5, 0, 1, 0, 0, 0, 0, 0, 13, 0, 0, -1, -1, 0, 0, 0, 0, 0, 0, 0, 0, 0, 'None', 'None', 'None', 'None', 'None', 0, 0, 0, 179, 0, 100, 0, 0, 0, '', '', 1, 1, 1, 1, 6, 'None', 1, '0,0,0,0,0,0,0,0,0,0,0,0,0', '0,0,0,0,0,0,0,0,0,0,0,0,0', 0, 0, 0, 0, 0, 0, 0, 0, 0, 0, 2, 0, 1, 1, 1, 1, 0, 0, 0, 0, 0, 0, 0, 0, 0, 0, 0, 0, 0, 0, 0, 0, 0, 0, 0, 0, 0, 0, 0, '94,88,91,97', 0, 0, 0, 0, 0, 0, 0, 0, 1, 10, -1, 0, 'None', 0, 0, '0, 0, 0, 0, 0, 0'),
(39, 'Escimos_Pazhiloy', 'e10adc3949ba59abbe56e057f20f883e', 0, 1, 14, 200, 0, '', '2020-05-19', '5.44.169.71', 1, 'None', 5, 0, 10, 0, 0, 0, 0, 0, 0, 0, 0, -1, -1, 1455.85, 1673.71, 16.5401, 0, 0, 0, 0, 0, 0, 'None', 'None', 'None', 'None', 'None', 0, 0, 0, 122, 0, 65, 0, 0, 0, '5.44.169.71', '19.05.2020 -- 15:57:56', 1, 1, 1, 1, 0, 'None', 0, '0,0,0,0,0,0,0,0,0,0,0,0,0', '0,0,0,0,0,0,0,0,0,0,0,0,0', 0, 0, 0, 0, 0, 0, 0, 0, 0, 0, 161, 0, 1, 1, 1, 0, 0, 0, 0, 0, 0, 0, 0, 0, 0, 0, 0, 0, 0, 0, 0, 0, 0, 0, 0, 0, 0, 0, 0, '96,92,94,98', 0, 0, 0, 0, 0, 0, 0, 0, 1, 10, -1, 0, 'None', 0, 0, '0, 0, 0, 0, 0, 0'),
(40, 'Dydoser_Fallkow', 'ed21e72c16670247546c2ad10e375aaf', 0, 0, 15, -593, 294602, '', '2020-05-21', '95.153.135.27', 10, 'None', 3, 0, 10, 0, 0, 3, 0, 0, 5, 26, 15, -1, -1, -249.438, 1299.62, 1013.1, 9, 1, 0, 0, 5, 0, 'None', 'None', 'None', 'None', 'None', 0, 0, 0, 284, 0, 94, 0, 10, 3, '95.153.135.253', '11.09.2020 -- 21:26:01', 1, 1, 1, 1, 100, 'None', 1, '0,0,24,0,29,0,0,0,0,0,0,0,0', '0,0,432,0,83,0,0,0,0,0,0,0,0', 0, 0, 222222, 1, 2204, -1, 0, 1, 0, 0, 0, 0, 1, 1, 1, 1, 0, 1, 0, 0, 0, 0, 0, 0, 0, 0, 0, 1, 0, 0, 0, 0, 0, 0, -1, 579, -1, 2, 1, '74,0,0,95', 0, 2, 5, 1, 4, 4, 4, 0, 0, 0, 4, 1, 'None', 0, 0, '0,0,0,0,0,0'),
(41, 'Egor_Reylyanu', 'e10adc3949ba59abbe56e057f20f883e', 0, 1, 21, 400, 0, '', '2020-05-22', '91.193.128.40', 1, 'None', 0, 0, 0, 0, 0, 0, 0, 0, 0, 0, 0, -1, -1, 1805.07, 2486.83, 15.6389, 0, 0, 0, 0, 0, 0, 'None', 'None', 'None', 'None', 'None', 0, 0, 0, 0, 0, 100, 0, 0, 0, '91.193.128.40', '22.05.2020 -- 20:12:17', 0, 0, 0, 0, 0, 'None', 0, '0,0,0,0,0,0,0,0,0,0,0,0,0', '0,0,0,0,0,0,0,0,0,0,0,0,0', 0, 0, 0, 0, 0, 0, 0, 0, 0, 0, 0, 0, 0, 0, 0, 0, 0, 0, 0, 0, 0, 0, 0, 0, 0, 0, 0, 0, 0, 0, 0, 0, 0, 0, 0, -1, -1, -1, -1, '100,100,100,100', 1, 1, 1, 1, 1, 1, 1, 1, 0, 0, -1, 0, 'None', 0, 0, '0, 0, 0, 0, 0, 0'),
(42, 'Dima_Huy', 'e10adc3949ba59abbe56e057f20f883e', 0, 1, 14, 400, 0, '', '2020-05-24', '91.193.128.40', 1, 'Eduard_Dobbikov', 0, 0, 0, 0, 0, 0, 0, 0, 0, 0, 0, -1, -1, 0, 0, 0, 0, 0, 0, 0, 0, 0, 'None', 'None', 'None', 'None', 'None', 0, 0, 0, 0, 0, 100, 0, 0, 0, '127.0.0.1', '23.12.2005 -- 00:00:00', 0, 0, 0, 0, 0, 'None', 0, '0,0,0,0,0,0,0,0,0,0,0,0,0', '0,0,0,0,0,0,0,0,0,0,0,0,0', 0, 0, 0, 0, 0, -1, 0, 0, 0, 0, 0, 0, 0, 0, 0, 0, 0, 0, 0, 0, 0, 0, 0, 0, 0, 0, 0, 0, 0, 0, 0, 0, 0, 0, -1, -1, -1, -1, -1, '100,100,100,100', 0, 0, 0, 0, 0, 0, 0, 0, 1, 10, -1, 0, 'None', 0, 0, '0, 0, 0, 0, 0, 0'),
(43, 'Oleg_Korotuk', 'e10adc3949ba59abbe56e057f20f883e', 0, 1, 21, 400, 0, '', '2020-05-25', '91.193.128.40', 1, 'None', 0, 0, 0, 0, 0, 0, 0, 0, 0, 0, 0, -1, -1, 1801.15, 2509.95, 15.6716, 0, 0, 0, 0, 0, 0, 'None', 'None', 'None', 'None', 'None', 0, 0, 0, 0, 0, 100, 0, 0, 0, '91.193.128.40', '25.05.2020 -- 16:41:40', 1, 1, 1, 1, 0, 'None', 0, '0,0,0,0,0,0,0,0,0,0,0,0,0', '0,0,0,0,0,0,0,0,0,0,0,0,0', 0, 0, 0, 0, 0, 0, 1, 0, 0, 0, 0, 0, 0, 0, 0, 0, 0, 0, 0, 0, 0, 0, 0, 0, 0, 0, 0, 0, 0, 0, 0, 0, 0, 0, 0, -1, -1, -1, -1, '100,100,100,100', 1, 1, 1, 1, 1, 1, 1, 1, 0, 0, -1, 0, 'None', 0, 0, '0, 0, 0, 0, 0, 0'),
(44, 'Eduard_Dobbiikov', 'ed21e72c16670247546c2ad10e375aaf', 0, 1, 21, 246736088, 4000, '', '2020-09-03', '95.153.132.147', 1, 'None', 0, 0, 0, 0, 0, 0, 4, 0, 1, 0, 0, -1, -1, 2793.57, -423.336, 24.7022, 0, 0, 0, 0, 0, 0, 'None', 'None', 'None', 'None', 'Ваша квартира была передана государству, за неуплату.', 0, 0, 0, 0, 0, 100, 0, 0, 0, '95.153.132.147', '3.09.2020 -- 19:04:04', 1, 1, 1, 1, 1, 'None', 0, '0,0,24,0,0,0,0,0,0,0,0,0,0', '0,0,435,0,0,0,0,0,0,0,0,0,0', 0, 0, 0, 0, 0, 0, 0, 0, 0, 0, 0, 0, 1, 1, 1, 0, 0, 0, 0, 0, 0, 0, 0, 0, 0, 0, 0, 0, 0, 0, 0, 0, 0, 0, 0, 401, -1, 2, -1, '96,92,94,98', 0, 0, 0, 0, 0, 0, 0, 0, 0, 0, -1, 0, 'None', 0, 0, '0, 0, 0, 0, 0, 0'),
(45, 'Slava_Koptev', '46df9002975bea148400e12a6e6384cd', 0, 1, 21, 250477149, 5000, '', '2020-09-05', '37.147.120.172', 10, 'None', 0, 0, 0, 0, 0, 0, 0, 0, 3, 0, 0, -1, -1, 1965.89, 1810.85, 15.5124, 0, 0, 0, 0, 0, 0, 'None', 'None', 'None', 'None', 'None', 0, 0, 0, 0, 0, 48, 0, 0, 0, '37.147.120.172', '6.09.2020 -- 0:07:39', 1, 1, 1, 1, 3, 'None', 0, '0,0,0,0,0,0,0,0,0,0,0,0,0', '0,0,0,0,0,0,0,0,0,0,0,0,0', 0, 0, 0, 0, 0, 0, 2, 0, 0, 0, 0, 0, 1, 1, 1, 0, 0, 0, 0, 0, 0, 0, 0, 0, 0, 0, 0, 0, 0, 0, 0, 0, 0, 0, 6, 436, 2, -1, -1, '90,80,85,95', 0, 0, 0, 0, 0, 0, 0, 0, 1, 2640, -1, 0, 'None', 0, 0, '0, 0, 0, 0, 0, 0'),
(46, 'Dima_Pedik', 'e10adc3949ba59abbe56e057f20f883e', 0, 1, 21, 400, 0, '', '2020-09-05', '91.193.128.40', 1, 'None', 0, 0, 0, 0, 0, 0, 0, 0, 0, 0, 0, -1, -1, 1824, 2506.67, 15.6639, 0, 0, 0, 0, 0, 0, 'None', 'None', 'None', 'None', 'None', 0, 0, 0, 0, 0, 100, 0, 0, 0, '91.193.128.40', '5.09.2020 -- 19:49:40', 0, 0, 0, 0, 0, 'None', 0, '0,0,0,0,0,0,0,0,0,0,0,0,0', '0,0,0,0,0,0,0,0,0,0,0,0,0', 0, 0, 0, 0, 0, 0, 0, 0, 0, 0, 0, 0, 0, 0, 0, 0, 0, 0, 0, 0, 0, 0, 0, 0, 0, 0, 0, 0, 0, 0, 0, 0, 0, 0, 0, -1, -1, -1, -1, '98,96,97,99', 0, 0, 0, 0, 0, 0, 0, 0, 0, 0, -1, 0, 'None', 0, 0, '0, 0, 0, 0, 0, 0'),
(47, 'Roma_Dobbi', 'e1372a05c263352b05b0b162ffa79eab', 0, 1, 14, 8498400, 1045000, '', '2020-09-05', '91.193.128.40', 1, 'None', 0, 0, 0, 0, 0, 0, 0, 0, 1, 0, 0, -1, -1, 1822.36, 2394.51, 14.9492, 0, 0, 0, 0, 0, 0, 'None', 'None', 'None', 'None', 'Âàøà êâàðòèðà áûëà ïåðåäàíà ãîñóäàðñòâó, çà íåóïëàòó.', 0, 0, 0, 0, 0, 98, 0, 0, 0, '91.193.128.40', '5.09.2020 -- 21:26:46', 1, 1, 1, 1, 1, 'None', 0, '0,0,0,0,0,0,0,0,0,0,0,0,0', '0,0,0,0,0,0,0,0,0,0,0,0,0', 0, 0, 0, 0, 0, 0, 0, 0, 0, 0, 0, 0, 1, 1, 1, 0, 0, 0, 0, 0, 0, 0, 0, 0, 0, 0, 0, 0, 0, 0, 0, 0, 0, 0, 0, -1, -1, 2, -1, '100,100,100,100', 0, 0, 0, 0, 0, 0, 0, 0, 0, 0, -1, 0, 'None', 0, 0, '0, 0, 0, 0, 0, 0'),
(48, 'Roma_Dobbikov', 'e1372a05c263352b05b0b162ffa79eab', 0, 1, 14, 495300, 23000, '', '2020-09-05', '91.193.128.40', 1, 'None', 3, 0, 10, 0, 0, 0, 0, 0, 2, 0, 0, -1, -1, 2121.93, 1858.24, 12.09, 0, 0, 1, 0, 0, 0, 'None', 'None', 'None', 'None', 'None', 0, 0, 0, 122, 0, 101, 0, 0, 0, '91.193.128.40', '6.09.2020 -- 12:36:42', 1, 1, 1, 1, 2, 'None', 0, '0,0,0,0,0,0,0,0,0,0,0,0,0', '0,0,0,0,0,0,0,0,0,0,0,0,0', 0, 0, 0, 0, 0, -1, 0, 0, 0, 0, 0, 0, 1, 1, 1, 0, 0, 0, 0, 0, 0, 0, 0, 0, 0, 0, 0, 0, 0, 0, 0, 0, 0, 0, -1, 489, -1, 2, 5, '84,68,76,92', 0, 0, 0, 0, 0, 0, 0, 0, 0, 0, -1, 0, 'None', 0, 0, '0, 0, 0, 0, 0, 0'),
(49, 'Roman_Dobbikov', 'e1372a05c263352b05b0b162ffa79eab', 0, 1, 46, 978532, 129552, '', '2020-09-06', '91.193.128.40', 5, 'None', 3, 0, 10, 0, 0, 8, 0, 0, 1, 2, 1, -1, -1, 2743.58, 858.32, 26.2033, 0, 0, 0, 0, 10, 0, 'None', 'None', 'None', 'None', 'None', 0, 0, 0, 286, 0, 91, 0, 0, 0, '91.193.128.40', '17.09.2020 -- 17:32:54', 1, 1, 1, 1, 17, 'None', 1, '0,3,23,0,0,30,0,0,0,0,0,0,0', '0,1,43,0,0,966,0,0,0,0,0,0,0', 0, 0, 777777, 1, 970, -1, 0, 0, 0, 0, 19, 51, 0, 0, 0, 1, 0, 0, 0, 1, 0, 0, 0, 0, 0, 0, 0, 0, 0, 0, 0, 0, 0, 0, 7, 400, 4, -1, -1, '74,0,0,39', 1, 1, 0, 1, 0, 4, 0, 0, 0, 0, 5, 3, 'None', 716720991, 150, '0,102,102,101,101,0'),
(54, 'Lewis_Clifford', 'e1372a05c263352b05b0b162ffa79eab', 0, 1, 14, 200, 21500, '', '2020-09-11', '91.193.128.40', 2, 'Roman_Dobbikov', 6, 0, 10, 0, 0, 8, 0, 0, 0, 0, 0, -1, -1, 2771.48, 2066.33, 17.8894, 0, 0, 0, 0, 0, 0, 'None', 'None', 'None', 'None', 'Ваша квартира была передана государству, за неуплату.', 0, 0, 0, 122, 0, 100, 0, 0, 0, '91.193.128.40', '13.09.2020 -- 23:35:08', 1, 1, 1, 1, 4, 'None', 0, '0,0,0,0,0,0,0,0,0,0,0,0,0', '0,0,0,0,0,0,0,0,0,0,0,0,0', 0, 0, 0, 0, 0, 0, 0, 0, 0, 0, 0, 0, 1, 1, 1, 0, 0, 0, 0, 0, 0, 0, 0, 0, 0, 0, 0, 0, 0, 0, 0, 0, 0, 0, -1, -1, -1, 2, -1, '72,44,58,86', 0, 0, 0, 0, 0, 0, 0, 0, 0, 0, -1, 0, 'None', 0, 0, '0,0,0,0,0,0'),
(55, 'Mark_Rich', '25d55ad283aa400af464c76d713c07ad', 0, 1, 14, 400, 0, '', '2020-09-16', '95.153.114.83', 1, 'None', 0, 0, 0, 0, 0, 0, 0, 0, 0, 0, 0, -1, -1, 1815.3, 2502.72, 15.6716, 0, 0, 0, 0, 0, 0, 'None', 'None', 'None', 'None', 'None', 0, 0, 0, 0, 0, 100, 0, 0, 0, '95.153.114.83', '16.09.2020 -- 19:58:08', 1, 1, 1, 1, 0, 'None', 1, '0,0,0,0,0,0,0,0,0,0,0,0,0', '0,0,0,0,0,0,0,0,0,0,0,0,0', 0, 0, 0, 0, 0, -1, 0, 0, 0, 10, 67, 0, 0, 0, 0, 0, 0, 0, 0, 0, 0, 0, 0, 0, 0, 0, 0, 0, 0, 0, 0, 0, 0, 0, -1, -1, -1, -1, -1, '100,100,100,100', 0, 0, 0, 0, 0, 0, 0, 0, 0, 0, -1, 0, 'None', 0, 0, '0,0,0,0,0,0'),
(56, 'Egor_Develop', '40de0658e3e67cfe8379a4850c293bdf', 0, 1, 21, 400, 0, '', '2020-09-16', '95.153.114.83', 1, 'None', 0, 0, 0, 0, 0, 0, 0, 0, 0, 0, 0, -1, -1, 1740.97, 2471.15, 17.5721, 0, 0, 0, 0, 0, 0, 'None', 'None', 'None', 'None', 'None', 0, 0, 0, 0, 0, 100, 0, 0, 0, '95.153.114.83', '16.09.2020 -- 21:32:00', 1, 1, 1, 1, 0, 'None', 1, '0,0,0,0,0,0,0,0,0,0,0,0,0', '0,0,0,0,0,0,0,0,0,0,0,0,0', 0, 0, 0, 0, 0, -1, 0, 0, 0, 10, 67, 0, 0, 0, 0, 0, 0, 0, 0, 0, 0, 0, 0, 0, 0, 0, 0, 0, 0, 0, 0, 0, 0, 0, -1, -1, -1, -1, -1, '100,100,100,100', 0, 0, 0, 0, 0, 0, 0, 0, 0, 0, -1, 0, 'None', 0, 0, '0,0,0,0,0,0');

-- --------------------------------------------------------

--
-- Структура таблицы `anticheats`
--

CREATE TABLE IF NOT EXISTS `anticheats` (
  `acID` int(3) NOT NULL DEFAULT '0',
  `acName` varchar(32) NOT NULL DEFAULT 'none',
  `acStatus` int(2) NOT NULL DEFAULT '0'
) ENGINE=InnoDB DEFAULT CHARSET=utf8;

--
-- Дамп данных таблицы `anticheats`
--

INSERT INTO `anticheats` (`acID`, `acName`, `acStatus`) VALUES
(0, 'SpeedHack', 0),
(1, 'Телепорт в авто', 0),
(2, 'AirBreak', 0),
(3, 'OnFoot Crasher', 0),
(4, 'BulletHitType', 0);

-- --------------------------------------------------------

--
-- Структура таблицы `atms`
--

CREATE TABLE IF NOT EXISTS `atms` (
  `atmID` int(11) NOT NULL AUTO_INCREMENT,
  `atmX` float NOT NULL DEFAULT '0',
  `atmY` float NOT NULL DEFAULT '0',
  `atmZ` float NOT NULL DEFAULT '0',
  PRIMARY KEY (`atmID`)
) ENGINE=InnoDB  DEFAULT CHARSET=utf8 AUTO_INCREMENT=14 ;

--
-- Дамп данных таблицы `atms`
--

INSERT INTO `atms` (`atmID`, `atmX`, `atmY`, `atmZ`) VALUES
(1, 1826.11, 2527.68, 15.6825),
(2, 2053.55, 1904.92, -77.2241),
(3, 2054.63, 1904.86, -77.2241),
(4, 530.216, 1721.84, 2003.11),
(5, 531.001, 1721.84, 2003.11),
(6, 657.922, 2321.7, 1504.36),
(7, 657.922, 2320.78, 1504.35),
(8, 2527.84, -2133.52, 21.97),
(9, 2473.48, -727.273, 12.3),
(10, 1883.05, 2637.78, 15.248),
(11, 2533.61, -2181.99, 21.9676),
(12, 576.338, 2120.17, 1551.46),
(13, 1898.75, 2227.77, 15.624);

-- --------------------------------------------------------

--
-- Структура таблицы `bans`
--

CREATE TABLE IF NOT EXISTS `bans` (
  `Nick` varchar(32) NOT NULL,
  `UnbanDate` int(32) NOT NULL,
  `AdminNick` varchar(32) NOT NULL,
  `BanDate` varchar(50) NOT NULL,
  `Type` varchar(10) NOT NULL,
  `Reason` varchar(50) NOT NULL
) ENGINE=InnoDB DEFAULT CHARSET=utf8mb4;

--
-- Дамп данных таблицы `bans`
--

INSERT INTO `bans` (`Nick`, `UnbanDate`, `AdminNick`, `BanDate`, `Type`, `Reason`) VALUES
('Oleg_Dobbikov', 1589655979, 'Eduard_Dobbikov', '2020/4/16 -- 22:6:19', 'offBan', 'Потерян доступ'),
('James_Dobbikov', 1619521629, 'Eduard_Dobbikov', '2020/4/27 -- 14:7:9', 'offBan', 'Cheats'),
('Ya_Pizda', 1620052974, 'Eduard_Dobbikov', '2020/5/3 -- 17:42:54', 'offBan', 'ЛОХ1'),
('Roma_Dobbikov', 1630923929, 'Roman_Dobbikov', '2020/9/6 -- 13:25:29', 'offBan', 'Фейк'),
('Sam_Esmail', 1631199367, 'Roman_Dobbikov', '2020/9/9 -- 17:56:7', 'offBan', 'Ban'),
('Eduard_Dobbiikov', 1631200404, 'Roman_Dobbikov', '2020/9/9 -- 18:13:24', 'offBan', 'Ëèøèé àêêàóíò'),
('Roma_Dobbi', 1631200411, 'Roman_Dobbikov', '2020/9/9 -- 18:13:31', 'offBan', 'Ëèøèé àêêàóíò'),
('Slava_Koptev', 1631200421, 'Roman_Dobbikov', '2020/9/9 -- 18:13:41', 'offBan', 'Ëèøèé àêêàóíò'),
('Eduard_Dobbikov', 1599756616, 'Roman_Dobbikov', '2020/9/9 -- 19:50:16', 'offBan', 'Сука блять'),
('Egor_Dobbikov', 1602860152, 'Egor_Dobbikov', '2020/9/16 -- 17:55:52', 'Ban', 'Áàí');

-- --------------------------------------------------------

--
-- Структура таблицы `business_profit`
--

CREATE TABLE IF NOT EXISTS `business_profit` (
  `id` int(11) NOT NULL AUTO_INCREMENT,
  `bid` int(3) NOT NULL,
  `date` varchar(100) NOT NULL DEFAULT '1.1.2001',
  `money` int(10) NOT NULL DEFAULT '0',
  PRIMARY KEY (`id`)
) ENGINE=InnoDB  DEFAULT CHARSET=utf8 AUTO_INCREMENT=542 ;

--
-- Дамп данных таблицы `business_profit`
--

INSERT INTO `business_profit` (`id`, `bid`, `date`, `money`) VALUES
(235, 5, '17.05.2020', 12332),
(236, 5, '16.05.2020', 0),
(237, 4, '19.5.2020', 0),
(238, 5, '19.5.2020', 1848),
(239, 6, '19.5.2020', 0),
(240, 7, '19.5.2020', 0),
(241, 8, '19.5.2020', 0),
(242, 9, '19.5.2020', 1085),
(243, 10, '19.5.2020', 0),
(244, 4, '20.5.2020', 0),
(245, 5, '20.5.2020', 0),
(246, 6, '20.5.2020', 0),
(247, 7, '20.5.2020', 0),
(248, 8, '20.5.2020', 0),
(249, 9, '20.5.2020', 0),
(250, 10, '20.5.2020', 0),
(251, 4, '21.5.2020', 0),
(252, 5, '21.5.2020', 0),
(253, 6, '21.5.2020', 0),
(254, 7, '21.5.2020', 0),
(255, 8, '21.5.2020', 0),
(256, 9, '21.5.2020', 0),
(257, 10, '21.5.2020', 0),
(258, 4, '22.5.2020', 0),
(259, 5, '22.5.2020', 0),
(260, 6, '22.5.2020', 0),
(261, 7, '22.5.2020', 0),
(262, 8, '22.5.2020', 1029000),
(263, 9, '22.5.2020', 0),
(264, 10, '22.5.2020', 1680),
(265, 4, '24.5.2020', 3500),
(266, 5, '24.5.2020', 0),
(267, 6, '24.5.2020', 0),
(268, 7, '24.5.2020', 1540),
(269, 8, '24.5.2020', 0),
(270, 9, '24.5.2020', 0),
(271, 10, '24.5.2020', 0),
(272, 4, '25.5.2020', 0),
(273, 5, '25.5.2020', 0),
(274, 6, '25.5.2020', 0),
(275, 7, '25.5.2020', 0),
(276, 8, '25.5.2020', 0),
(277, 9, '25.5.2020', 0),
(278, 10, '25.5.2020', 0),
(279, 4, '27.5.2020', 0),
(280, 5, '27.5.2020', 0),
(281, 6, '27.5.2020', 0),
(282, 7, '27.5.2020', 0),
(283, 8, '27.5.2020', 0),
(284, 9, '27.5.2020', 0),
(285, 10, '27.5.2020', 0),
(286, 4, '27.5.2020', 0),
(287, 5, '27.5.2020', 0),
(288, 6, '27.5.2020', 0),
(289, 7, '27.5.2020', 0),
(290, 8, '27.5.2020', 0),
(291, 9, '27.5.2020', 0),
(292, 10, '27.5.2020', 0),
(293, 4, '3.9.2020', 0),
(294, 5, '3.9.2020', 0),
(295, 6, '3.9.2020', 0),
(296, 7, '3.9.2020', 0),
(297, 8, '3.9.2020', 0),
(298, 9, '3.9.2020', 0),
(299, 10, '3.9.2020', 0),
(300, 4, '4.9.2020', 0),
(301, 5, '4.9.2020', 0),
(302, 6, '4.9.2020', 0),
(303, 7, '4.9.2020', 1204),
(304, 8, '4.9.2020', 0),
(305, 9, '4.9.2020', 0),
(306, 10, '4.9.2020', 0),
(307, 4, '5.9.2020', 0),
(308, 5, '5.9.2020', 0),
(309, 6, '5.9.2020', 0),
(310, 7, '5.9.2020', 0),
(311, 8, '5.9.2020', 0),
(312, 9, '5.9.2020', 0),
(313, 10, '5.9.2020', 0),
(314, 4, '6.9.2020', 350),
(315, 5, '6.9.2020', 0),
(316, 6, '6.9.2020', 0),
(317, 7, '6.9.2020', 0),
(318, 8, '6.9.2020', 0),
(319, 9, '6.9.2020', 0),
(320, 10, '6.9.2020', 0),
(321, 11, '6.9.2020', 0),
(322, 12, '6.9.2020', 0),
(323, 13, '6.9.2020', 0),
(324, 14, '6.9.2020', 0),
(325, 15, '6.9.2020', 0),
(326, 16, '6.9.2020', 0),
(327, 17, '6.9.2020', 0),
(328, 18, '6.9.2020', 0),
(329, 19, '6.9.2020', 0),
(330, 20, '6.9.2020', 0),
(331, 21, '6.9.2020', 0),
(332, 22, '6.9.2020', 0),
(333, 4, '7.9.2020', 0),
(334, 5, '7.9.2020', 0),
(335, 6, '7.9.2020', 0),
(336, 7, '7.9.2020', 0),
(337, 8, '7.9.2020', 0),
(338, 9, '7.9.2020', 0),
(339, 10, '7.9.2020', 0),
(340, 11, '7.9.2020', 0),
(341, 12, '7.9.2020', 0),
(342, 13, '7.9.2020', 0),
(343, 14, '7.9.2020', 0),
(344, 15, '7.9.2020', 0),
(345, 16, '7.9.2020', 0),
(346, 17, '7.9.2020', 0),
(347, 18, '7.9.2020', 0),
(348, 19, '7.9.2020', 0),
(349, 20, '7.9.2020', 0),
(350, 21, '7.9.2020', 0),
(351, 22, '7.9.2020', 0),
(352, 4, '8.9.2020', 0),
(353, 5, '8.9.2020', 0),
(354, 6, '8.9.2020', 0),
(355, 7, '8.9.2020', 0),
(356, 8, '8.9.2020', 0),
(357, 9, '8.9.2020', 0),
(358, 10, '8.9.2020', 0),
(359, 11, '8.9.2020', 0),
(360, 12, '8.9.2020', 0),
(361, 13, '8.9.2020', 0),
(362, 14, '8.9.2020', 0),
(363, 15, '8.9.2020', 0),
(364, 16, '8.9.2020', 0),
(365, 17, '8.9.2020', 0),
(366, 18, '8.9.2020', 0),
(367, 19, '8.9.2020', 0),
(368, 20, '8.9.2020', 0),
(369, 21, '8.9.2020', 0),
(370, 22, '8.9.2020', 0),
(371, 4, '9.9.2020', 1750),
(372, 5, '9.9.2020', 0),
(373, 6, '9.9.2020', 0),
(374, 7, '9.9.2020', 0),
(375, 8, '9.9.2020', 0),
(376, 9, '9.9.2020', 210),
(377, 10, '9.9.2020', 0),
(378, 11, '9.9.2020', 0),
(379, 12, '9.9.2020', 0),
(380, 13, '9.9.2020', 0),
(381, 14, '9.9.2020', 0),
(382, 15, '9.9.2020', 0),
(383, 16, '9.9.2020', 0),
(384, 17, '9.9.2020', 0),
(385, 18, '9.9.2020', 0),
(386, 19, '9.9.2020', 0),
(387, 20, '9.9.2020', 0),
(388, 21, '9.9.2020', 1636),
(389, 22, '9.9.2020', 0),
(390, 4, '10.9.2020', 0),
(391, 5, '10.9.2020', 0),
(392, 6, '10.9.2020', 4900),
(393, 7, '10.9.2020', 2940),
(394, 8, '10.9.2020', 0),
(395, 9, '10.9.2020', 0),
(396, 10, '10.9.2020', 0),
(397, 11, '10.9.2020', 0),
(398, 12, '10.9.2020', 0),
(399, 13, '10.9.2020', 0),
(400, 14, '10.9.2020', 0),
(401, 15, '10.9.2020', 0),
(402, 16, '10.9.2020', 0),
(403, 17, '10.9.2020', 0),
(404, 18, '10.9.2020', 0),
(405, 19, '10.9.2020', 0),
(406, 20, '10.9.2020', 0),
(407, 21, '10.9.2020', 0),
(408, 22, '10.9.2020', 0),
(409, 4, '11.9.2020', 0),
(410, 5, '11.9.2020', 0),
(411, 6, '11.9.2020', 0),
(412, 7, '11.9.2020', 0),
(413, 8, '11.9.2020', 0),
(414, 9, '11.9.2020', 0),
(415, 10, '11.9.2020', 0),
(416, 11, '11.9.2020', 0),
(417, 12, '11.9.2020', 0),
(418, 13, '11.9.2020', 0),
(419, 14, '11.9.2020', 0),
(420, 15, '11.9.2020', 0),
(421, 16, '11.9.2020', 0),
(422, 17, '11.9.2020', 0),
(423, 18, '11.9.2020', 0),
(424, 19, '11.9.2020', 0),
(425, 20, '11.9.2020', 0),
(426, 21, '11.9.2020', 0),
(427, 22, '11.9.2020', 0),
(428, 4, '12.9.2020', 0),
(429, 5, '12.9.2020', 0),
(430, 6, '12.9.2020', 0),
(431, 7, '12.9.2020', 0),
(432, 8, '12.9.2020', 0),
(433, 9, '12.9.2020', 0),
(434, 10, '12.9.2020', 0),
(435, 11, '12.9.2020', 0),
(436, 12, '12.9.2020', 0),
(437, 13, '12.9.2020', 0),
(438, 14, '12.9.2020', 0),
(439, 15, '12.9.2020', 0),
(440, 16, '12.9.2020', 0),
(441, 17, '12.9.2020', 0),
(442, 18, '12.9.2020', 0),
(443, 19, '12.9.2020', 0),
(444, 20, '12.9.2020', 0),
(445, 21, '12.9.2020', 0),
(446, 22, '12.9.2020', 0),
(447, 4, '13.9.2020', 0),
(448, 5, '13.9.2020', 0),
(449, 6, '13.9.2020', 0),
(450, 7, '13.9.2020', 0),
(451, 8, '13.9.2020', 0),
(452, 9, '13.9.2020', 0),
(453, 10, '13.9.2020', 0),
(454, 11, '13.9.2020', 0),
(455, 12, '13.9.2020', 0),
(456, 13, '13.9.2020', 0),
(457, 14, '13.9.2020', 0),
(458, 15, '13.9.2020', 0),
(459, 16, '13.9.2020', 0),
(460, 17, '13.9.2020', 0),
(461, 18, '13.9.2020', 0),
(462, 19, '13.9.2020', 0),
(463, 20, '13.9.2020', 0),
(464, 21, '13.9.2020', 0),
(465, 22, '13.9.2020', 0),
(466, 4, '15.9.2020', 0),
(467, 5, '15.9.2020', 0),
(468, 6, '15.9.2020', 11550),
(469, 7, '15.9.2020', 175),
(470, 8, '15.9.2020', 0),
(471, 9, '15.9.2020', 0),
(472, 10, '15.9.2020', 0),
(473, 11, '15.9.2020', 0),
(474, 12, '15.9.2020', 0),
(475, 13, '15.9.2020', 0),
(476, 14, '15.9.2020', 0),
(477, 15, '15.9.2020', 0),
(478, 16, '15.9.2020', 0),
(479, 17, '15.9.2020', 0),
(480, 18, '15.9.2020', 0),
(481, 19, '15.9.2020', 0),
(482, 20, '15.9.2020', 0),
(483, 21, '15.9.2020', 0),
(484, 22, '15.9.2020', 0),
(485, 4, '15.9.2020', 0),
(486, 5, '15.9.2020', 0),
(487, 6, '15.9.2020', 0),
(488, 7, '15.9.2020', 0),
(489, 8, '15.9.2020', 0),
(490, 9, '15.9.2020', 0),
(491, 10, '15.9.2020', 0),
(492, 11, '15.9.2020', 0),
(493, 12, '15.9.2020', 0),
(494, 13, '15.9.2020', 0),
(495, 14, '15.9.2020', 0),
(496, 15, '15.9.2020', 0),
(497, 16, '15.9.2020', 0),
(498, 17, '15.9.2020', 0),
(499, 18, '15.9.2020', 0),
(500, 19, '15.9.2020', 0),
(501, 20, '15.9.2020', 0),
(502, 21, '15.9.2020', 0),
(503, 22, '15.9.2020', 0),
(504, 4, '16.9.2020', 0),
(505, 5, '16.9.2020', 0),
(506, 6, '16.9.2020', 0),
(507, 7, '16.9.2020', 0),
(508, 8, '16.9.2020', 0),
(509, 9, '16.9.2020', 0),
(510, 10, '16.9.2020', 0),
(511, 11, '16.9.2020', 0),
(512, 12, '16.9.2020', 0),
(513, 13, '16.9.2020', 0),
(514, 14, '16.9.2020', 0),
(515, 15, '16.9.2020', 0),
(516, 16, '16.9.2020', 0),
(517, 17, '16.9.2020', 0),
(518, 18, '16.9.2020', 0),
(519, 19, '16.9.2020', 0),
(520, 20, '16.9.2020', 0),
(521, 21, '16.9.2020', 0),
(522, 22, '16.9.2020', 0),
(523, 4, '17.9.2020', 0),
(524, 5, '17.9.2020', 0),
(525, 6, '17.9.2020', 0),
(526, 7, '17.9.2020', 0),
(527, 8, '17.9.2020', 0),
(528, 9, '17.9.2020', 0),
(529, 10, '17.9.2020', 0),
(530, 11, '17.9.2020', 0),
(531, 12, '17.9.2020', 0),
(532, 13, '17.9.2020', 0),
(533, 14, '17.9.2020', 0),
(534, 15, '17.9.2020', 0),
(535, 16, '17.9.2020', 0),
(536, 17, '17.9.2020', 0),
(537, 18, '17.9.2020', 0),
(538, 19, '17.9.2020', 0),
(539, 20, '17.9.2020', 0),
(540, 21, '17.9.2020', 0),
(541, 22, '17.9.2020', 0);

-- --------------------------------------------------------

--
-- Структура таблицы `bussines`
--

CREATE TABLE IF NOT EXISTS `bussines` (
  `bID` int(11) NOT NULL AUTO_INCREMENT,
  `bOwned` int(2) NOT NULL,
  `bOwner` varchar(32) NOT NULL,
  `bPrice` int(11) NOT NULL,
  `bType` int(3) NOT NULL,
  `bCash` int(11) NOT NULL DEFAULT '0',
  `bProfit` int(20) NOT NULL DEFAULT '0',
  `bExitX` float NOT NULL,
  `bExitY` float NOT NULL,
  `bExitZ` float NOT NULL,
  `bControl` int(2) NOT NULL DEFAULT '0',
  `bEnterPrice` int(11) NOT NULL DEFAULT '0',
  `bFillPrice` int(11) NOT NULL DEFAULT '50',
  `bRepairPrice` int(11) NOT NULL DEFAULT '50',
  `bDays` int(3) NOT NULL DEFAULT '3',
  PRIMARY KEY (`bID`)
) ENGINE=InnoDB  DEFAULT CHARSET=utf8 AUTO_INCREMENT=23 ;

--
-- Дамп данных таблицы `bussines`
--

INSERT INTO `bussines` (`bID`, `bOwned`, `bOwner`, `bPrice`, `bType`, `bCash`, `bProfit`, `bExitX`, `bExitY`, `bExitZ`, `bControl`, `bEnterPrice`, `bFillPrice`, `bRepairPrice`, `bDays`) VALUES
(4, 0, 'None', 5000000, 2, 15048, 0, 1981.2, 1893.38, 15.528, 0, 0, 50, 50, 3),
(5, 0, 'None', 30000000, 6, 0, 0, 1911.93, 1685.27, 15.8325, 0, 0, 110, 50, 3),
(6, 0, 'None', 30000000, 5, 68075, 0, 1988.03, 1927, 15.51, 0, 0, 50, 1000, 3),
(7, 1, 'Roman_Dobbikov', 20000000, 1, 7385, 0, 1799.38, 2502.6, 15.8347, 7, 0, 50, 50, 23),
(8, 0, 'None', 30000000, 4, 1030890, 0, 2314.37, 1760.11, 1.52937, 0, 0, 50, 50, 3),
(9, 0, 'None', 1000000, 3, 1295, 0, 1949.89, 1899.36, 15.5124, 0, 0, 50, 50, 3),
(10, 0, 'None', 1000000, 1, 1680, 0, 2127.93, 1791.62, 12.2616, 0, 0, 50, 50, 3),
(11, 0, 'None', 5000000, 5, 0, 0, 2178.96, -1838.2, 18.8143, 0, 0, 50, 50, 3),
(12, 0, 'None', 5000000, 6, 0, 0, 2243.65, -1784.85, 21.7092, 0, 0, 50, 50, 3),
(13, 0, 'None', 1000000, 3, 0, 0, 2310.72, -1911.74, 21.9677, 0, 0, 50, 50, 3),
(14, 0, 'None', 5000000, 1, 0, 0, 2510.05, -2186.42, 22.0047, 0, 0, 50, 50, 3),
(15, 0, 'None', 1000000, 1, 0, 0, 2619.6, -2449.66, 22.0116, 0, 0, 50, 50, 3),
(16, 0, 'None', 1000000, 2, 0, 0, 2432.74, -2294.21, 22.1016, 0, 0, 50, 50, 3),
(17, 0, 'None', 1000000, 2, 0, 0, 2627.86, -1540.85, 23.6116, 0, 0, 50, 50, 3),
(18, 0, 'None', 1000000, 1, 0, 0, 2555.25, -1763.86, 21.9547, 0, 0, 50, 50, 3),
(19, 0, 'None', 5000000, 6, 0, 0, 2569.69, -1735.14, 21.91, 0, 0, 50, 50, 3),
(20, 0, 'None', 1000000, 1, 0, 0, 1867.72, 1383.11, 9.79886, 0, 0, 50, 50, 3),
(21, 0, 'None', 5000000, 4, 1636, 0, 2350.05, -2138.32, 22.5854, 0, 0, 50, 50, 3),
(22, 0, 'None', 1000000, 2, 0, 0, 2283.08, -2169.84, 22.0316, 0, 0, 50, 50, 3);

-- --------------------------------------------------------

--
-- Структура таблицы `familys`
--

CREATE TABLE IF NOT EXISTS `familys` (
  `fID` int(11) NOT NULL AUTO_INCREMENT,
  `fName` varchar(32) NOT NULL,
  `fCreatorID` int(11) NOT NULL,
  `fCreatorName` varchar(32) NOT NULL,
  PRIMARY KEY (`fID`)
) ENGINE=InnoDB  DEFAULT CHARSET=utf8 AUTO_INCREMENT=8 ;

--
-- Дамп данных таблицы `familys`
--

INSERT INTO `familys` (`fID`, `fName`, `fCreatorID`, `fCreatorName`) VALUES
(1, 'Ban', 8, 'Otto_Otto'),
(4, 'ДоббиКовы', 1, 'Eduard_Dobbikov'),
(5, 'Admins', 49, 'Roman_Dobbikov'),
(6, 'Kotov Family', 36, 'Markus_Kotov'),
(7, 'Unigva Team', 35, 'Lewis_Clifford');

-- --------------------------------------------------------

--
-- Структура таблицы `fines`
--

CREATE TABLE IF NOT EXISTS `fines` (
  `fine_id` int(11) NOT NULL AUTO_INCREMENT,
  `account_id` int(10) NOT NULL DEFAULT '1',
  `fined` varchar(32) NOT NULL DEFAULT 'Unigva RolePlay',
  `fine` int(11) NOT NULL DEFAULT '1',
  `date` varchar(30) NOT NULL,
  `reason` varchar(32) NOT NULL,
  PRIMARY KEY (`fine_id`)
) ENGINE=InnoDB  DEFAULT CHARSET=utf8 AUTO_INCREMENT=114 ;

--
-- Дамп данных таблицы `fines`
--

INSERT INTO `fines` (`fine_id`, `account_id`, `fined`, `fine`, `date`, `reason`) VALUES
(50, 40, 'Eduard_Dobbikov', 50000, '26.05.2020 20:54:40', 'Привет.'),
(54, 1, 'Eduard_Dobbikov', 1620, '05.09.2020 22:19:25', 'Превышение скорости на 27 км/ч'),
(55, 1, 'Eduard_Dobbikov', 3000, '05.09.2020 22:34:06', 'Превышение скорости на 50 км/ч'),
(56, 1, 'Eduard_Dobbikov', 2700, '05.09.2020 22:36:04', 'Превышение скорости на 45 км/ч'),
(57, 1, 'Eduard_Dobbikov', 3180, '05.09.2020 02:36:22', 'Превышение скорости на 53 км/ч'),
(58, 30, 'Eduard_Dobbikov', 3420, '06.09.2020 23:44:45', 'Превышение скорости на 57 км/ч'),
(59, 45, 'Eduard_Dobbikov', 2640, '06.09.2020 00:01:32', 'Превышение скорости на 44 км/ч'),
(60, 30, 'Eduard_Dobbikov', 3120, '07.09.2020 11:31:49', 'Превышение скорости на 52 км/ч'),
(61, 30, 'Eduard_Dobbikov', 3480, '07.09.2020 11:32:50', 'Превышение скорости на 58 км/ч'),
(62, 30, 'Eduard_Dobbikov', 2340, '07.09.2020 11:33:00', 'Превышение скорости на 39 км/ч'),
(63, 48, 'Eduard_Dobbikov', 3120, '07.09.2020 11:47:24', 'Превышение скорости на 52 км/ч'),
(64, 48, 'Eduard_Dobbikov', 2880, '07.09.2020 12:03:41', 'Превышение скорости на 48 км/ч'),
(65, 48, 'Eduard_Dobbikov', 2340, '07.09.2020 12:06:40', 'Превышение скорости на 39 км/ч'),
(66, 30, 'Eduard_Dobbikov', 1620, '07.09.2020 12:06:53', 'Превышение скорости на 27 км/ч'),
(67, 48, 'Eduard_Dobbikov', 1080, '07.09.2020 12:09:00', 'Превышение скорости на 18 км/ч'),
(69, 30, 'Eduard_Dobbikov', 2580, '07.09.2020 19:52:36', 'Превышение скорости на 43 км/ч'),
(72, 30, 'Eduard_Dobbikov', 3420, '07.09.2020 20:17:55', 'Превышение скорости на 57 км/ч'),
(74, 30, 'Eduard_Dobbikov', 1140, '07.09.2020 20:19:28', 'Превышение скорости на 19 км/ч'),
(75, 30, 'Eduard_Dobbikov', 3180, '07.09.2020 20:25:44', 'Превышение скорости на 53 км/ч'),
(77, 30, 'Eduard_Dobbikov', 3660, '07.09.2020 20:27:33', 'Превышение скорости на 61 км/ч'),
(78, 30, 'Eduard_Dobbikov', 1200, '07.09.2020 20:28:42', 'Превышение скорости на 20 км/ч'),
(79, 36, 'Eduard_Dobbikov', 1080, '10.09.2020 18:37:24', 'Превышение скорости на 18 км/ч'),
(84, 35, 'Eduard_Dobbikov', 720, '12.09.2020 17:25:42', 'Ïðåâûøåíèå ñêîðîñòè íà 12 êì/÷'),
(85, 35, 'Eduard_Dobbikov', 3180, '12.09.2020 17:36:43', 'Ïðåâûøåíèå ñêîðîñòè íà 53 êì/÷'),
(86, 35, 'Eduard_Dobbikov', 1860, '12.09.2020 17:37:11', 'Ïðåâûøåíèå ñêîðîñòè íà 31 êì/÷'),
(87, 54, 'Eduard_Dobbikov', 1500, '12.09.2020 04:47:37', 'Превышение скорости на 25 км/ч'),
(88, 54, 'Eduard_Dobbikov', 1140, '13.09.2020 13:26:08', 'Превышение скорости на 19 км/ч'),
(92, 30, 'Eduard_Dobbikov', 3360, '15.09.2020 19:55:37', 'Ïðåâûøåíèå ñêîðîñòè íà 56 êì/÷'),
(98, 30, 'Eduard_Dobbikov', 1380, '15.09.2020 20:25:11', 'Ïðåâûøåíèå ñêîðîñòè íà 23 êì/÷'),
(100, 30, 'Eduard_Dobbikov', 2160, '15.09.2020 20:27:41', 'Ïðåâûøåíèå ñêîðîñòè íà 36 êì/÷'),
(102, 30, 'Eduard_Dobbikov', 1140, '15.09.2020 21:41:15', 'Ïðåâûøåíèå ñêîðîñòè íà 19 êì/÷'),
(105, 30, 'Eduard_Dobbikov', 2340, '16.09.2020 19:11:19', 'Превышение скорости на 39 км/ч'),
(108, 49, 'Eduard_Dobbikov', 3420, '16.09.2020 19:22:13', 'Превышение скорости на 57 км/ч'),
(109, 49, 'Eduard_Dobbikov', 2760, '16.09.2020 19:22:49', 'Превышение скорости на 46 км/ч'),
(110, 30, 'Eduard_Dobbikov', 3180, '16.09.2020 21:36:41', 'Превышение скорости на 53 км/ч'),
(111, 49, 'Eduard_Dobbikov', 2460, '16.09.2020 21:36:42', 'Превышение скорости на 41 км/ч'),
(112, 49, 'Eduard_Dobbikov', 720, '16.09.2020 21:41:30', 'Превышение скорости на 12 км/ч'),
(113, 30, 'Eduard_Dobbikov', 660, '16.09.2020 21:41:33', 'Превышение скорости на 11 км/ч');

-- --------------------------------------------------------

--
-- Структура таблицы `givebankmoney`
--

CREATE TABLE IF NOT EXISTS `givebankmoney` (
  `Nick` int(24) NOT NULL,
  `Money` int(24) NOT NULL,
  `Reason` varchar(128) NOT NULL,
  `ip` varchar(20) NOT NULL,
  `time` int(50) NOT NULL
) ENGINE=InnoDB DEFAULT CHARSET=utf8;

--
-- Дамп данных таблицы `givebankmoney`
--

INSERT INTO `givebankmoney` (`Nick`, `Money`, `Reason`, `ip`, `time`) VALUES
(35, 0, 'Зарплата (PayDay)', '91.193.128.40', 16),
(35, 20000, 'Админ зарплата (PayDay)', '91.193.128.40', 16),
(35, 0, 'Зарплата (PayDay)', '91.193.128.40', 16),
(35, 20000, 'Админ зарплата (PayDay)', '91.193.128.40', 16),
(35, 9600000, 'Продажа транспорта в госс.', '91.193.128.40', 16),
(35, 0, 'Зарплата (PayDay)', '91.193.128.40', 16),
(35, 20000, 'Админ зарплата (PayDay)', '91.193.128.40', 16),
(1, 6500, 'Зарплата (PayDay)', '91.193.128.40', 16),
(1, 20000, 'Админ зарплата (PayDay)', '91.193.128.40', 16),
(35, 3200000, 'Продажа транспорта в госс.', '91.193.128.40', 16),
(1, 6500, 'Зарплата (PayDay)', '91.193.128.40', 16),
(1, 20000, 'Админ зарплата (PayDay)', '91.193.128.40', 16),
(1, 6500, 'Зарплата (PayDay)', '91.193.128.40', 17),
(1, 20000, 'Админ зарплата (PayDay)', '91.193.128.40', 17),
(1, 6500, 'Зарплата (PayDay)', '91.193.128.40', 17),
(1, 20000, 'Админ зарплата (PayDay)', '91.193.128.40', 17),
(1, 6500, 'Зарплата (PayDay)', '91.193.128.40', 17),
(1, 20000, 'Админ зарплата (PayDay)', '91.193.128.40', 17),
(36, 0, 'Зарплата (PayDay)', '5.153.180.2', 17),
(36, 15000, 'Админ зарплата (PayDay)', '5.153.180.2', 17),
(1, 0, 'Зарплата (PayDay)', '91.193.128.40', 18),
(1, 20000, 'Админ зарплата (PayDay)', '91.193.128.40', 18),
(1, 0, 'Çàðïëàòà (PayDay)', '91.193.128.40', 19),
(1, 20000, 'Àäìèí çàðïëàòà (PayDay)', '91.193.128.40', 19),
(1, 0, 'Зарплата (PayDay)', '91.193.128.40', 19),
(1, 20000, 'Админ зарплата (PayDay)', '91.193.128.40', 19),
(1, 6500, 'Зарплата (PayDay)', '91.193.128.40', 19),
(1, 20000, 'Админ зарплата (PayDay)', '91.193.128.40', 19),
(1, 6500, 'Зарплата (PayDay)', '91.193.128.40', 20),
(1, 20000, 'Админ зарплата (PayDay)', '91.193.128.40', 20),
(1, 0, 'Зарплата (PayDay)', '91.193.128.40', 20),
(1, 20000, 'Админ зарплата (PayDay)', '91.193.128.40', 20),
(1, 0, 'Зарплата (PayDay)', '91.193.128.40', 20),
(1, 20000, 'Админ зарплата (PayDay)', '91.193.128.40', 20),
(1, -12651819, 'Снятие денег с банковского счета', '91.193.128.40', 21),
(1, 1, 'Положил(-а) деньги на банковский счет', '91.193.128.40', 21),
(1, -1, 'Снятие денег с банковского счета', '91.193.128.40', 21),
(1, 1, 'Положил(-а) деньги на банковский счет', '91.193.128.40', 21),
(1, 0, 'Зарплата (PayDay)', '91.193.128.40', 21),
(1, 20000, 'Админ зарплата (PayDay)', '91.193.128.40', 21),
(1, 0, 'Зарплата (PayDay)', '91.193.128.40', 21),
(1, 5000, 'Админ зарплата (PayDay)', '91.193.128.40', 21),
(1, 0, 'Зарплата (PayDay)', '91.193.128.40', 21),
(1, 5000, 'Админ зарплата (PayDay)', '91.193.128.40', 21),
(40, 0, 'Зарплата (PayDay)', '95.153.135.27', 21),
(1, 0, 'Зарплата (PayDay)', '91.193.128.40', 22),
(1, 5000, 'Админ зарплата (PayDay)', '91.193.128.40', 22),
(1, 6500, 'Зарплата (PayDay)', '91.193.128.40', 22),
(1, 5000, 'Админ зарплата (PayDay)', '91.193.128.40', 22),
(40, 6500, 'Зарплата (PayDay)', '95.153.130.13', 22),
(40, 5000, 'Админ зарплата (PayDay)', '95.153.130.13', 22),
(1, 6500, 'Зарплата (PayDay)', '91.193.128.40', 22),
(1, 5000, 'Админ зарплата (PayDay)', '91.193.128.40', 22),
(1, 123, 'Положил деньги в банкомате', '91.193.128.40', 22),
(1, 123, 'Положил деньги в банкомате', '91.193.128.40', 22),
(1, -123, 'Пополнение баланса телефона', '91.193.128.40', 22),
(1, -123, 'Снятие денег в банкомате', '91.193.128.40', 22),
(1, 123, 'Положил деньги в банкомате', '91.193.128.40', 22),
(1, 0, 'Зарплата (PayDay)', '91.193.128.40', 22),
(1, 5000, 'Админ зарплата (PayDay)', '91.193.128.40', 22),
(1, 0, 'Зарплата (PayDay)', '91.193.128.40', 23),
(1, 5000, 'Админ зарплата (PayDay)', '91.193.128.40', 23),
(1, 0, 'Зарплата (PayDay)', '91.193.128.40', 23),
(1, 5000, 'Админ зарплата (PayDay)', '91.193.128.40', 23),
(40, -2222, 'Ïîïîëíåíèå áàëàíñà òåëåôîíà', '95.153.130.30', 23),
(40, 222222, 'Ïîëîæèë äåíüãè â áàíêîìàòå', '95.153.130.30', 23),
(40, -2222, 'Ñíÿòèå äåíåã â áàíêîìàòå', '95.153.130.30', 23),
(1, 0, 'Зарплата (PayDay)', '91.193.128.40', 24),
(1, 5000, 'Админ зарплата (PayDay)', '91.193.128.40', 24),
(1, 0, 'Çàðïëàòà (PayDay)', '91.193.128.40', 24),
(1, 5000, 'Àäìèí çàðïëàòà (PayDay)', '91.193.128.40', 24),
(33, -1426100, 'Снятие денег в банкомате', '91.193.128.40', 24),
(1, 0, 'Зарплата (PayDay)', '91.193.128.40', 24),
(1, 5000, 'Админ зарплата (PayDay)', '91.193.128.40', 24),
(1, 0, 'Зарплата (PayDay)', '91.193.128.40', 24),
(1, 5000, 'Админ зарплата (PayDay)', '91.193.128.40', 24),
(40, -22, 'Ïîïîëíåíèå áàëàíñà òåëåôîíà', '95.153.131.142', 25),
(1, 6500, 'Зарплата (PayDay)', '91.193.128.40', 25),
(1, 5000, 'Админ зарплата (PayDay)', '91.193.128.40', 25),
(1, 0, 'Зарплата (PayDay)', '91.193.128.40', 25),
(1, 5000, 'Админ зарплата (PayDay)', '91.193.128.40', 25),
(1, -1, 'Снятие денег с банковского счета', '91.193.128.40', 25),
(1, 1, 'Положил(-а) деньги на банковский счет', '91.193.128.40', 25),
(40, 6500, 'Зарплата (PayDay)', '95.153.130.151', 25),
(40, 5000, 'Админ зарплата (PayDay)', '95.153.130.151', 25),
(1, 6500, 'Зарплата (PayDay)', '91.193.128.40', 25),
(1, 5000, 'Админ зарплата (PayDay)', '91.193.128.40', 25),
(1, 0, 'Зарплата (PayDay)', '91.193.128.40', 3),
(1, 5000, 'Админ зарплата (PayDay)', '91.193.128.40', 3),
(44, 0, 'Зарплата (PayDay)', '95.153.132.147', 3),
(44, 4000, 'Админ зарплата (PayDay)', '95.153.132.147', 3),
(40, 6500, 'Зарплата (PayDay)', '127.0.0.1', 4),
(40, 5000, 'Админ зарплата (PayDay)', '127.0.0.1', 4),
(1, 0, 'Зарплата (PayDay)', '91.193.128.40', 4),
(1, 5000, 'Админ зарплата (PayDay)', '91.193.128.40', 4),
(1, 6500, 'Зарплата (PayDay)', '91.193.128.40', 4),
(1, 5000, 'Админ зарплата (PayDay)', '91.193.128.40', 4),
(1, 6500, 'Зарплата (PayDay)', '91.193.128.40', 5),
(1, 5000, 'Админ зарплата (PayDay)', '91.193.128.40', 5),
(1, 6500, 'Зарплата (PayDay)', '91.193.128.40', 5),
(1, 5000, 'Админ зарплата (PayDay)', '91.193.128.40', 5),
(1, 0, 'Çàðïëàòà (PayDay)', '91.193.128.40', 5),
(1, 5000, 'Àäìèí çàðïëàòà (PayDay)', '91.193.128.40', 5),
(0, 0, 'Çàðïëàòà (PayDay)', '37.147.120.172', 5),
(1, 0, 'Çàðïëàòà (PayDay)', '91.193.128.40', 5),
(1, 5000, 'Àäìèí çàðïëàòà (PayDay)', '91.193.128.40', 5),
(0, 0, 'Çàðïëàòà (PayDay)', '37.147.120.172', 5),
(47, 0, 'Зарплата (PayDay)', '91.193.128.40', 5),
(47, 5000, 'Админ зарплата (PayDay)', '91.193.128.40', 5),
(47, 1040000, 'Ïðîäàæà òðàíñïîðòà â ãîññ.', '91.193.128.40', 5),
(45, 0, 'Зарплата (PayDay)', '37.147.120.172', 6),
(45, 5000, 'Админ зарплата (PayDay)', '37.147.120.172', 6),
(48, 6500, 'Зарплата (PayDay)', '91.193.128.40', 6),
(48, 5000, 'Админ зарплата (PayDay)', '91.193.128.40', 6),
(48, 6500, 'Зарплата (PayDay)', '91.193.128.40', 6),
(48, 5000, 'Админ зарплата (PayDay)', '91.193.128.40', 6),
(30, 800, 'Зарплата (PayDay)', '62.221.85.2', 6),
(30, 5000, 'Админ зарплата (PayDay)', '62.221.85.2', 6),
(49, 0, 'Зарплата (PayDay)', '91.193.128.40', 6),
(49, 5000, 'Админ зарплата (PayDay)', '91.193.128.40', 6),
(49, 0, 'Çàðïëàòà (PayDay)', '91.193.128.40', 9),
(49, 5000, 'Àäìèí çàðïëàòà (PayDay)', '91.193.128.40', 9),
(36, 0, 'Çàðïëàòà (PayDay)', '5.153.180.162', 9),
(36, 4000, 'Àäìèí çàðïëàòà (PayDay)', '5.153.180.162', 9),
(49, 0, 'Зарплата (PayDay)', '91.193.128.40', 9),
(49, 5000, 'Админ зарплата (PayDay)', '91.193.128.40', 9),
(36, 6500, 'Зарплата (PayDay)', '5.153.180.162', 9),
(36, 4000, 'Админ зарплата (PayDay)', '5.153.180.162', 9),
(49, 6500, 'Зарплата (PayDay)', '91.193.128.40', 9),
(49, 5000, 'Админ зарплата (PayDay)', '91.193.128.40', 9),
(40, 6500, 'Зарплата (PayDay)', '95.153.133.114', 9),
(40, 2000, 'Админ зарплата (PayDay)', '95.153.133.114', 9),
(49, 6500, 'Зарплата (PayDay)', '91.193.128.40', 10),
(49, 5000, 'Админ зарплата (PayDay)', '91.193.128.40', 10),
(49, 0, 'Зарплата (PayDay)', '91.193.128.40', 10),
(49, 5000, 'Админ зарплата (PayDay)', '91.193.128.40', 10),
(49, 6500, 'Çàðïëàòà (PayDay)', '91.193.128.40', 10),
(49, 5000, 'Àäìèí çàðïëàòà (PayDay)', '91.193.128.40', 10),
(49, 12800000, 'Продажа транспорта в госс.', '91.193.128.40', 10),
(49, -15000, 'Снятие денег в банкомате', '91.193.128.40', 10),
(49, -12839500, 'Снятие денег с банковского счета', '91.193.128.40', 10),
(36, 0, 'Зарплата (PayDay)', '5.153.180.162', 10),
(36, 4000, 'Админ зарплата (PayDay)', '5.153.180.162', 10),
(49, 0, 'Зарплата (PayDay)', '91.193.128.40', 10),
(49, 5000, 'Админ зарплата (PayDay)', '91.193.128.40', 10),
(36, 0, 'Зарплата (PayDay)', '5.153.180.162', 10),
(36, 4000, 'Админ зарплата (PayDay)', '5.153.180.162', 10),
(49, 0, 'Зарплата (PayDay)', '91.193.128.40', 10),
(49, 5000, 'Админ зарплата (PayDay)', '91.193.128.40', 10),
(49, -1000, 'Пополнение баланса телефона', '91.193.128.40', 10),
(49, 0, 'Зарплата (PayDay)', '91.193.128.40', 10),
(49, 5000, 'Админ зарплата (PayDay)', '91.193.128.40', 10),
(49, 0, 'Зарплата (PayDay)', '91.193.128.40', 10),
(49, 5000, 'Админ зарплата (PayDay)', '91.193.128.40', 10),
(49, 64000, 'Продажа транспорта в госс.', '91.193.128.40', 10),
(40, 0, 'Зарплата (PayDay)', '95.153.133.114', 10),
(40, 2000, 'Админ зарплата (PayDay)', '95.153.133.114', 10),
(49, 0, 'Зарплата (PayDay)', '91.193.128.40', 10),
(49, 5000, 'Админ зарплата (PayDay)', '91.193.128.40', 10),
(49, 0, 'Зарплата (PayDay)', '91.193.128.40', 11),
(49, 5000, 'Админ зарплата (PayDay)', '91.193.128.40', 11),
(49, 0, 'Зарплата (PayDay)', '91.193.128.40', 11),
(49, 5000, 'Админ зарплата (PayDay)', '91.193.128.40', 11),
(35, 6500, 'Çàðïëàòà (PayDay)', '91.193.128.40', 11),
(35, 5000, 'Àäìèí çàðïëàòà (PayDay)', '91.193.128.40', 11),
(35, 0, 'Çàðïëàòà (PayDay)', '91.193.128.40', 11),
(35, 5000, 'Àäìèí çàðïëàòà (PayDay)', '91.193.128.40', 11),
(53, 0, 'Зарплата (PayDay)', '91.193.128.40', 11),
(53, 5000, 'Админ зарплата (PayDay)', '91.193.128.40', 11),
(53, 0, 'Зарплата (PayDay)', '91.193.128.40', 11),
(53, 5000, 'Админ зарплата (PayDay)', '91.193.128.40', 11),
(54, 0, 'Зарплата (PayDay)', '91.193.128.40', 11),
(36, 0, 'Зарплата (PayDay)', '5.153.180.162', 12),
(36, 5000, 'Админ зарплата (PayDay)', '5.153.180.162', 12),
(36, 6500, 'Зарплата (PayDay)', '5.153.180.162', 12),
(36, 5000, 'Админ зарплата (PayDay)', '5.153.180.162', 12),
(36, 6500, 'Зарплата (PayDay)', '5.153.180.162', 12),
(36, 5000, 'Админ зарплата (PayDay)', '5.153.180.162', 12),
(36, 6500, 'Зарплата (PayDay)', '5.153.180.162', 12),
(36, 5000, 'Админ зарплата (PayDay)', '5.153.180.162', 12),
(36, 6500, 'Зарплата (PayDay)', '5.153.180.162', 12),
(36, 5000, 'Админ зарплата (PayDay)', '5.153.180.162', 12),
(54, 6500, 'Çàðïëàòà (PayDay)', '91.193.128.40', 13),
(54, 5000, 'Àäìèí çàðïëàòà (PayDay)', '91.193.128.40', 13),
(54, 0, 'Зарплата (PayDay)', '91.193.128.40', 13),
(54, 5000, 'Админ зарплата (PayDay)', '91.193.128.40', 13),
(54, 0, 'Зарплата (PayDay)', '91.193.128.40', 13),
(54, 5000, 'Админ зарплата (PayDay)', '91.193.128.40', 13),
(49, 0, 'Çàðïëàòà (PayDay)', '91.193.128.40', 14),
(49, 5000, 'Àäìèí çàðïëàòà (PayDay)', '91.193.128.40', 14),
(30, 800, 'Çàðïëàòà (PayDay)', '95.153.114.83', 14),
(30, 5000, 'Àäìèí çàðïëàòà (PayDay)', '95.153.114.83', 14),
(49, 6500, 'Çàðïëàòà (PayDay)', '91.193.128.40', 14),
(49, 5000, 'Àäìèí çàðïëàòà (PayDay)', '91.193.128.40', 14),
(30, 800, 'Çàðïëàòà (PayDay)', '95.153.114.83', 14),
(30, 5000, 'Àäìèí çàðïëàòà (PayDay)', '95.153.114.83', 14),
(49, 6500, 'Зарплата (PayDay)', '91.193.128.40', 15),
(49, 5000, 'Админ зарплата (PayDay)', '91.193.128.40', 15);

-- --------------------------------------------------------

--
-- Структура таблицы `givemoney`
--

CREATE TABLE IF NOT EXISTS `givemoney` (
  `Nick` int(24) NOT NULL,
  `Money` int(11) NOT NULL,
  `Reason` varchar(50) NOT NULL,
  `ip` varchar(20) NOT NULL,
  `time` int(50) NOT NULL
) ENGINE=InnoDB DEFAULT CHARSET=utf8mb4;

--
-- Дамп данных таблицы `givemoney`
--

INSERT INTO `givemoney` (`Nick`, `Money`, `Reason`, `ip`, `time`) VALUES
(1, 5000000, '/givemoney', '91.193.128.40', 15),
(1, -1, '/pay', '91.193.128.40', 15),
(30, 1, '/pay', '217.19.216.237', 15),
(1, -10000, '/pay', '91.193.128.40', 15),
(30, 10000, '/pay', '217.19.216.237', 15),
(30, -17901, 'Reset Money', '217.19.216.237', 15),
(1, -4989999, 'Reset Money', '91.193.128.40', 15),
(1, 10000, '/givemoney', '91.193.128.40', 15),
(1, -2200, 'Покупка канисты', '91.193.128.40', 15),
(30, -200, 'Попал в больницу', '217.19.216.237', 15),
(30, 0, '/setstat', '217.19.216.237', 15),
(30, -200, 'Попал в больницу', '217.19.216.237', 15),
(1, 10000, '/setstat', '91.193.128.40', 15),
(30, 10000, '/setstat', '217.19.216.237', 15),
(1, -200, 'Попал в больницу', '91.193.128.40', 15),
(35, 1000000, '/givemoney', '91.193.128.40', 16),
(35, -1000000, 'Покупка дома', '91.193.128.40', 16),
(35, 800, 'Продажа транспорта в госс.', '91.193.128.40', 16),
(35, 1200000, '/givemoney', '91.193.128.40', 16),
(35, 10000000, '/givemoney', '91.193.128.40', 16),
(35, 10000000, '/givemoney', '91.193.128.40', 16),
(35, -12000000, 'Покупка автомобиля в автосалоне', '91.193.128.40', 16),
(35, -4000000, 'Покупка автомобиля в автосалоне', '91.193.128.40', 16),
(35, -10000, 'Покупка транспорта у игрока', '91.193.128.40', 16),
(1, 10000, 'Продажа транспорта игроку', '91.193.128.40', 16),
(35, -200, 'Попал в больницу', '91.193.128.40', 16),
(1, -1, 'Покупка транспорта у игрока', '91.193.128.40', 16),
(35, 1, 'Продажа транспорта игроку', '91.193.128.40', 16),
(1, -200, 'Попал в больницу', '91.193.128.40', 16),
(1, -200, 'Попал в больницу', '91.193.128.40', 17),
(36, -200, 'Попал в больницу', '5.153.180.2', 17),
(1, -1320, 'Покупка бензина', '91.193.128.40', 18),
(1, -1320, 'Покупка бензина', '91.193.128.40', 18),
(1, -200, 'Покупка куриного супа в столовой', '91.193.128.40', 18),
(1, -50, 'Покупка стакана компота в столовой', '91.193.128.40', 18),
(1, -50, 'Покупка стакана компота в столовой', '91.193.128.40', 18),
(1, -200, 'Покупка куриного супа в столовой', '91.193.128.40', 18),
(1, -200, 'Покупка куриного супа в столовой', '91.193.128.40', 18),
(1, -200, 'Покупка куриного супа в столовой', '91.193.128.40', 18),
(1, -200, 'Покупка куриного супа в столовой', '91.193.128.40', 18),
(1, -50, 'Покупка стакана компота в столовой', '91.193.128.40', 18),
(1, -50, 'Покупка стакана компота в столовой', '91.193.128.40', 18),
(1, -50, 'Покупка стакана компота в столовой', '91.193.128.40', 18),
(1, -50, 'Покупка стакана компота в столовой', '91.193.128.40', 18),
(1, -50, 'Покупка стакана компота в столовой', '91.193.128.40', 18),
(1, -50, 'Покупка стакана компота в столовой', '91.193.128.40', 18),
(1, -50, 'Покупка стакана компота в столовой', '91.193.128.40', 18),
(1, -50, 'Покупка стакана компота в столовой', '91.193.128.40', 18),
(1, -50, 'Покупка стакана компота в столовой', '91.193.128.40', 18),
(1, -200, 'Попал в больницу', '91.193.128.40', 18),
(39, -200, 'Попал в больницу', '5.44.169.71', 19),
(39, 4000, '/givemoney', '5.44.169.71', 19),
(1, -4000, 'Покупка металла для армии', '91.193.128.40', 19),
(39, -4000, 'Покупка металла для армии', '5.44.169.71', 19),
(1, -5000, 'Сдача экзамена', '91.193.128.40', 19),
(1, -5000, 'Сдача экзамена', '91.193.128.40', 19),
(1, -5000, 'Сдача экзамена', '91.193.128.40', 19),
(1, -5000, 'Сдача экзамена', '91.193.128.40', 20),
(1, -5000, 'Сдача экзамена', '91.193.128.40', 20),
(1, 387, 'Зарплата шахтёра', '91.193.128.40', 20),
(1, 621, 'Зарплата шахтёра', '91.193.128.40', 20),
(1, 8000, 'Продажа дома в Госс', '91.193.128.40', 20),
(1, -2000, 'Аренда квартиры', '91.193.128.40', 20),
(1, 3000, '/givemoney', '91.193.128.40', 20),
(1, -10000, 'Покупка дома', '91.193.128.40', 20),
(1, 12651819, 'Снятие денег с банковского счета', '91.193.128.40', 21),
(1, -12652026, 'Reset Money', '91.193.128.40', 21),
(1, 1, '/givemoney', '91.193.128.40', 21),
(1, -1, 'Положил(-а) деньги на банковский счет', '91.193.128.40', 21),
(1, 1, 'Снятие денег с банковского счета', '91.193.128.40', 21),
(1, -1, 'Положил(-а) деньги на банковский счет', '91.193.128.40', 21),
(1, 0, 'Оплата дома', '91.193.128.40', 21),
(1, 10000, '/givemoney', '91.193.128.40', 21),
(1, -3000, 'Оплата дома', '91.193.128.40', 21),
(1, -3000, 'Оплата дома', '91.193.128.40', 21),
(1, 5000, '/givemoney', '91.193.128.40', 21),
(1, -9000, 'Оплата бизнеса', '91.193.128.40', 21),
(1, 100000, '/givemoney', '91.193.128.40', 21),
(1, -27000, 'Оплата бизнеса', '91.193.128.40', 21),
(1, -12000, 'Оплата дома', '91.193.128.40', 21),
(1, 0, 'Снял деньги с баланса бизнеса', '91.193.128.40', 21),
(1, 4900, 'Снял деньги с баланса бизнеса', '91.193.128.40', 21),
(1, 1500, '/givemoney', '91.193.128.40', 21),
(1, -101500, 'Reset Money', '91.193.128.40', 21),
(1, 1500, '/givemoney', '91.193.128.40', 21),
(1, -800, 'Аренда фуры', '91.193.128.40', 21),
(1, 3000, 'Зарплата дальнобойщика!', '91.193.128.40', 22),
(1, 3000, 'Зарплата дальнобойщика!', '91.193.128.40', 22),
(1, -5500, 'Сдача экзамена', '91.193.128.40', 22),
(40, 8000, 'Продажа дома в Госс', '95.153.130.13', 22),
(40, -1, '/pay', '95.153.130.13', 22),
(1, 1, '/pay', '91.193.128.40', 22),
(40, -1, '/pay', '95.153.130.13', 22),
(1, 1, '/pay', '91.193.128.40', 22),
(40, -1, '/pay', '95.153.130.13', 22),
(1, 1, '/pay', '91.193.128.40', 22),
(40, -2000, '/pay', '95.153.130.13', 22),
(1, 2000, '/pay', '91.193.128.40', 22),
(40, -1, '/pay', '95.153.130.13', 22),
(1, 1, '/pay', '91.193.128.40', 22),
(1, 8000, 'Продажа дома в Госс', '91.193.128.40', 22),
(40, -1, '/pay', '95.153.130.13', 22),
(1, 1, '/pay', '91.193.128.40', 22),
(1, -10000, 'Покупка дома', '91.193.128.40', 22),
(40, -200, 'Попал в больницу', '95.153.130.13', 22),
(40, -2000, 'Аренда квартиры', '95.153.130.13', 22),
(40, -2000, 'Оплата квартиры', '95.153.130.13', 22),
(40, 0, 'Оплата квартиры', '95.153.130.13', 22),
(1, 8000, 'Продажа дома в Госс', '91.193.128.40', 22),
(40, 0, 'Оплата квартиры', '95.153.130.13', 22),
(1, -2000, 'Аренда квартиры', '91.193.128.40', 22),
(1, -4000, 'Оплата квартиры', '91.193.128.40', 22),
(1, -4000, 'Оплата квартиры', '91.193.128.40', 22),
(1, -4000, 'Оплата квартиры', '91.193.128.40', 22),
(1, 20000, '/givemoney', '91.193.128.40', 22),
(1, 20000, '/givemoney', '91.193.128.40', 22),
(1, 20000, '/givemoney', '91.193.128.40', 22),
(1, -40000, 'Оплата квартиры', '91.193.128.40', 22),
(1, -2000, 'Оплата квартиры', '91.193.128.40', 22),
(40, -3795, 'Reset Money', '95.153.130.13', 22),
(40, 2222222, '/givemoney', '95.153.130.13', 22),
(40, -40000, 'Оплата квартиры', '95.153.130.13', 22),
(40, -200, 'Попал в больницу', '95.153.130.13', 22),
(40, -200, 'Попал в больницу', '95.153.130.13', 22),
(40, -200, 'Попал в больницу', '95.153.130.13', 22),
(1, -200, 'Попал в больницу', '91.193.128.40', 22),
(40, -200, 'Попал в больницу', '95.153.130.13', 22),
(1, 25000000, '/givemoney', '91.193.128.40', 22),
(36, 25000000, '/givemoney', '5.153.180.2', 22),
(36, 25000000, '/givemoney', '5.153.180.2', 22),
(1, 180000, 'Выигрыш в казино', '91.193.128.40', 22),
(40, -200000, 'Проигрыш в казино', '95.153.130.13', 22),
(36, 4000000, 'Продажа бизнеса', '5.153.180.2', 22),
(36, -30000000, 'Покупка бизнесса!', '5.153.180.2', 22),
(1, -2000000, '/pay', '91.193.128.40', 22),
(40, 2000000, '/pay', '95.153.130.13', 22),
(1, -1000000, 'Проигрыш в казино', '91.193.128.40', 22),
(36, 900000, 'Выигрыш в казино', '5.153.180.2', 22),
(1, -1000000, 'Проигрыш в казино', '91.193.128.40', 22),
(36, 900000, 'Выигрыш в казино', '5.153.180.2', 22),
(1, -1000000, 'Проигрыш в казино', '91.193.128.40', 22),
(36, 900000, 'Выигрыш в казино', '5.153.180.2', 22),
(36, -1, '/pay', '5.153.180.2', 22),
(1, 1, '/pay', '91.193.128.40', 22),
(36, -1, '/pay', '5.153.180.2', 22),
(1, 1, '/pay', '91.193.128.40', 22),
(36, -1, '/pay', '5.153.180.2', 22),
(1, 1, '/pay', '91.193.128.40', 22),
(36, -1, '/pay', '5.153.180.2', 22),
(1, 1, '/pay', '91.193.128.40', 22),
(36, -1, '/pay', '5.153.180.2', 22),
(1, 1, '/pay', '91.193.128.40', 22),
(36, -1, '/pay', '5.153.180.2', 22),
(1, 1, '/pay', '91.193.128.40', 22),
(1, -500000, 'Проигрыш в казино', '91.193.128.40', 22),
(36, 450000, 'Выигрыш в казино', '5.153.180.2', 22),
(1, 900000, 'Выигрыш в казино', '91.193.128.40', 22),
(36, -1000000, 'Проигрыш в казино', '5.153.180.2', 22),
(1, -10000000, 'Проигрыш в казино', '91.193.128.40', 22),
(36, 9000000, 'Выигрыш в казино', '5.153.180.2', 22),
(36, -200, 'Попал в больницу', '5.153.180.2', 22),
(36, -200, 'Попал в больницу', '5.153.180.2', 22),
(36, -200, 'Попал в больницу', '5.153.180.2', 22),
(36, -200, 'Попал в больницу', '5.153.180.2', 22),
(36, -200, 'Попал в больницу', '5.153.180.2', 22),
(36, -200, 'Попал в больницу', '5.153.180.2', 22),
(40, -200, 'Попал в больницу', '95.153.130.13', 22),
(36, -200, 'Попал в больницу', '5.153.180.2', 22),
(40, -200, 'Попал в больницу', '95.153.130.13', 22),
(40, -200, 'Попал в больницу', '95.153.130.13', 22),
(1, 1000, '/givemoney', '91.193.128.40', 22),
(1, 10000, '/givemoney', '91.193.128.40', 22),
(1, -123, 'Положил деньги в банкомате', '91.193.128.40', 22),
(1, -123, 'Положил деньги в банкомате', '91.193.128.40', 22),
(1, 123, 'Снятие денег в банкомате', '91.193.128.40', 22),
(1, -123, 'Положил деньги в банкомате', '91.193.128.40', 22),
(1, -3840, 'Оплата всех штрафов', '91.193.128.40', 22),
(1, -2000, 'Аренда квартиры', '91.193.128.40', 22),
(1, -2000, 'Аренда квартиры', '91.193.128.40', 22),
(1, -2000, 'Покупка телефона', '91.193.128.40', 22),
(1, -200, 'Покупка сим-карты', '91.193.128.40', 22),
(1, -200, 'Покупка сим-карты', '91.193.128.40', 22),
(1, 2000, '/givemoney', '91.193.128.40', 23),
(1, -2400, 'Оплата штрафа', '91.193.128.40', 23),
(1, 81000, '/givemoney', '91.193.128.40', 23),
(1, 6, '/givemoney', '91.193.128.40', 23),
(1, -81120, 'Оплата всех штрафов', '91.193.128.40', 23),
(1, 2000, '/givemoney', '91.193.128.40', 23),
(1, -2000, 'Аренда квартиры', '91.193.128.40', 23),
(23, -5000, 'Âõîä â áèçíåññ', '91.193.128.40', 23),
(40, -2000, 'Ïîêóïêà òåëåôîíà', '95.153.130.30', 23),
(40, -200, 'Ïîêóïêà ñèì-êàðòû', '95.153.130.30', 23),
(40, -222222, 'Ïîëîæèë äåíüãè â áàíêîìàòå', '95.153.130.30', 23),
(40, 2222, 'Ñíÿòèå äåíåã â áàíêîìàòå', '95.153.130.30', 23),
(33, 1426100, 'Снятие денег в банкомате', '91.193.128.40', 24),
(33, -200, 'Попал в больницу', '91.193.128.40', 24),
(1, 1, '/givemoney', '91.193.128.40', 25),
(1, -1, 'Оплата всех штрафов', '91.193.128.40', 25),
(1, 10000, '/givemoney', '91.193.128.40', 25),
(1, -5000, 'Покупка наркотиков в порту', '91.193.128.40', 25),
(1, -200, 'Покупка металла', '91.193.128.40', 25),
(1, 500000, '/givemoney', '91.193.128.40', 25),
(1, -500000, '/givemoney', '91.193.128.40', 25),
(1, 1, 'Снятие денег с банковского счета', '91.193.128.40', 25),
(1, -1, 'Положил(-а) деньги на банковский счет', '91.193.128.40', 25),
(1, 500000, '/givemoney', '91.193.128.40', 25),
(1, -500000, 'Создание семьи', '91.193.128.40', 25),
(40, 2, 'Снял деньги с баланса бизнеса', '95.153.130.151', 25),
(40, 4000000, 'Продажа бизнеса', '95.153.130.151', 25),
(1, -200, 'Попал в больницу', '91.193.128.40', 25),
(40, 500, 'Нейтрализовал преступника', '95.153.130.151', 25),
(40, -200, 'Попал в больницу', '95.153.130.151', 25),
(40, -200, 'Попал в больницу', '95.153.130.151', 25),
(44, -400, 'Reset Money', '95.153.132.147', 3),
(44, 222222, '/givemoney', '95.153.132.147', 3),
(44, 2222222, '/givemoney', '95.153.132.147', 3),
(44, 22222222, '/givemoney', '95.153.132.147', 3),
(44, 222222222, '/givemoney', '95.153.132.147', 3),
(44, -2000, 'Аренда квартиры', '95.153.132.147', 3),
(44, -150000, 'Покупка автомобиля в автосалоне', '95.153.132.147', 3),
(44, -800, 'Аренда фуры', '95.153.132.147', 3),
(1, -4500, 'Аренда фуры', '91.193.128.40', 3),
(1, 2000, '/givemoney', '91.193.128.40', 4),
(1, -50, 'Покупка пива', '91.193.128.40', 4),
(1, -30, 'Покупка сигарет', '91.193.128.40', 4),
(1, -40, 'Покупка чипс', '91.193.128.40', 4),
(1, -10, 'Покупка зажигалки', '91.193.128.40', 4),
(1, -500, 'Покупка дров', '91.193.128.40', 4),
(1, -50, 'Покупка пепси', '91.193.128.40', 4),
(1, -500, 'Покупка фотоапарата', '91.193.128.40', 4),
(1, -50, 'Покупка пива', '91.193.128.40', 4),
(1, -30, 'Покупка сигарет', '91.193.128.40', 4),
(1, -40, 'Покупка чипс', '91.193.128.40', 4),
(1, -50, 'Покупка пива', '91.193.128.40', 4),
(1, -50, 'Покупка пива', '91.193.128.40', 4),
(1, -30, 'Покупка сигарет', '91.193.128.40', 4),
(1, -30, 'Покупка сигарет', '91.193.128.40', 4),
(1, -40, 'Покупка чипс', '91.193.128.40', 4),
(1, -40, 'Покупка чипс', '91.193.128.40', 4),
(1, -10, 'Покупка зажигалки', '91.193.128.40', 4),
(1, -10, 'Покупка зажигалки', '91.193.128.40', 4),
(1, -10, 'Покупка зажигалки', '91.193.128.40', 4),
(1, -50, 'Покупка пепси', '91.193.128.40', 4),
(1, -50, 'Покупка пепси', '91.193.128.40', 4),
(1, -50, 'Покупка пепси', '91.193.128.40', 4),
(1, 6000, '/givemoney', '91.193.128.40', 4),
(1, -5280, 'Оплата всех штрафов', '91.193.128.40', 4),
(1, -200, 'Попал в больницу', '91.193.128.40', 4),
(1, 4000, '/givemoney', '91.193.128.40', 5),
(1, -4000, 'Покупка металла для армии', '91.193.128.40', 5),
(0, 10000000, '/givemoney', '37.147.120.172', 5),
(0, 10000000, '/givemoney', '37.147.120.172', 5),
(0, 2000000, '/givemoney', '37.147.120.172', 5),
(0, 20000000, '/givemoney', '37.147.120.172', 5),
(0, 200000000, '/givemoney', '37.147.120.172', 5),
(1, 200000000, '/givemoney', '91.193.128.40', 5),
(1, 4000000, 'Ïðîäàæà áèçíåñà', '91.193.128.40', 5),
(1, -20000000, 'Ïîêóïêà áèçíåññà!', '91.193.128.40', 5),
(0, 4000000, 'Ïðîäàæà áèçíåñà', '37.147.120.172', 5),
(0, -1, 'Ïîêóïêà áèçíåñà ó èãðîêà', '37.147.120.172', 5),
(1, 1, 'Ïðîäàæà áèçíåñà èãðîêó', '91.193.128.40', 5),
(0, 4000000, 'Ïðîäàæà áèçíåñà', '37.147.120.172', 5),
(0, -200, 'Àðåíäà óáîðî÷íîé ìàøèíû!', '37.147.120.172', 5),
(1, -30000000, 'Ïîêóïêà áèçíåññà!', '91.193.128.40', 5),
(0, -1, 'Ïîêóïêà áèçíåñà ó èãðîêà', '37.147.120.172', 5),
(1, 1, 'Ïðîäàæà áèçíåñà èãðîêó', '91.193.128.40', 5),
(0, 4000000, 'Ïðîäàæà áèçíåñà', '37.147.120.172', 5),
(0, -1000000, 'Ïîêóïêà áèçíåññà!', '37.147.120.172', 5),
(1, -1, 'Ïîêóïêà áèçíåñà ó èãðîêà', '91.193.128.40', 5),
(0, 1, 'Ïðîäàæà áèçíåñà èãðîêó', '37.147.120.172', 5),
(0, -10000, 'Ïîêóïêà äîìà', '37.147.120.172', 5),
(45, -1000, 'Покупка бизнеса у игрока', '37.147.120.172', 5),
(1, 1000, 'Продажа бизнеса игроку', '91.193.128.40', 5),
(1, -154001001, 'Reset Money', '91.193.128.40', 5),
(45, -200, 'Попал в больницу', '37.147.120.172', 5),
(45, -200, 'Попал в больницу', '37.147.120.172', 5),
(45, -5000, 'Ñäà÷à ýêçàìåíà', '37.147.120.172', 5),
(0, 10000000, '/givemoney', '91.193.128.40', 5),
(0, -1000000, 'Покупка дома', '91.193.128.40', 5),
(0, -1300000, 'Покупка автомобиля в автосалоне', '91.193.128.40', 5),
(47, 800000, 'Продажа дома в Госс', '91.193.128.40', 5),
(47, -2000, 'Àðåíäà êâàðòèðû', '91.193.128.40', 5),
(45, -6500, 'Сдача экзамена', '37.147.120.172', 5),
(45, -2500000, 'Покупка автомобиля в автосалоне', '37.147.120.172', 5),
(45, 50, 'Зарплата грузчика', '37.147.120.172', 5),
(45, -200, 'Аренда уборочной машины!', '37.147.120.172', 5),
(48, 0, 'Зарплата грузчика', '91.193.128.40', 5),
(48, 1000000, '/givemoney', '91.193.128.40', 6),
(48, -1000000, 'Покупка дома', '91.193.128.40', 6),
(48, 800000, 'Продажа дома в Госс', '91.193.128.40', 6),
(48, -2000, 'Аренда квартиры', '91.193.128.40', 6),
(48, -2000, 'Аренда квартиры', '91.193.128.40', 6),
(48, 500000, '/givemoney', '91.193.128.40', 6),
(48, 500000, '/givemoney', '91.193.128.40', 6),
(48, -1300000, 'Покупка автомобиля в автосалоне', '91.193.128.40', 6),
(48, -200, 'Попал в больницу', '91.193.128.40', 6),
(48, -200, 'Попал в больницу', '91.193.128.40', 6),
(30, -200, 'Попал в больницу', '62.221.85.2', 6),
(30, -200, 'Попал в больницу', '62.221.85.2', 6),
(30, -200, 'Попал в больницу', '62.221.85.2', 6),
(30, -200, 'Попал в больницу', '62.221.85.2', 6),
(48, -500, 'Покупка маски в аптеке', '91.193.128.40', 6),
(30, -200, 'Попал в больницу', '62.221.85.2', 6),
(48, -200, 'Попал в больницу', '91.193.128.40', 6),
(49, 25000, 'Через донат', '91.193.128.40', 6),
(49, -2500, 'Покупка наркотиков в порту', '91.193.128.40', 6),
(49, 100000, 'Через донат', '91.193.128.40', 6),
(49, 200000, 'Через донат', '91.193.128.40', 6),
(49, 65000, 'Через донат', '91.193.128.40', 6),
(49, 200000, '/givemoney', '91.193.128.40', 6),
(49, -500000, 'Создание семьи', '91.193.128.40', 6),
(30, -200, 'Попал в больницу', '62.221.85.2', 6),
(49, -25000, 'Покупка наркотиков в порту', '91.193.128.40', 6),
(30, -200, 'Попал в больницу', '62.221.85.2', 6),
(30, -200, 'Попал в больницу', '62.221.85.2', 6),
(30, -200, 'Попал в больницу', '62.221.85.2', 6),
(30, -200, 'Попал в больницу', '62.221.85.2', 6),
(36, 500, '×åðåç äîíàò', '5.153.180.162', 9),
(36, 500, '×åðåç äîíàò', '5.153.180.162', 9),
(49, -200, 'Аренда машины таксиста', '91.193.128.40', 9),
(49, 0, 'Проезд в маршрутке', '91.193.128.40', 9),
(36, 0, 'Проезд в маршрутке', '5.153.180.162', 9),
(36, -124, 'Проезд в такси', '5.153.180.162', 9),
(49, 124, 'Работа таксиста', '91.193.128.40', 9),
(36, -124, 'Проезд в такси', '5.153.180.162', 9),
(49, 124, 'Работа таксиста', '91.193.128.40', 9),
(36, -200, 'Аренда машина автомеханика', '5.153.180.162', 9),
(36, -200, 'Аренда машина автомеханика', '5.153.180.162', 9),
(49, -100, 'Починка транспорта', '91.193.128.40', 9),
(36, 100, 'Починка транспорта', '5.153.180.162', 9),
(36, 0, 'Проезд в маршрутке', '5.153.180.162', 9),
(49, 0, 'Проезд в маршрутке', '91.193.128.40', 9),
(36, -500, 'Покупка абонемента в баню', '5.153.180.162', 9),
(36, -200, 'Аренда автобуса', '5.153.180.162', 9),
(49, -2000, 'Аренда квартиры', '91.193.128.40', 9),
(49, 1600000, '/givemoney', '91.193.128.40', 9),
(49, 1600000, '/givemoney', '91.193.128.40', 9),
(49, 1600000, '/givemoney', '91.193.128.40', 9),
(49, 1600000, '/givemoney', '91.193.128.40', 9),
(49, 1600000, '/givemoney', '91.193.128.40', 9),
(49, 1600000, '/givemoney', '91.193.128.40', 9),
(49, 1600000, '/givemoney', '91.193.128.40', 9),
(49, 1600000, '/givemoney', '91.193.128.40', 9),
(49, 1600000, '/givemoney', '91.193.128.40', 9),
(49, 1600000, '/givemoney', '91.193.128.40', 9),
(49, -16000000, 'Покупка автомобиля в автосалоне', '91.193.128.40', 9),
(36, -500000, 'Создание семьи', '5.153.180.162', 9),
(40, -200, 'Покупка куриного супа в столовой', '95.153.133.114', 9),
(40, -100, 'Покупка макарон с катлетами в столовой', '95.153.133.114', 9),
(49, 4000, 'Нейтрализовал преступника', '91.193.128.40', 9),
(49, -1000, 'Покупка аптечки в аптеке', '91.193.128.40', 9),
(49, -1000, 'Покупка аптечки в аптеке', '91.193.128.40', 9),
(49, -500, 'Покупка маски в аптеке', '91.193.128.40', 9),
(40, -200, 'Попал в больницу', '95.153.133.114', 9),
(40, -200, 'Попал в больницу', '95.153.133.114', 9),
(40, 500, 'Нейтрализовал преступника', '95.153.133.114', 9),
(40, -200, 'Попал в больницу', '95.153.133.114', 9),
(40, -200, 'Попал в больницу', '95.153.133.114', 9),
(49, -200, 'Попал в больницу', '91.193.128.40', 9),
(49, -5580, 'Оплата всех штрафов', '91.193.128.40', 9),
(49, 2000, 'Выигрыш в казино', '91.193.128.40', 9),
(40, -2222, 'Проигрыш в казино', '95.153.133.114', 9),
(49, -2222, 'Проигрыш в казино', '91.193.128.40', 9),
(40, 2000, 'Выигрыш в казино', '95.153.133.114', 9),
(49, 9000, 'Выигрыш в казино', '91.193.128.40', 9),
(40, -10000, 'Проигрыш в казино', '95.153.133.114', 9),
(49, 2000, 'Выигрыш в казино', '91.193.128.40', 9),
(40, -2222, 'Проигрыш в казино', '95.153.133.114', 9),
(49, 2000, 'Выигрыш в казино', '91.193.128.40', 9),
(40, -2222, 'Проигрыш в казино', '95.153.133.114', 9),
(49, 2000, 'Выигрыш в казино', '91.193.128.40', 9),
(40, -2222, 'Проигрыш в казино', '95.153.133.114', 9),
(49, -2222, 'Проигрыш в казино', '91.193.128.40', 9),
(40, 2000, 'Выигрыш в казино', '95.153.133.114', 9),
(49, 500, 'Посадил преступника', '91.193.128.40', 9),
(49, -200, 'Попал в больницу', '91.193.128.40', 9),
(49, -2000, 'Покупка телефона', '91.193.128.40', 10),
(49, 20000000, '/givemoney', '91.193.128.40', 10),
(49, -20000000, 'Ïîêóïêà áèçíåññà!', '91.193.128.40', 10),
(49, -2000, 'Ïîêóïêà ðþêçàêà', '91.193.128.40', 10),
(49, 15000, 'Снятие денег в банкомате', '91.193.128.40', 10),
(49, -80000, 'Покупка автомобиля в автосалоне', '91.193.128.40', 10),
(49, 12839500, 'Снятие денег с банковского счета', '91.193.128.40', 10),
(49, -108000, 'Оплата бизнеса', '91.193.128.40', 10),
(49, -5000, 'Покупка услуги СТО', '91.193.128.40', 10),
(49, -1000, 'Перекраска авто в СТО', '91.193.128.40', 10),
(49, -1000, 'Ремонт авто в СТО!', '91.193.128.40', 10),
(49, -3000000, 'Покупка дома', '91.193.128.40', 10),
(49, -200, 'Покупка сим-карты', '91.193.128.40', 10),
(49, 10, 'Редактирование сообщения(/edit)', '91.193.128.40', 10),
(40, -200, 'Попал в больницу', '95.153.133.114', 10),
(49, -200, 'Попал в больницу', '91.193.128.40', 10),
(49, 500, 'Нейтрализовал преступника', '91.193.128.40', 10),
(49, -9725024, 'Reset Money', '91.193.128.40', 10),
(40, -7743036, 'Reset Money', '95.153.133.114', 10),
(49, 402, 'Зарплата шахтёра', '91.193.128.40', 10),
(40, 207, 'Зарплата шахтёра', '95.153.133.114', 10),
(49, -200, 'Аренда автобуса', '91.193.128.40', 10),
(40, 0, 'Зарплата водолаза', '95.153.133.114', 10),
(40, 0, 'Зарплата водолаза', '95.153.133.114', 10),
(49, 200, 'Проезд в маршрутке', '91.193.128.40', 10),
(40, -200, 'Проезд в маршрутке', '95.153.133.114', 10),
(40, 200, '/givemoney', '95.153.133.114', 10),
(40, -200, 'Аренда автобуса', '95.153.133.114', 10),
(40, 200, '/givemoney', '95.153.133.114', 10),
(40, -200, 'Аренда автобуса', '95.153.133.114', 10),
(40, -200, 'Попал в больницу', '95.153.133.114', 10),
(40, -200, 'Попал в больницу', '95.153.133.114', 10),
(40, -200, 'Попал в больницу', '95.153.133.114', 10),
(49, 100000, '/givemoney', '91.193.128.40', 11),
(49, -100000, 'Покупка рецепта на оружие', '91.193.128.40', 11),
(35, -500000, 'Ñîçäàíèå ñåìüè', '91.193.128.40', 11),
(35, 84, 'Çàðïëàòà øàõò¸ðà', '91.193.128.40', 11),
(35, -200, 'Àðåíäà óáîðî÷íîé ìàøèíû!', '91.193.128.40', 11),
(35, -800, 'Àðåíäà ôóðû', '91.193.128.40', 11),
(35, 1000, 'Çàðïëàòà äàëüíîáîéùèêà!', '91.193.128.40', 11),
(35, -200, 'Àðåíäà àâòîáóñà', '91.193.128.40', 11),
(35, -200, 'Àðåíäà ìàøèíû òàêñèñòà', '91.193.128.40', 11),
(35, -200, 'Àðåíäà ìàøèíà àâòîìåõàíèêà', '91.193.128.40', 11),
(54, 2000, '/givemoney', '91.193.128.40', 12),
(54, -2000, 'Аренда квартиры', '91.193.128.40', 12),
(54, -200, 'Аренда уборочной машины!', '91.193.128.40', 12),
(36, -4500, 'Аренда фуры', '5.153.180.162', 12),
(36, 4000, 'Зарплата дальнобойщика!', '5.153.180.162', 12),
(36, -2000, 'Аренда квартиры', '5.153.180.162', 12),
(36, -4000, 'Покупка металла для армии', '5.153.180.162', 12),
(36, -2000, 'Покупка металла', '5.153.180.162', 12),
(36, -34640796, 'Reset Money', '5.153.180.162', 12),
(36, 3084, 'Зарплата шахтёра', '5.153.180.162', 12),
(49, 2400000, 'Ïðîäàæà äîìà â Ãîññ', '91.193.128.40', 14),
(49, 600000, '/givemoney', '91.193.128.40', 14),
(49, -3000000, 'Ïîêóïêà äîìà', '91.193.128.40', 14),
(49, 1000000, '/givemoney', '91.193.128.40', 14),
(49, -1000000, 'Ïîêóïêà àâòîìîáèëÿ â àâòîñàëîíå', '91.193.128.40', 14),
(49, 1000000, '/givemoney', '91.193.128.40', 14),
(49, -5000, 'Ïîêóïêà óñëóãè ÑÒÎ', '91.193.128.40', 14),
(49, -4000, 'Ïîêóïêà óñëóãè ÑÒÎ', '91.193.128.40', 14),
(49, -1000, 'Ïåðåêðàñêà àâòî â ÑÒÎ', '91.193.128.40', 14),
(49, -1500, 'Ïîêóïêà óñëóãè ÑÒÎ', '91.193.128.40', 14),
(49, -1000, 'Ðåìîíò àâòî â ÑÒÎ!', '91.193.128.40', 14),
(49, -1000, 'Ïåðåêðàñêà àâòî â ÑÒÎ', '91.193.128.40', 14),
(49, -200, 'Ïîïàë â áîëüíèöó', '91.193.128.40', 14),
(49, -200, 'Ïîïàë â áîëüíèöó', '91.193.128.40', 14),
(49, -1000, 'Ðåìîíò àâòî â ÑÒÎ!', '91.193.128.40', 14),
(30, -200, 'Ïîïàë â áîëüíèöó', '95.153.114.83', 14),
(49, -200, 'Ïîïàë â áîëüíèöó', '91.193.128.40', 14),
(49, -200, 'Ïîïàë â áîëüíèöó', '91.193.128.40', 14),
(30, -200, 'Ïîïàë â áîëüíèöó', '95.153.114.83', 14),
(49, -200, 'Ïîïàë â áîëüíèöó', '91.193.128.40', 14),
(49, -200, 'Ïîïàë â áîëüíèöó', '91.193.128.40', 14),
(49, -200, 'Ïîïàë â áîëüíèöó', '91.193.128.40', 14),
(49, -200, 'Ïîïàë â áîëüíèöó', '91.193.128.40', 14),
(30, -200, 'Ïîïàë â áîëüíèöó', '95.153.114.83', 14),
(49, -1000, 'Ðåìîíò àâòî â ÑÒÎ!', '91.193.128.40', 14),
(30, -1000, 'Ðåìîíò àâòî â ÑÒÎ!', '95.153.114.83', 14),
(49, -200, 'Ïîïàë â áîëüíèöó', '91.193.128.40', 14),
(49, -50, 'Покупка пива', '91.193.128.40', 15),
(49, -50, 'Покупка пива', '91.193.128.40', 15),
(49, -50, 'Покупка пива', '91.193.128.40', 15),
(49, -50, 'Покупка пива', '91.193.128.40', 15),
(49, -50, 'Покупка пива', '91.193.128.40', 15),
(49, -3120, 'Оплата всех штрафов', '91.193.128.40', 15),
(30, -200, 'Попал в больницу', '95.153.114.83', 15),
(30, 1000, 'Нейтрализовал преступника', '95.153.114.83', 15),
(49, -200, 'Попал в больницу', '91.193.128.40', 15),
(49, -200, 'Попал в больницу', '91.193.128.40', 15),
(49, -200, 'Попал в больницу', '91.193.128.40', 15),
(49, -200, 'Попал в больницу', '91.193.128.40', 15),
(49, -200, 'Попал в больницу', '91.193.128.40', 15),
(49, -200, 'Попал в больницу', '91.193.128.40', 15),
(49, -200, 'Попал в больницу', '91.193.128.40', 15),
(49, -200, 'Попал в больницу', '91.193.128.40', 15),
(49, -200, 'Попал в больницу', '91.193.128.40', 15),
(49, -200, 'Попал в больницу', '91.193.128.40', 15),
(30, -200, 'Попал в больницу', '95.153.114.83', 15),
(49, -200, 'Попал в больницу', '91.193.128.40', 15),
(49, 1000, 'Нейтрализовал преступника', '91.193.128.40', 15),
(30, -200, 'Попал в больницу', '95.153.114.83', 15),
(30, -200, 'Попал в больницу', '95.153.114.83', 15),
(30, 500, 'Нейтрализовал преступника', '95.153.114.83', 15),
(49, 0, 'Çàðïëàòà ãðóç÷èêà', '91.193.128.40', 17),
(49, 0, 'Çàðïëàòà øàõò¸ðà', '91.193.128.40', 17);

-- --------------------------------------------------------

--
-- Структура таблицы `houses`
--

CREATE TABLE IF NOT EXISTS `houses` (
  `hID` int(11) NOT NULL AUTO_INCREMENT,
  `hExitX` float NOT NULL DEFAULT '0',
  `hExitY` float NOT NULL DEFAULT '0',
  `hExitZ` float NOT NULL DEFAULT '0',
  `hOwned` int(2) NOT NULL DEFAULT '0',
  `hOwner` varchar(32) NOT NULL DEFAULT 'None',
  `hPrice` int(9) NOT NULL DEFAULT '1000',
  `hType` int(2) NOT NULL DEFAULT '1',
  `hDays` int(3) NOT NULL DEFAULT '3',
  `hLock` int(2) NOT NULL DEFAULT '0',
  `car_pos_x` float NOT NULL DEFAULT '0',
  `car_pos_y` float NOT NULL DEFAULT '0',
  `car_pos_z` float NOT NULL DEFAULT '0',
  `car_pos_a` float NOT NULL DEFAULT '0',
  `hPatron` int(4) NOT NULL DEFAULT '0',
  `hDrugs` int(4) NOT NULL DEFAULT '0',
  `hMetall` int(4) NOT NULL DEFAULT '0',
  PRIMARY KEY (`hID`)
) ENGINE=InnoDB  DEFAULT CHARSET=utf8 AUTO_INCREMENT=5 ;

--
-- Дамп данных таблицы `houses`
--

INSERT INTO `houses` (`hID`, `hExitX`, `hExitY`, `hExitZ`, `hOwned`, `hOwner`, `hPrice`, `hType`, `hDays`, `hLock`, `car_pos_x`, `car_pos_y`, `car_pos_z`, `car_pos_a`, `hPatron`, `hDrugs`, `hMetall`) VALUES
(2, 1945.14, 1845.31, 15.4186, 0, 'None', 10000, 1, 3, 0, 1959.55, 1848.77, 15.1496, 179.869, 122, 12, 13),
(3, 1985.88, 1831.93, 16.111, 0, 'None', 1000000, 2, 3, 0, 1969.59, 1831.2, 15.1707, 2.157, 0, 0, 0),
(4, 1989.36, 1794.01, 15.7392, 0, 'None', 3000000, 2, 3, 0, 1968.85, 1796.49, 15.642, 359.002, 0, 0, 0);

-- --------------------------------------------------------

--
-- Структура таблицы `kvart`
--

CREATE TABLE IF NOT EXISTS `kvart` (
  `kvart_id` int(4) NOT NULL AUTO_INCREMENT,
  `kvart_days` int(2) NOT NULL DEFAULT '3',
  `kvart_type` int(2) NOT NULL DEFAULT '0',
  `kvart_pod_id` int(4) NOT NULL DEFAULT '0',
  `kvart_Owned` int(2) NOT NULL DEFAULT '0',
  `kvart_Owner` varchar(32) NOT NULL DEFAULT 'None',
  PRIMARY KEY (`kvart_id`)
) ENGINE=InnoDB  DEFAULT CHARSET=utf8 AUTO_INCREMENT=33 ;

--
-- Дамп данных таблицы `kvart`
--

INSERT INTO `kvart` (`kvart_id`, `kvart_days`, `kvart_type`, `kvart_pod_id`, `kvart_Owned`, `kvart_Owner`) VALUES
(1, 16, 0, 2, 1, 'Dydoser_Fallkow'),
(2, 3, 1, 2, 0, 'None'),
(3, 3, 2, 2, 0, 'None'),
(4, 3, 3, 2, 0, 'None'),
(5, 1, 4, 2, 1, 'Roma_Dobbikov'),
(6, 3, 5, 2, 0, 'None'),
(7, 3, 6, 2, 0, 'None'),
(8, 3, 7, 2, 0, 'None'),
(9, 3, 0, 3, 1, 'Markus_Kotov'),
(10, 3, 1, 3, 0, 'None'),
(11, 3, 2, 3, 0, 'None'),
(12, 3, 3, 3, 0, 'None'),
(13, 3, 4, 3, 0, 'None'),
(14, 3, 5, 3, 0, 'None'),
(15, 3, 6, 3, 0, 'None'),
(16, 3, 7, 3, 0, 'None'),
(17, 3, 0, 4, 0, 'None'),
(18, 3, 1, 4, 0, 'None'),
(19, 3, 2, 4, 0, 'None'),
(20, 3, 3, 4, 0, 'None'),
(21, 3, 4, 4, 0, 'None'),
(22, 3, 5, 4, 0, 'None'),
(23, 3, 6, 4, 0, 'None'),
(24, 3, 7, 4, 0, 'None'),
(25, 3, 0, 5, 0, 'None'),
(26, 3, 1, 5, 0, 'None'),
(27, 3, 2, 5, 0, 'None'),
(28, 3, 3, 5, 0, 'None'),
(29, 3, 4, 5, 0, 'None'),
(30, 3, 5, 5, 0, 'None'),
(31, 3, 6, 5, 0, 'None'),
(32, 3, 7, 5, 0, 'None');

-- --------------------------------------------------------

--
-- Структура таблицы `nakazania`
--

CREATE TABLE IF NOT EXISTS `nakazania` (
  `AdminName` varchar(24) NOT NULL,
  `Name` varchar(24) NOT NULL,
  `Date` varchar(24) NOT NULL,
  `Time` int(3) NOT NULL,
  `Reason` varchar(256) NOT NULL,
  `Type` varchar(24) NOT NULL
) ENGINE=InnoDB DEFAULT CHARSET=utf8mb4;

--
-- Дамп данных таблицы `nakazania`
--

INSERT INTO `nakazania` (`AdminName`, `Name`, `Date`, `Time`, `Reason`, `Type`) VALUES
('Eduard_Dobbikov', 'Otto_Otto', '2020/3/26 - 0:7:53', 1, '1', 'OffMute'),
('Eduard_Dobbikov', 'Eduard_Dobbikov', '2020/3/26 - 0:7:58', 1, '1', 'mute'),
('Eduard_Dobbikov', 'Otto_Otto', '2020/3/26 - 0:19:43', 1, '1', 'offjail'),
('Eduard_Dobbikov', 'Otto_Otto', '2020/3/26 - 0:21:55', 1, '1', 'OffMute'),
('Eduard_Dobbikov', 'Eduard_Dobbikov', '2020/3/26 - 2:22:57', 1, '1', 'mute'),
('Eduard_Dobbikov', 'Eduard_Dobbikov', '2020/3/26 - 2:25:39', 20, 'test', 'mute'),
('Eduard_Dobbikov', 'Eduard_Dobbikov', '2020/3/26 - 14:43:16', 2, '1', 'mute'),
('Markus_Kotov', 'Markus_Kotov', '2020/3/27 - 19:56:4', 1, 'тест', 'jail'),
('Eduard_Dobbikov', 'A_a', '2020/3/27 - 20:46:14', 1, '1', 'offjail'),
('Eduard_Dobbikov', 'A_a', '2020/3/28 -- 18:53:55', 1, 'Test', 'offban'),
('Eduard_Dobbikov', 'Otto_Otto', '2020/3/29 -- 14:47:22', 1, 'Test for UnBan', 'offban'),
('Eduard_Dobbikov', 'Otto_Otto', '2020/3/29 -- 14:49:14', 0, 'unban', 'unban'),
('Eduard_Dobbikov', 'A_a', '2020/3/30 -- 14:25:48', 7, '', 'warn'),
('Eduard_Dobbikov', 'Aleksei_Naumov', '2020/3/31 -- 11:49:26', 7, 'Тест', 'warn'),
('Eduard_Dobbikov', 'Aleksei_Naumov', '2020/3/31 -- 11:50:47', 0, 'unwarn', 'unwarn'),
('Aleksei_Naumov', 'Aleksei_Naumov', '2020/3/31 - 13:34:53', 100, '1', 'mute'),
('Aleksei_Naumov', 'Eduard_Dobbikov', '2020/3/31 -- 13:34:58', 0, 'unmute', 'unmute'),
('Eduard_Dobbikov', 'A_a', '2020/4/8 - 14:6:49', 1, 'тест', 'offjail'),
('Eduard_Dobbikov', 'Eduard_Dobbikov', '2020/4/11 - 13:28:13', 1, '1', 'jail'),
('Robert_Flin', 'Robert_Flin', '2020/4/14 - 23:42:37', 280, 'Тест', 'jail'),
('Robert_Flin', 'Robert_Flin', '2020/4/14 -- 23:42:49', 0, 'unjail', 'unjail'),
('Eduard_Dobbikov', 'Robert_Flin', '2020/4/14 - 23:43:4', 2, '2', 'jail'),
('Eduard_Dobbikov', 'Robert_Flin', '2020/4/14 -- 23:43:22', 0, 'unjail', 'unjail'),
('Eduard_Dobbikov', 'Robert_Flin', '2020/4/14 - 23:43:27', 2, '2', 'jail'),
('Eduard_Dobbikov', 'Eduard_Dobbikov', '2020/4/16 - 0:46:36', 1, 'DM', 'jail'),
('Eduard_Dobbikov', 'Eduard_Dobbikov', '2020/4/16 -- 0:47:20', 0, 'unjail', 'unjail'),
('Eduard_Dobbikov', 'Eduard_Dobbikov', '2020/4/16 - 0:47:38', 5, 'DM', 'jail'),
('Eduard_Dobbikov', 'Eduard_Dobbikov', '2020/4/16 - 0:53:19', 1, 'MG', 'mute'),
('Eduard_Dobbikov', 'Eduard_Dobbikov', '2020/4/16 - 0:54:36', 0, 'DM', 'jail'),
('Eduard_Dobbikov', 'Eduard_Dobbikov', '2020/4/16 - 12:16:10', 0, 'bh', 'sethp_0'),
('Eduard_Dobbikov', 'Eduard_Dobbikov', '2020/4/16 - 12:20:18', 1, 'DB', 'jail'),
('Eduard_Dobbikov', 'Eduard_Dobbikov', '2020/4/16 -- 12:20:49', 0, 'unjail', 'unjail'),
('Eduard_Dobbikov', 'Eduard_Dobbikov', '2020/4/16 - 12:20:52', 1, 'DB', 'jail'),
('Eduard_Dobbikov', 'Eduard_Dobbikov', '2020/4/16 -- 12:20:54', 0, 'unjail', 'unjail'),
('Eduard_Dobbikov', 'Eduard_Dobbikov', '2020/4/16 - 12:22:26', 1, 'MG', 'mute'),
('Eduard_Dobbikov', 'Eduard_Dobbikov', '2020/4/16 - 12:22:45', 0, 'DM', 'jail'),
('Eduard_Dobbikov', 'Eduard_Dobbikov', '2020/4/16 -- 12:23:22', 0, 'unjail', 'unjail'),
('Eduard_Dobbikov', 'Eduard_Dobbikov', '2020/4/16 - 12:23:27', 2, 'DM', 'jail'),
('Eduard_Dobbikov', 'Eduard_Dobbikov', '2020/4/16 -- 12:23:49', 0, 'unjail', 'unjail'),
('Eduard_Dobbikov', 'Eduard_Dobbikov', '2020/4/16 - 12:23:51', 1, 'DB', 'jail'),
('Eduard_Dobbikov', 'Eduard_Dobbikov', '2020/4/16 -- 12:23:56', 0, 'unjail', 'unjail'),
('Eduard_Dobbikov', 'Eduard_Dobbikov', '2020/4/16 - 12:24:0', 1, 'NonRP åçäà', 'jail'),
('Eduard_Dobbikov', 'Eduard_Dobbikov', '2020/4/16 -- 12:24:22', 0, 'unjail', 'unjail'),
('Eduard_Dobbikov', 'Eduard_Dobbikov', '2020/4/16 - 12:24:57', 1, 'ÅÏÏ', 'jail'),
('Eduard_Dobbikov', 'Eduard_Dobbikov', '2020/4/16 -- 12:25:3', 0, 'unjail', 'unjail'),
('Eduard_Dobbikov', 'Eduard_Dobbikov', '2020/4/16 - 12:25:15', 1, 'NonRP', 'jail'),
('Eduard_Dobbikov', 'Eduard_Dobbikov', '2020/4/16 -- 12:25:21', 0, 'unjail', 'unjail'),
('Eduard_Dobbikov', 'Eduard_Dobbikov', '2020/4/16 - 12:27:10', 2, 'DM', 'jail'),
('Eduard_Dobbikov', 'Eduard_Dobbikov', '2020/4/16 -- 12:27:15', 0, 'unjail', 'unjail'),
('Eduard_Dobbikov', 'Eduard_Dobbikov', '2020/4/16 - 12:27:20', 2, 'DB', 'jail'),
('Eduard_Dobbikov', 'Eduard_Dobbikov', '2020/4/16 -- 12:27:25', 0, 'unjail', 'unjail'),
('Eduard_Dobbikov', 'Eduard_Dobbikov', '2020/4/16 - 12:29:24', 2, 'DB', 'jail'),
('Eduard_Dobbikov', 'Eduard_Dobbikov', '2020/4/16 -- 12:29:28', 0, 'unjail', 'unjail'),
('Sam_Esmail', 'Sam_Esmail', '2020/4/16 - 18:37:21', 2, 'ЕПП', 'jail'),
('Sam_Esmail', 'Sam_Esmail', '2020/4/16 - 18:37:38', 2, 'MG', 'mute'),
('Sam_Esmail', 'Sam_Esmail', '2020/4/16 -- 18:37:43', 0, 'unjail', 'unjail'),
('Sam_Esmail', 'Sam_Esmail', '2020/4/16 -- 18:37:47', 0, 'unmute', 'unmute'),
('Sam_Esmail', 'Oleg_Dobbikov', '2020/4/16 -- 18:39:11', 30, 'Взлома', 'offban'),
('Sam_Esmail', 'Oleg_Dobbikov', '2020/4/16 -- 18:39:28', 0, 'unban', 'unban'),
('Eduard_Dobbikov', 'Oleg_Dobbikov', '2020/4/16 -- 22:6:19', 30, 'Потерян доступ', 'offban'),
('Eduard_Dobbikov', 'Markus_Kotov', '2020/4/20 - 17:22:32', 1, '1', 'offjail'),
('Eduard_Dobbikov', 'Lucas_Aubin', '2020/4/20 - 17:22:54', 2, 'DM', 'jail'),
('Eduard_Dobbikov', 'Lucas_Aubin', '2020/4/20 - 17:22:56', 2, 'MG', 'mute'),
('Eduard_Dobbikov', 'Lucas_Aubin', '2020/4/20 -- 17:23:44', 0, 'unjail', 'unjail'),
('Eduard_Dobbikov', 'Eduard_Dobbikov', '2020/4/21 - 23:21:41', 0, 'bh', 'sethp_0'),
('Eduard_Dobbikov', 'Eduard_Dobbikov', '2020/4/21 - 23:23:6', 0, 'bh', 'sethp_0'),
('Eduard_Dobbikov', 'Eduard_Dobbikov', '2020/4/21 - 23:26:40', 0, 'bh', 'sethp_0'),
('Eduard_Dobbikov', 'James_Dobbikov', '2020/4/22 -- 13:50:45', 30, 'Обман', 'offban'),
('Eduard_Dobbikov', 'Stanislav_Youtube', '2020/4/22 - 13:55:59', 1, 'Так нужно', 'offjail'),
('Eduard_Dobbikov', 'Stanislav_Youtube', '2020/4/22 - 13:56:20', 1, 'Так нужно', 'OffMute'),
('Eduard_Dobbikov', 'Vlad_Tolstyh', '2020/4/22 - 23:46:34', 2, 'ЕПП', 'jail'),
('Eduard_Dobbikov', 'Eduard_Dobbikov', '2020/4/23 -- 1:14:30', 0, 'unjail', 'unjail'),
('Eduard_Dobbikov', 'Eduard_Dobbikov', '2020/4/23 - 12:20:20', 2, 'MG', 'mute'),
('Eduard_Dobbikov', 'James_Dobbikov', '2020/4/23 -- 16:4:33', 0, 'unban', 'unban'),
('Eduard_Dobbikov', 'James_Dobbikov', '2020/4/23 -- 16:4:36', 365, 'Обман', 'offban'),
('Vlad_Tolstyh', 'Lucas_Aubin', '2020/4/24 - 22:32:30', 10, 'сука', 'mute'),
('Lucas_Aubin', 'Lucas_Aubin', '2020/4/24 -- 22:36:51', 0, 'unmute', 'unmute'),
('Lucas_Aubin', 'Lucas_Aubin', '2020/4/24 - 22:46:56', 1, 'Извините', 'mute'),
('Eduard_Dobbikov', 'Eduard_Dobbikov', '2020/4/25 - 19:35:7', 280, 'q', 'mute'),
('Eduard_Dobbikov', 'Eduard_Dobbikov', '2020/4/25 -- 19:35:47', 0, 'unmute', 'unmute'),
('Eduard_Dobbikov', 'Eduard_Dobbikov', '2020/4/25 - 19:35:51', 2, '1', 'mute'),
('Sam_Esmail', 'Sam_Esmail', '2020/4/27 - 12:24:58', 2, 'ЕПП', 'jail'),
('Sam_Esmail', 'Sam_Esmail', '2020/4/27 - 12:25:57', 40, '1', 'mute'),
('Sam_Esmail', 'Sam_Esmail', '2020/4/27 -- 12:26:3', 0, 'unmute', 'unmute'),
('Sam_Esmail', 'Sam_Esmail', '2020/4/27 - 12:26:8', 80, '1', 'mute'),
('Sam_Esmail', 'James_Dobbikov', '2020/4/27 -- 12:40:35', 0, 'unban', 'unban'),
('Sam_Esmail', 'Sam_Esmail', '2020/4/27 -- 13:12:34', 0, 'unmute', 'unmute'),
('Sam_Esmail', 'Sam_Esmail', '2020/4/27 - 13:12:39', 59, '1', 'mute'),
('Sam_Esmail', 'Sam_Esmail', '2020/4/27 -- 13:12:41', 0, 'unmute', 'unmute'),
('Sam_Esmail', 'Sam_Esmail', '2020/4/27 - 13:12:42', 59, '1', 'mute'),
('Sam_Esmail', 'Sam_Esmail', '2020/4/27 -- 13:12:48', 0, 'unmute', 'unmute'),
('Sam_Esmail', 'Sam_Esmail', '2020/4/27 - 13:12:52', 60, '1', 'mute'),
('Sam_Esmail', 'Sam_Esmail', '2020/4/27 -- 13:12:59', 0, 'unmute', 'unmute'),
('Sam_Esmail', 'Sam_Esmail', '2020/4/27 - 13:13:2', 61, '1', 'mute'),
('Sam_Esmail', 'Sam_Esmail', '2020/4/27 -- 13:14:15', 0, 'unmute', 'unmute'),
('Sam_Esmail', 'James_Dobbikov', '2020/4/27 - 13:14:42', 280, 'NonRP езда(грубая)', 'offjail'),
('Eduard_Dobbikov', 'James_Dobbikov', '2020/4/27 -- 14:5:41', 0, 'unjail', 'unjail'),
('Eduard_Dobbikov', 'James_Dobbikov', '2020/4/27 -- 14:7:9', 365, 'Cheats', 'offban'),
('Eduard_Dobbikov', 'Lucas_Aubin', '2020/4/27 -- 22:50:18', 0, 'unjail', 'unjail'),
('Elliot_Dobbikov', 'Elliot_Dobbikov', '2020/4/28 - 16:39:28', 280, 'СЛИВ!ц', 'jail'),
('Eduard_Dobbikov', 'Elliot_Dobbikov', '2020/4/28 -- 16:39:39', 0, 'unjail', 'unjail'),
('Eduard_Dobbikov', 'Elliot_Dobbikov', '2020/4/28 -- 16:40:19', 7, 'Багоюз', 'warn'),
('Eduard_Dobbikov', 'Elliot_Dobbikov', '2020/4/28 - 19:49:1', 2, 'MG', 'mute'),
('Eduard_Dobbikov', 'Elliot_Dobbikov', '2020/4/28 -- 19:50:26', 0, 'unmute', 'unmute'),
('Eduard_Dobbikov', 'Elliot_Dobbikov', '2020/4/28 - 19:54:53', 2, 'MG', 'mute'),
('Eduard_Dobbikov', 'Oleh_Dobbikov', '2020/4/29 - 16:31:20', 2, 'DM', 'jail'),
('Eduard_Dobbikov', 'Oleh_Dobbikov', '2020/4/29 -- 19:47:21', 7, 'Привет, это все тест!', 'warn'),
('Eduard_Dobbikov', 'Oleh_Dobbikov', '2020/4/29 -- 19:53:58', 0, 'unwarn', 'unwarn'),
('Oleh_Dobbikov', 'Eduard_Dobbikov', '2020/4/29 - 19:56:23', 2, 'DM', 'jail'),
('Oleh_Dobbikov', 'Eduard_Dobbikov', '2020/4/29 - 19:56:26', 2, 'MG', 'mute'),
('Oleh_Dobbikov', 'Egor_Dobbikov', '2020/4/29 - 22:16:39', 2, 'DM', 'jail'),
('Egor_Dobbikov', 'Egor_Dobbikov', '2020/4/29 -- 22:16:51', 0, 'unjail', 'unjail'),
('Oleh_Dobbikov', 'Egor_Dobbikov', '2020/4/29 - 22:17:4', 2, 'DM', 'jail'),
('Egor_Dobbikov', 'Egor_Dobbikov', '2020/4/29 -- 22:17:9', 0, 'unjail', 'unjail'),
('Oleh_Dobbikov', 'Eduard_Dobbikov', '2020/4/29 - 22:33:40', 2, 'DM', 'jail'),
('Oleh_Dobbikov', 'Eduard_Dobbikov', '2020/4/30 - 16:5:5', 2, 'ЕПП', 'jail'),
('Oleh_Dobbikov', 'Oleh_Dobbikov', '2020/4/30 - 16:8:23', 2, 'MG', 'mute'),
('Oleh_Dobbikov', 'Eduard_Dobbikov', '2020/4/30 - 16:8:33', 2, 'MG', 'mute'),
('Oleh_Dobbikov', 'Eduard_Dobbikov', '2020/4/30 - 16:9:7', 2, 'NonRP езда', 'jail'),
('Oleh_Dobbikov', 'Eduard_Dobbikov', '2020/4/30 - 16:10:51', 100, 'СAPS и мат в репорт.', 'mute'),
('Oleh_Dobbikov', 'Eduard_Dobbikov', '2020/4/30 - 16:20:28', 2, 'DM', 'jail'),
('Eduard_Dobbikov', 'Eduard_Dobbikov', '2020/4/30 -- 23:23:15', 0, 'unmute', 'unmute'),
('Oleh_Dobbikov', 'Eduard_Dobbikov', '2020/5/1 - 14:0:2', 2, 'DM', 'jail'),
('Eduard_Dobbikov', 'Eduard_Dobbikov', '2020/5/1 -- 14:2:25', 0, 'unjail', 'unjail'),
('Oleh_Dobbikov', 'Eduard_Dobbikov', '2020/5/1 - 14:22:30', 2, 'MG', 'mute'),
('Eduard_Dobbikov', 'Eduard_Dobbikov', '2020/5/1 -- 14:22:38', 0, 'unmute', 'unmute'),
('Oleh_Dobbikov', 'Eduard_Dobbikov', '2020/5/1 - 14:23:17', 2, 'MG', 'mute'),
('Eduard_Dobbikov', 'Eduard_Dobbikov', '2020/5/1 -- 14:23:25', 0, 'unmute', 'unmute'),
('Oleh_Dobbikov', 'Eduard_Dobbikov', '2020/5/1 - 14:42:5', 2, 'DM', 'jail'),
('Eduard_Dobbikov', 'Eduard_Dobbikov', '2020/5/2 - 23:10:6', 1, 'MG', 'mute'),
('Eduard_Dobbikov', 'Eduard_Dobbikov', '2020/5/2 -- 23:10:37', 0, 'unmute', 'unmute'),
('Eduard_Dobbikov', 'Eduard_Dobbikov', '2020/5/2 - 23:10:40', 1, 'MG', 'mute'),
('Eduard_Dobbikov', 'Eduard_Dobbikov', '2020/5/2 -- 23:10:57', 0, 'unmute', 'unmute'),
('Eduard_Dobbikov', 'Eduard_Dobbikov', '2020/5/2 - 23:11:0', 1, 'MG', 'mute'),
('Eduard_Dobbikov', 'Eduard_Dobbikov', '2020/5/2 - 23:14:54', 2, 'NonRP езда', 'jail'),
('Eduard_Dobbikov', 'Eduard_Dobbikov', '2020/5/2 -- 23:14:59', 0, 'unjail', 'unjail'),
('Eduard_Dobbikov', 'Lewis_Clifford', '2020/5/3 - 13:4:10', 20, 'ëîõ', 'offjail'),
('Lewis_Clifford', 'Lewis_Clifford', '2020/5/3 -- 13:5:42', 0, 'unjail', 'unjail'),
('Eduard_Dobbikov', 'Lewis_Clifford', '2020/5/3 - 13:9:11', 1, 'òåñò', 'offjail'),
('Eduard_Dobbikov', 'Oleh_Dobbikov', '2020/5/3 - 13:11:53', 2, 'ïðèâåò ýòî òåñò', 'offjail'),
('Eduard_Dobbikov', 'Markus_Kotov', '2020/5/3 - 13:33:40', 2, 'MG', 'mute'),
('Markus_Kotov', 'Markus_Kotov', '2020/5/3 -- 13:34:10', 0, 'unmute', 'unmute'),
('Eduard_Dobbikov', 'Markus_Kotov', '2020/5/3 - 14:1:34', 2, 'привет', 'offjail'),
('Markus_Kotov', 'Markus_Kotov', '2020/5/3 -- 14:3:50', 0, 'unjail', 'unjail'),
('Eduard_Dobbikov', 'Oleh_Dobbikov', '2020/5/3 -- 14:33:32', 0, 'unwarn', 'unwarn'),
('Eduard_Dobbikov', 'Oleh_Dobbikov', '2020/5/3 - 15:18:14', 2, 'DM', 'jail'),
('Eduard_Dobbikov', 'Eduard_Dobbikov', '2020/5/3 -- 16:25:57', 0, 'unjail', 'unjail'),
('Eduard_Dobbikov', 'Markus_Kotov', '2020/5/3 -- 17:2:46', 365, 'Баг', 'ban'),
('Eduard_Dobbikov', 'Markus_Kotov', '2020/5/3 - 17:7:12', 2, 'DM', 'jail'),
('Eduard_Dobbikov', 'Markus_Kotov', '2020/5/3 -- 17:7:21', 0, 'unjail', 'unjail'),
('Markus_Kotov', 'Roberto_Flores', '2020/5/3 -- 17:11:29', 365, 'ЧИТЕР', 'ban'),
('Markus_Kotov', 'Roberto_Flores ', '2020/5/3 -- 17:12:25', 0, 'unban', 'unban'),
('Eduard_Dobbikov', 'Ya_Pizda', '2020/5/3 -- 17:42:54', 365, 'ЛОХ1', 'offban'),
('Eduard_Dobbikov', 'Markus_Kotov', '2020/5/3 -- 17:51:35', 0, 'unban', 'unban'),
('Egor_Dobbikov', 'Egor_Dobbikov', '2020/5/5 - 9:7:22', 2, 'ЕПП', 'jail'),
('Egor_Dobbikov', 'Egor_Dobbikov', '2020/5/5 -- 9:8:4', 0, 'unjail', 'unjail'),
('Egor_Dobbikov', 'Egor_Dobbikov', '2020/5/5 - 9:8:10', 2, 'NonRP', 'jail'),
('Egor_Dobbikov', 'Egor_Dobbikov', '2020/5/5 -- 9:8:59', 0, 'unjail', 'unjail'),
('Egor_Dobbikov', 'Egor_Dobbikov', '2020/5/5 - 9:9:7', 2, 'NonRP езда', 'jail'),
('Egor_Dobbikov', 'Egor_Dobbikov', '2020/5/5 - 9:9:38', 2, 'MG', 'mute'),
('Egor_Dobbikov', 'Egor_Dobbikov', '2020/5/5 -- 9:10:30', 0, 'unjail', 'unjail'),
('Egor_Dobbikov', 'Egor_Dobbikov', '2020/5/5 -- 9:10:34', 0, 'unmute', 'unmute'),
('Egor_Dobbikov', 'Egor_Dobbikov', '2020/5/5 - 9:11:24', 2, 'MG', 'mute'),
('Egor_Dobbikov', 'Egor_Dobbikov', '2020/5/5 - 9:11:53', 2, 'DM', 'jail'),
('Egor_Dobbikov', 'Egor_Dobbikov', '2020/5/5 -- 9:12:58', 0, 'unjail', 'unjail'),
('Egor_Dobbikov', 'Egor_Dobbikov', '2020/5/5 -- 9:13:3', 0, 'unmute', 'unmute'),
('Egor_Dobbikov', 'Egor_Dobbikov', '2020/5/5 - 9:13:11', 0, 'bh', 'sethp_0'),
('Eduard_Dobbikov', 'Eduard_Dobbikov', '2020/5/5 - 13:2:2', 2, 'DM', 'jail'),
('Eduard_Dobbikov', 'Eduard_Dobbikov', '2020/5/5 -- 13:2:7', 0, 'unjail', 'unjail'),
('Eduard_Dobbikov', 'Eduard_Dobbikov', '2020/5/5 - 13:15:14', 2, 'DB', 'jail'),
('Eduard_Dobbikov', 'Eduard_Dobbikov', '2020/5/5 -- 13:15:18', 0, 'unjail', 'unjail'),
('Egor_Dobbikov', 'Egor_Dobbikov', '2020/5/5 - 13:15:36', 0, 'bh', 'sethp_0'),
('Eduard_Dobbikov', 'Egor_Dobbikov', '2020/5/5 - 13:25:55', 2, 'NonRP', 'jail'),
('Egor_Dobbikov', 'Egor_Dobbikov', '2020/5/5 - 13:28:8', 10, '1', 'jail'),
('Eduard_Dobbikov', 'Eduard_Dobbikov', '2020/5/5 - 13:30:22', 1, '1', 'jail'),
('Egor_Dobbikov', 'Egor_Dobbikov', '2020/5/5 - 13:30:36', 10, '1', 'jail'),
('Eduard_Dobbikov', 'Eduard_Dobbikov', '2020/5/5 - 13:32:1', 1, '1', 'jail'),
('Egor_Dobbikov', 'Egor_Dobbikov', '2020/5/5 - 13:32:2', 10, '1', 'jail'),
('Eduard_Dobbikov', 'Eduard_Dobbikov', '2020/5/5 - 13:43:22', 1, '1', 'jail'),
('Eduard_Dobbikov', 'Oleh_Dobbikov', '2020/5/8 - 21:41:8', 2, 'MG', 'mute'),
('Eduard_Dobbikov', 'Eduard_Dobbikov', '2020/5/8 - 21:43:56', 2, 'MG', 'mute'),
('Eduard_Dobbikov', 'Eduard_Dobbikov', '2020/5/8 -- 21:44:39', 0, 'unmute', 'unmute'),
('Eduard_Dobbikov', 'Oleh_Dobbikov', '2020/5/8 - 22:6:46', 2, 'DM', 'jail'),
('Eduard_Dobbikov', 'Oleh_Dobbikov', '2020/5/8 -- 22:6:57', 0, 'unjail', 'unjail'),
('Eduard_Dobbikov', 'Oleh_Dobbikov', '2020/5/8 - 22:8:11', 2, 'DM', 'offjail'),
('Eduard_Dobbikov', 'Oleh_Dobbikov', '2020/5/8 -- 22:8:41', 0, 'unjail', 'unjail'),
('Lewis_Clifford', 'Lewis_Clifford', '2020/5/16 -- 2:57:38', 0, 'unjail', 'unjail'),
('Eduard_Dobbikov', 'Egor_Dobbikov', '2020/5/18 - 2:6:9', 1, '1', 'offjail'),
('Egor_Dobbikov', 'Egor_Dobbikov', '2020/5/18 -- 11:32:52', 0, 'unjail', 'unjail'),
('Lewis_Clifford', 'Eduard_Dobbikov', '2020/5/21 - 23:40:17', 30, 'Хуй', 'offjail'),
('Eduard_Dobbikov', 'Eduard_Dobbikov', '2020/5/21 -- 23:41:28', 0, 'unjail', 'unjail'),
('Dydoser_Fallkow', 'Dydoser_Fallkow', '2020/5/22 - 18:58:0', 0, 'bh', 'sethp_0'),
('Eduard_Dobbikov', 'Oleg_Dobbikov', '2020/5/24 - 18:23:40', 280, 'Ушел с админки по с/ж.', 'offjail'),
('Dydoser_Fallkow', 'Dydoser_Fallkow', '2020/5/25 - 20:52:57', 2, 'NonRP', 'jail'),
('Eduard_Dobbikov', 'Dydoser_Fallkow', '2020/5/25 - 21:9:10', 2, 'MG', 'mute'),
('Dydoser_Fallkow', 'Dydoser_Fallkow', '2020/5/25 -- 21:9:18', 0, 'unmute', 'unmute'),
('Eduard_Dobbikov', 'Slava_Koptev', '2020/9/5 - 19:20:49', 1, '1', 'jail'),
('Eduard_Dobbikov', 'Slava_Koptev', '2020/9/5 -- 19:21:11', 0, 'unjail', 'unjail'),
('Roma_Dobbikov', 'Roma_Dobbikov', '2020/9/6 -- 12:36:41', 30, 'Ban', 'ban'),
('Roman_Dobbikov', 'Roma_Dobbikov', '2020/9/6 -- 13:25:13', 0, 'unban', 'unban'),
('Roman_Dobbikov', 'Roma_Dobbikov', '2020/9/6 -- 13:25:29', 365, 'Фейк', 'offban'),
('Roman_Dobbikov', 'Sam_Esmail', '2020/9/9 -- 17:56:7', 365, 'Ban', 'offban'),
('Roman_Dobbikov', 'Eduard_Dobbikov', '2020/9/9 -- 18:13:19', 365, 'Ëèøèé àêêàóíò', 'offban'),
('Roman_Dobbikov', 'Eduard_Dobbiikov', '2020/9/9 -- 18:13:24', 365, 'Ëèøèé àêêàóíò', 'offban'),
('Roman_Dobbikov', 'Roma_Dobbi', '2020/9/9 -- 18:13:31', 365, 'Ëèøèé àêêàóíò', 'offban'),
('Roman_Dobbikov', 'Slava_Koptev', '2020/9/9 -- 18:13:41', 365, 'Ëèøèé àêêàóíò', 'offban'),
('Roman_Dobbikov', 'Dydoser_Fallkow', '2020/9/9 -- 18:13:55', 365, 'Ëèøèé àêêàóíò', 'offban'),
('Roman_Dobbikov', 'Dydoser_Fallkow', '2020/9/9 -- 19:47:37', 0, 'unban', 'unban'),
('Roman_Dobbikov', 'Eduard_Dobbikov', '2020/9/9 -- 19:49:51', 0, 'unban', 'unban'),
('Roman_Dobbikov', 'Eduard_Dobbikov', '2020/9/9 -- 19:49:58', 1, '1', 'offban'),
('Roman_Dobbikov', 'Eduard_Dobbikov', '2020/9/9 -- 19:50:0', 0, 'unban', 'unban'),
('Roman_Dobbikov', 'Eduard_Dobbikov', '2020/9/9 -- 19:50:6', 1, 'Сука блять', 'offban'),
('Roman_Dobbikov', 'Eduard_Dobbikov', '2020/9/9 -- 19:50:13', 0, 'unban', 'unban'),
('Roman_Dobbikov', 'Eduard_Dobbikov', '2020/9/9 -- 19:50:16', 1, 'Сука блять', 'offban'),
('Roman_Dobbikov', 'Dydoser_Fallkow', '2020/9/10 - 19:32:14', 60, 'СУКА', 'jail'),
('Roman_Dobbikov', 'Dydoser_Fallkow', '2020/9/10 - 19:32:47', 2, 'MG', 'mute'),
('Dydoser_Fallkow', 'Dydoser_Fallkow', '2020/9/10 -- 19:32:54', 0, 'unmute', 'unmute'),
('Roman_Dobbikov', 'Dydoser_Fallkow', '2020/9/10 -- 19:33:3', 0, 'unjail', 'unjail'),
('Dydoser_Fallkow', 'Roman_Dobbikov', '2020/9/10 - 19:37:31', 2, 'MG', 'mute'),
('Roman_Dobbikov', 'Dydoser_Fallkow', '2020/9/10 - 20:2:52', 180, 'DM(Массовый)', 'jail'),
('Dydoser_Fallkow', 'Dydoser_Fallkow', '2020/9/10 -- 20:5:2', 0, 'unjail', 'unjail'),
('Egor_Dobbikov', 'Egor_Dobbikov', '2020/9/16 -- 17:55:52', 30, 'Áàí', 'ban');

-- --------------------------------------------------------

--
-- Структура таблицы `name_log`
--

CREATE TABLE IF NOT EXISTS `name_log` (
  `nID` int(11) NOT NULL AUTO_INCREMENT,
  `nOldName` varchar(26) NOT NULL,
  `nNewName` varchar(26) NOT NULL,
  `nDate` date NOT NULL,
  PRIMARY KEY (`nID`)
) ENGINE=InnoDB  DEFAULT CHARSET=utf8 AUTO_INCREMENT=10 ;

--
-- Дамп данных таблицы `name_log`
--

INSERT INTO `name_log` (`nID`, `nOldName`, `nNewName`, `nDate`) VALUES
(1, 'Lox_Ebala', 'Lox_Ebala', '0000-00-00'),
(2, 'Egor_Dobbikov', 'Egor_Dobbikov', '0000-00-00'),
(3, 'Oleh_Dobbikov', 'Oleh_Dobbikov', '0000-00-00'),
(4, 'Roma_Dobbi', 'Roma_Dobbi', '0000-00-00'),
(5, 'Roman_Dobbikov', 'Roma_Dobbikov', '0000-00-00'),
(6, 'Roma_Dobbikov', 'Roman_Dobbikov', '0000-00-00'),
(7, 'Roman_Dobbikov', 'Roma_Dobbikov', '0000-00-00'),
(8, 'Egor_Dobbikov', 'Egor_Dobbi', '0000-00-00'),
(9, 'Egor_Dobbi', 'Egor_Dobbikov', '0000-00-00');

-- --------------------------------------------------------

--
-- Структура таблицы `other`
--

CREATE TABLE IF NOT EXISTS `other` (
  `miner_zp` int(4) NOT NULL,
  `loader_zp` int(4) NOT NULL,
  `diver_zp` int(4) NOT NULL,
  `XDay` int(2) NOT NULL,
  `SpeedHack_AC` int(1) NOT NULL,
  `server_pass_status` int(1) NOT NULL,
  `server_pass` varchar(24) NOT NULL DEFAULT 'None',
  `dm` int(9) NOT NULL DEFAULT '1',
  `db` int(9) NOT NULL DEFAULT '1',
  `mg` int(9) NOT NULL DEFAULT '1',
  `epp` int(9) NOT NULL DEFAULT '1',
  `nonrp` int(9) NOT NULL DEFAULT '1',
  `drive` int(9) NOT NULL DEFAULT '1',
  `caps` int(3) NOT NULL DEFAULT '1',
  `flood` int(3) NOT NULL DEFAULT '1',
  `offtop` int(3) NOT NULL DEFAULT '1',
  `smiMoney` int(20) NOT NULL DEFAULT '0'
) ENGINE=InnoDB DEFAULT CHARSET=utf8mb4;

--
-- Дамп данных таблицы `other`
--

INSERT INTO `other` (`miner_zp`, `loader_zp`, `diver_zp`, `XDay`, `SpeedHack_AC`, `server_pass_status`, `server_pass`, `dm`, `db`, `mg`, `epp`, `nonrp`, `drive`, `caps`, `flood`, `offtop`, `smiMoney`) VALUES
(3, 50, 100, 1, 0, 1, 'unigva05', 2, 2, 2, 2, 2, 2, 2, 2, 2, 60);

-- --------------------------------------------------------

--
-- Структура таблицы `ownable_cars`
--

CREATE TABLE IF NOT EXISTS `ownable_cars` (
  `id` int(11) NOT NULL AUTO_INCREMENT,
  `owner_id` int(11) NOT NULL DEFAULT '0',
  `model_id` int(4) NOT NULL DEFAULT '400',
  `color` varchar(10) NOT NULL DEFAULT '0, 0',
  `number` varchar(32) NOT NULL DEFAULT 'None',
  `mileage` float NOT NULL DEFAULT '0',
  `lock` int(2) NOT NULL DEFAULT '0',
  `fuel` float NOT NULL DEFAULT '80',
  `health` float NOT NULL DEFAULT '1000',
  `weels` int(5) NOT NULL DEFAULT '0',
  `nitro` int(5) NOT NULL DEFAULT '0',
  `cost_car` int(9) NOT NULL DEFAULT '100',
  PRIMARY KEY (`id`)
) ENGINE=InnoDB  DEFAULT CHARSET=utf8 AUTO_INCREMENT=13 ;

--
-- Дамп данных таблицы `ownable_cars`
--

INSERT INTO `ownable_cars` (`id`, `owner_id`, `model_id`, `color`, `number`, `mileage`, `lock`, `fuel`, `health`, `weels`, `nitro`, `cost_car`) VALUES
(1, 1, 579, '0,0', 'DobbiKov', 5.40387, 0, 74, 968.713, 0, 1010, 6000000),
(2, 6, 506, '1, 0', 'None', 0, 0, 80, 1000, 0, 0, 6000000),
(6, 44, 401, '1,0', 'H534EG', 2.79631, 0, 29, 1000, 0, 0, 150000),
(8, 45, 436, '1,0', 'None', 0, 0, 80, 1000, 0, 0, 2500000),
(9, 48, 489, '0,0', 'Egor_Reylyanu_Lox', 8.65174, 0, 69, 997, 0, 0, 1300000),
(12, 49, 400, '1,1', 'None', 7.47558, 0, 70, 988.201, 0, 0, 1000000);

-- --------------------------------------------------------

--
-- Структура таблицы `podezd`
--

CREATE TABLE IF NOT EXISTS `podezd` (
  `pod_id` int(4) NOT NULL AUTO_INCREMENT,
  `pod_x` float NOT NULL DEFAULT '0',
  `pod_y` float NOT NULL DEFAULT '0',
  `pod_z` float NOT NULL DEFAULT '0',
  `a_car_pos_x` float NOT NULL DEFAULT '0',
  `a_car_pos_y` float NOT NULL DEFAULT '0',
  `a_car_pos_z` float NOT NULL DEFAULT '0',
  `a_car_pos_a` float NOT NULL DEFAULT '0',
  PRIMARY KEY (`pod_id`)
) ENGINE=InnoDB  DEFAULT CHARSET=utf8 AUTO_INCREMENT=5 ;

--
-- Дамп данных таблицы `podezd`
--

INSERT INTO `podezd` (`pod_id`, `pod_x`, `pod_y`, `pod_z`, `a_car_pos_x`, `a_car_pos_y`, `a_car_pos_z`, `a_car_pos_a`) VALUES
(2, 2128.25, 1860.09, 12.1697, 2124.17, 1854.71, 12.2165, 89.7724),
(3, 2128.25, 1841.51, 12.1697, 2124.08, 1836.35, 12.2121, 89.5963),
(4, 2128.25, 1822.9, 12.1697, 2123.54, 1817.86, 11.7112, 89.083);

-- --------------------------------------------------------

--
-- Структура таблицы `radars`
--

CREATE TABLE IF NOT EXISTS `radars` (
  `radar_id` int(11) NOT NULL AUTO_INCREMENT,
  `radar_set` varchar(32) NOT NULL DEFAULT 'Unigva RolePlay',
  `radar_type` int(2) NOT NULL DEFAULT '1',
  `radar_speed` int(3) NOT NULL DEFAULT '60',
  `radar_x` float NOT NULL,
  `radar_y` float NOT NULL,
  `radar_z` float NOT NULL,
  `radar_a` float NOT NULL,
  PRIMARY KEY (`radar_id`)
) ENGINE=InnoDB  DEFAULT CHARSET=utf8 AUTO_INCREMENT=5 ;

--
-- Дамп данных таблицы `radars`
--

INSERT INTO `radars` (`radar_id`, `radar_set`, `radar_type`, `radar_speed`, `radar_x`, `radar_y`, `radar_z`, `radar_a`) VALUES
(2, 'Eduard_Dobbikov', 2, 60, 1972.67, 1898.3, 14.49, -176.7),
(3, 'Eduard_Dobbikov', 2, 60, 2757.23, -1382.47, 22.3077, 177.8),
(4, 'Eduard_Dobbikov', 2, 60, 2736.75, -1383.26, 22.1959, 0);

-- --------------------------------------------------------

--
-- Структура таблицы `referals`
--

CREATE TABLE IF NOT EXISTS `referals` (
  `login` varchar(24) NOT NULL,
  `login_invited` varchar(24) NOT NULL
) ENGINE=InnoDB DEFAULT CHARSET=utf8mb4;

--
-- Дамп данных таблицы `referals`
--

INSERT INTO `referals` (`login`, `login_invited`) VALUES
('Eduard_Dobbikov', 'Otto_Ototot');

-- --------------------------------------------------------

--
-- Структура таблицы `repositories`
--

CREATE TABLE IF NOT EXISTS `repositories` (
  `army_met` int(11) NOT NULL DEFAULT '0',
  `army_patr` int(11) NOT NULL DEFAULT '0',
  `OPG_O_METALL` int(11) NOT NULL DEFAULT '0',
  `OPG_O_PATRON` int(11) NOT NULL DEFAULT '0',
  `OPG_O_DRUGS` int(11) NOT NULL DEFAULT '0',
  `OPG_O_STATUS` int(2) NOT NULL DEFAULT '0',
  `OPG_S_METALL` int(11) NOT NULL DEFAULT '0',
  `OPG_S_PATRON` int(11) NOT NULL DEFAULT '0',
  `OPG_S_DRUGS` int(11) NOT NULL DEFAULT '0',
  `OPG_S_STATUS` int(2) NOT NULL DEFAULT '0',
  `OPG_O_MONEY` int(11) NOT NULL DEFAULT '0',
  `OPG_S_MONEY` int(11) NOT NULL DEFAULT '0',
  `ALL_NARKO` int(11) NOT NULL
) ENGINE=InnoDB DEFAULT CHARSET=utf8mb4;

--
-- Дамп данных таблицы `repositories`
--

INSERT INTO `repositories` (`army_met`, `army_patr`, `OPG_O_METALL`, `OPG_O_PATRON`, `OPG_O_DRUGS`, `OPG_O_STATUS`, `OPG_S_METALL`, `OPG_S_PATRON`, `OPG_S_DRUGS`, `OPG_S_STATUS`, `OPG_O_MONEY`, `OPG_S_MONEY`, `ALL_NARKO`) VALUES
(3238, 155, 0, 0, 0, 0, 0, 1, 0, 1, 0, 600, 98931);

-- --------------------------------------------------------

--
-- Структура таблицы `toilets`
--

CREATE TABLE IF NOT EXISTS `toilets` (
  `tID` int(11) NOT NULL AUTO_INCREMENT,
  `tEnterX` float NOT NULL,
  `tEnterY` float NOT NULL,
  `tEnterZ` float NOT NULL,
  PRIMARY KEY (`tID`)
) ENGINE=InnoDB  DEFAULT CHARSET=utf8 AUTO_INCREMENT=18 ;

--
-- Дамп данных таблицы `toilets`
--

INSERT INTO `toilets` (`tID`, `tEnterX`, `tEnterY`, `tEnterZ`) VALUES
(1, 1840.18, 2511.91, 15.6639),
(2, 1840.95, 2510.7, 15.6639),
(3, 1841.72, 2509.56, 15.6639),
(4, 1899.24, 1701.68, 15.8325),
(5, 1899.24, 1703.14, 15.8325),
(6, 1779.56, 2245.96, 15.7828),
(7, 1778.03, 2245.95, 15.8113),
(8, 1776.54, 2245.95, 15.8389),
(9, 2013.45, 1953.54, 15.51),
(10, 2015.04, 1953.54, 15.51),
(11, 2016.62, 1953.54, 15.51),
(12, 2339.42, 2024.9, 15.99),
(13, 2340.89, 2025.15, 15.99),
(14, 2342.24, 2025.38, 15.99),
(15, 2812.04, -1386.53, 2.91506),
(16, 2086.75, 1796.31, 12.09),
(17, 2086.76, 1794.94, 12.09);

-- --------------------------------------------------------

--
-- Структура таблицы `unwarn`
--

CREATE TABLE IF NOT EXISTS `unwarn` (
  `UnWarnDate` int(50) NOT NULL,
  `Nick` varchar(32) NOT NULL
) ENGINE=InnoDB DEFAULT CHARSET=utf8mb4;

--
-- Дамп данных таблицы `unwarn`
--

INSERT INTO `unwarn` (`UnWarnDate`, `Nick`) VALUES
(1588689899, 'Elliot_Dobbikov');

/*!40101 SET CHARACTER_SET_CLIENT=@OLD_CHARACTER_SET_CLIENT */;
/*!40101 SET CHARACTER_SET_RESULTS=@OLD_CHARACTER_SET_RESULTS */;
/*!40101 SET COLLATION_CONNECTION=@OLD_COLLATION_CONNECTION */;
